"ì˙éû","â∑ìx","éºìx","ïΩãœïóå¸","ç≈ëÂïóå¸","ç≈è¨ïóå¸","ïΩãœïóë¨","ç≈ëÂïóë¨","ç≈è¨ïóë¨","ãCà≥","âJó ã≠ìx","êœéZâJó ","ç~Ëπã≠ìx","ç~ËπêœéZ"
"2026/09/02 00:01:00","24.0","88.1","302","330","282","1.2","1.6","0.6","1004.8","0.0","0.00","0.0","0.0"
"2026/09/02 00:02:00","24.0","88.1","305","336","272","1.5","2.2","0.7","1004.8","0.0","0.00","0.0","0.0"
"2026/09/02 00:03:00","24.0","87.9","326","355","293","1.6","2.0","1.3","1004.8","0.0","0.00","0.0","0.0"
"2026/09/02 00:04:00","24.0","87.9","317","339","285","1.5","2.1","0.6","1004.8","0.0","0.00","0.0","0.0"
"2026/09/02 00:05:00","24.0","87.8","299","331","239","1.4","2.0","0.5","1004.8","0.0","0.00","0.0","0.0"
"2026/09/02 00:06:00","24.0","87.6","317","327","307","1.8","2.3","1.2","1004.8","0.0","0.00","0.0","0.0"
"2026/09/02 00:07:00","24.0","87.6","316","344","276","1.3","2.1","0.7","1004.8","0.0","0.00","0.0","0.0"
"2026/09/02 00:08:00","24.0","87.5","303","330","213","1.5","2.3","0.2","1004.8","0.0","0.00","0.0","0.0"
"2026/09/02 00:09:00","24.0","87.2","321","334","289","1.7","2.1","0.9","1004.8","0.0","0.00","0.0","0.0"
"2026/09/02 00:10:00","24.0","87.3","311","328","288","1.9","2.3","1.4","1004.8","0.0","0.00","0.0","0.0"
"2026/09/02 00:11:00","24.0","87.2","323","329","314","1.8","2.1","1.5","1004.8","0.0","0.00","0.0","0.0"
"2026/09/02 00:12:00","24.0","87.1","324","340","309","1.6","1.9","1.3","1004.8","0.0","0.00","0.0","0.0"
"2026/09/02 00:13:00","24.1","87.2","288","337","229","1.2","1.8","0.6","1004.8","0.0","0.00","0.0","0.0"
"2026/09/02 00:14:00","24.1","87.2","310","337","282","1.2","1.7","0.6","1004.8","0.0","0.00","0.0","0.0"
"2026/09/02 00:15:00","24.1","87.3","311","344","263","1.0","1.5","0.6","1004.8","0.0","0.00","0.0","0.0"
"2026/09/02 00:16:00","24.1","87.3","313","344","252","1.1","1.8","0.4","1004.8","0.0","0.00","0.0","0.0"
"2026/09/02 00:17:00","24.1","87.3","317","104","177","0.4","1.0","0.0","1004.7","0.0","0.00","0.0","0.0"
"2026/09/02 00:18:00","24.1","87.4","313","053","259","0.6","1.8","0.1","1004.7","0.0","0.00","0.0","0.0"
"2026/09/02 00:19:00","24.1","87.3","321","331","304","1.6","2.0","1.3","1004.7","0.0","0.00","0.0","0.0"
"2026/09/02 00:20:00","24.1","87.3","304","332","221","1.4","2.1","0.5","1004.7","0.0","0.00","0.0","0.0"
"2026/09/02 00:21:00","24.1","87.3","318","326","300","1.6","2.1","1.2","1004.7","0.0","0.00","0.0","0.0"
"2026/09/02 00:22:00","24.1","87.3","314","341","295","1.5","2.3","0.9","1004.6","0.0","0.00","0.0","0.0"
"2026/09/02 00:23:00","24.1","87.4","306","335","281","1.3","1.9","0.8","1004.6","0.0","0.00","0.0","0.0"
"2026/09/02 00:24:00","24.1","87.5","308","329","283","1.4","2.0","0.7","1004.6","0.0","0.00","0.0","0.0"
"2026/09/02 00:25:00","24.1","87.6","302","323","259","1.2","1.7","0.6","1004.7","0.0","0.00","0.0","0.0"
"2026/09/02 00:26:00","24.2","87.6","298","333","256","1.1","1.7","0.4","1004.7","0.0","0.00","0.0","0.0"
"2026/09/02 00:27:00","24.2","87.7","302","333","250","1.0","1.5","0.5","1004.7","0.0","0.00","0.0","0.0"
"2026/09/02 00:28:00","24.2","87.7","304","323","278","1.1","1.5","0.6","1004.7","0.0","0.00","0.0","0.0"
"2026/09/02 00:29:00","24.2","87.7","271","342","203","0.5","0.9","0.1","1004.7","0.0","0.00","0.0","0.0"
"2026/09/02 00:30:00","24.2","87.8","285","311","223","1.0","1.8","0.2","1004.6","0.0","0.00","0.0","0.0"
"2026/09/02 00:31:00","24.2","87.8","313","336","292","1.3","1.8","0.8","1004.6","0.0","0.00","0.0","0.0"
"2026/09/02 00:32:00","24.2","87.9","350","009","312","1.5","2.2","1.0","1004.6","0.0","0.00","0.0","0.0"
"2026/09/02 00:33:00","24.2","87.9","011","028","352","1.4","1.7","1.0","1004.6","0.0","0.00","0.0","0.0"
"2026/09/02 00:34:00","24.2","87.9","348","043","323","1.2","1.7","0.8","1004.6","0.0","0.00","0.0","0.0"
"2026/09/02 00:35:00","24.2","87.8","334","009","276","0.7","1.3","0.2","1004.5","0.0","0.00","0.0","0.0"
"2026/09/02 00:36:00","24.2","87.9","300","011","246","0.6","1.3","0.1","1004.5","0.0","0.00","0.0","0.0"
"2026/09/02 00:37:00","24.2","88.0","288","325","249","0.8","1.1","0.2","1004.5","0.0","0.00","0.0","0.0"
"2026/09/02 00:38:00","24.2","88.1","306","009","220","0.6","1.4","0.1","1004.5","0.0","0.00","0.0","0.0"
"2026/09/02 00:39:00","24.2","88.1","000","092","298","0.7","1.6","0.0","1004.5","0.0","0.00","0.0","0.0"
"2026/09/02 00:40:00","24.2","88.2","051","102","358","0.4","0.8","0.1","1004.5","0.0","0.00","0.0","0.0"
"2026/09/02 00:41:00","24.3","88.3","032","082","354","0.6","0.9","0.1","1004.4","0.0","0.00","0.0","0.0"
"2026/09/02 00:42:00","24.2","88.3","054","078","016","0.7","1.6","0.2","1004.4","0.0","0.00","0.0","0.0"
"2026/09/02 00:43:00","24.2","88.2","057","070","039","1.4","1.7","1.1","1004.4","0.0","0.00","0.0","0.0"
"2026/09/02 00:44:00","24.2","88.3","049","068","029","1.5","2.0","1.0","1004.4","0.0","0.00","0.0","0.0"
"2026/09/02 00:45:00","24.2","88.4","038","062","010","1.1","1.6","0.7","1004.4","0.0","0.00","0.0","0.0"
"2026/09/02 00:46:00","24.2","88.4","035","081","014","1.1","1.4","0.7","1004.4","0.0","0.00","0.0","0.0"
"2026/09/02 00:47:00","24.2","88.4","033","107","352","0.9","1.5","0.3","1004.4","0.0","0.00","0.0","0.0"
"2026/09/02 00:48:00","24.2","88.4","023","046","352","1.1","1.8","0.3","1004.4","0.0","0.00","0.0","0.0"
"2026/09/02 00:49:00","24.2","88.5","042","127","288","0.5","1.1","0.1","1004.4","0.0","0.00","0.0","0.0"
"2026/09/02 00:50:00","24.2","88.4","038","085","017","1.1","1.5","0.5","1004.4","0.0","0.00","0.0","0.0"
"2026/09/02 00:51:00","24.1","88.3","031","061","010","1.0","1.5","0.6","1004.4","0.0","0.00","0.0","0.0"
"2026/09/02 00:52:00","24.1","88.3","020","079","318","0.7","1.1","0.2","1004.3","0.0","0.00","0.0","0.0"
"2026/09/02 00:53:00","24.1","88.3","028","062","356","0.9","1.3","0.3","1004.3","0.0","0.00","0.0","0.0"
"2026/09/02 00:54:00","24.1","88.3","043","091","019","1.0","1.6","0.5","1004.3","0.0","0.00","0.0","0.0"
"2026/09/02 00:55:00","24.1","88.3","036","113","011","0.9","1.5","0.1","1004.3","0.0","0.00","0.0","0.0"
"2026/09/02 00:56:00","24.1","88.3","048","105","011","0.8","1.3","0.2","1004.3","0.0","0.00","0.0","0.0"
"2026/09/02 00:57:00","24.1","88.3","044","061","026","0.9","1.4","0.5","1004.3","0.0","0.00","0.0","0.0"
"2026/09/02 00:58:00","24.1","88.4","060","120","359","0.4","0.8","0.1","1004.3","0.0","0.00","0.0","0.0"
"2026/09/02 00:59:00","24.1","88.4","351","031","294","0.7","1.4","0.0","1004.3","0.0","0.00","0.0","0.0"
"2026/09/02 01:00:00","24.1","88.4","338","098","226","0.6","1.3","0.0","1004.3","0.0","0.00","0.0","0.0"
"2026/09/02 01:01:00","24.1","88.5","329","014","253","0.6","1.3","0.1","1004.3","0.0","0.00","0.0","0.0"
"2026/09/02 01:02:00","24.1","88.4","350","026","300","0.5","0.9","0.1","1004.3","0.0","0.00","0.0","0.0"
"2026/09/02 01:03:00","24.1","88.5","344","033","278","0.4","0.8","0.1","1004.3","0.0","0.00","0.0","0.0"
"2026/09/02 01:04:00","24.1","88.6","310","009","266","0.3","0.6","0.1","1004.3","0.0","0.00","0.0","0.0"
"2026/09/02 01:05:00","24.1","88.6","006","067","295","0.1","0.3","0.0","1004.3","0.0","0.00","0.0","0.0"
"2026/09/02 01:06:00","24.1","88.5","012","086","332","0.1","0.3","0.0","1004.3","0.0","0.00","0.0","0.0"
"2026/09/02 01:07:00","24.1","88.5","088","118","031","0.1","0.2","0.0","1004.3","0.0","0.00","0.0","0.0"
"2026/09/02 01:08:00","24.0","88.5","172","232","089","0.1","0.2","0.0","1004.3","0.0","0.00","0.0","0.0"
"2026/09/02 01:09:00","24.0","88.5","233","275","159","0.1","0.3","0.0","1004.2","0.0","0.00","0.0","0.0"
"2026/09/02 01:10:00","24.0","88.5","157","231","090","0.2","0.3","0.0","1004.2","0.0","0.00","0.0","0.0"
"2026/09/02 01:11:00","24.0","88.5","085","148","062","0.3","0.4","0.1","1004.2","0.0","0.00","0.0","0.0"
"2026/09/02 01:12:00","24.0","88.5","077","106","057","0.4","0.6","0.2","1004.2","0.0","0.00","0.0","0.0"
"2026/09/02 01:13:00","24.0","88.6","060","114","010","0.5","0.9","0.1","1004.2","0.0","0.00","0.0","0.0"
"2026/09/02 01:14:00","24.0","88.6","040","078","346","0.9","1.5","0.3","1004.2","0.0","0.00","0.0","0.0"
"2026/09/02 01:15:00","24.1","88.7","088","124","053","0.8","1.1","0.4","1004.2","0.0","0.00","0.0","0.0"
"2026/09/02 01:16:00","24.1","88.7","037","106","305","0.8","1.4","0.2","1004.2","0.0","0.00","0.0","0.0"
"2026/09/02 01:17:00","24.1","88.6","031","055","351","1.0","1.5","0.5","1004.2","0.0","0.00","0.0","0.0"
"2026/09/02 01:18:00","24.1","88.6","016","071","263","1.0","1.5","0.3","1004.2","0.0","0.00","0.0","0.0"
"2026/09/02 01:19:00","24.1","88.6","033","147","002","0.8","1.3","0.1","1004.2","0.0","0.00","0.0","0.0"
"2026/09/02 01:20:00","24.1","88.6","037","068","346","0.9","1.3","0.3","1004.2","0.0","0.00","0.0","0.0"
"2026/09/02 01:21:00","24.1","88.6","017","086","265","0.6","1.3","0.1","1004.2","0.0","0.00","0.0","0.0"
"2026/09/02 01:22:00","24.0","88.6","004","040","346","0.7","1.1","0.2","1004.2","0.0","0.00","0.0","0.0"
"2026/09/02 01:23:00","24.1","88.7","345","075","306","0.6","1.3","0.2","1004.2","0.0","0.00","0.0","0.0"
"2026/09/02 01:24:00","24.1","88.7","041","183","299","1.0","1.6","0.1","1004.2","0.0","0.00","0.0","0.0"
"2026/09/02 01:25:00","24.0","88.6","034","060","015","1.3","1.7","0.9","1004.2","0.0","0.00","0.0","0.0"
"2026/09/02 01:26:00","24.0","88.6","039","058","020","1.2","1.6","0.6","1004.2","0.0","0.00","0.0","0.0"
"2026/09/02 01:27:00","24.0","88.5","047","075","023","1.1","1.4","0.6","1004.2","0.0","0.00","0.0","0.0"
"2026/09/02 01:28:00","24.0","88.5","035","047","023","1.1","1.4","0.7","1004.2","0.0","0.00","0.0","0.0"
"2026/09/02 01:29:00","24.0","88.5","043","060","021","1.1","1.4","0.7","1004.2","0.0","0.00","0.0","0.0"
"2026/09/02 01:30:00","24.0","88.6","053","085","032","0.9","1.4","0.3","1004.2","0.0","0.00","0.0","0.0"
"2026/09/02 01:31:00","24.0","88.6","047","061","027","1.0","1.4","0.6","1004.2","0.0","0.00","0.0","0.0"
"2026/09/02 01:32:00","24.0","88.6","050","075","034","1.1","1.4","0.8","1004.2","0.0","0.00","0.0","0.0"
"2026/09/02 01:33:00","24.0","88.6","051","077","020","1.0","1.4","0.6","1004.2","0.0","0.00","0.0","0.0"
"2026/09/02 01:34:00","24.0","88.6","049","066","033","1.1","1.3","0.8","1004.2","0.0","0.00","0.0","0.0"
"2026/09/02 01:35:00","24.0","88.6","033","054","359","1.1","1.6","0.6","1004.2","0.0","0.00","0.0","0.0"
"2026/09/02 01:36:00","24.0","88.6","037","071","007","1.2","1.8","0.8","1004.1","0.0","0.00","0.0","0.0"
"2026/09/02 01:37:00","24.0","88.5","039","092","350","0.9","1.4","0.3","1004.1","0.0","0.00","0.0","0.0"
"2026/09/02 01:38:00","24.0","88.5","031","061","356","1.3","1.9","0.6","1004.1","0.0","0.00","0.0","0.0"
"2026/09/02 01:39:00","24.0","88.5","037","084","351","1.2","2.1","0.6","1004.1","0.0","0.00","0.0","0.0"
"2026/09/02 01:40:00","24.0","88.4","026","041","336","1.6","2.2","0.5","1004.1","0.0","0.00","0.0","0.0"
"2026/09/02 01:41:00","24.0","88.4","024","067","354","1.4","2.2","0.7","1004.1","0.0","0.00","0.0","0.0"
"2026/09/02 01:42:00","24.0","88.4","033","057","015","1.3","1.7","0.4","1004.1","0.0","0.00","0.0","0.0"
"2026/09/02 01:43:00","24.0","88.4","028","064","358","1.2","1.6","0.7","1004.1","0.0","0.00","0.0","0.0"
"2026/09/02 01:44:00","24.0","88.3","014","063","344","1.1","1.5","0.4","1004.1","0.0","0.00","0.0","0.0"
"2026/09/02 01:45:00","24.0","88.3","013","039","359","1.1","1.6","0.4","1004.1","0.0","0.00","0.0","0.0"
"2026/09/02 01:46:00","24.0","88.4","019","039","333","1.2","1.7","0.2","1004.1","0.0","0.00","0.0","0.0"
"2026/09/02 01:47:00","24.0","88.3","031","072","352","1.3","1.8","0.6","1004.1","0.0","0.00","0.0","0.0"
"2026/09/02 01:48:00","24.0","88.3","042","068","024","1.3","2.2","0.8","1004.1","0.0","0.00","0.0","0.0"
"2026/09/02 01:49:00","24.0","88.2","009","051","306","1.4","1.9","0.6","1004.1","0.0","0.00","0.0","0.0"
"2026/09/02 01:50:00","24.0","88.2","013","050","354","1.3","1.9","0.4","1004.1","0.0","0.00","0.0","0.0"
"2026/09/02 01:51:00","24.0","88.1","020","034","358","1.3","1.8","1.0","1004.1","0.0","0.00","0.0","0.0"
"2026/09/02 01:52:00","24.0","88.1","038","081","358","0.6","1.2","0.1","1004.1","0.0","0.00","0.0","0.0"
"2026/09/02 01:53:00","24.0","88.1","029","082","315","0.6","1.2","0.1","1004.1","0.0","0.00","0.0","0.0"
"2026/09/02 01:54:00","24.0","88.1","057","086","007","0.6","1.1","0.3","1004.1","0.0","0.00","0.0","0.0"
"2026/09/02 01:55:00","24.0","88.2","006","117","292","0.4","0.9","0.1","1004.1","0.0","0.00","0.0","0.0"
"2026/09/02 01:56:00","24.0","88.2","334","027","283","0.7","1.4","0.2","1004.1","0.0","0.00","0.0","0.0"
"2026/09/02 01:57:00","24.0","88.2","010","143","340","0.8","1.2","0.2","1004.1","0.0","0.00","0.0","0.0"
"2026/09/02 01:58:00","24.0","88.2","062","149","287","0.7","1.1","0.1","1004.1","0.0","0.00","0.0","0.0"
"2026/09/02 01:59:00","24.0","88.1","075","094","049","0.8","1.1","0.5","1004.1","0.0","0.00","0.0","0.0"
"2026/09/02 02:00:00","24.0","88.1","062","079","035","0.8","1.1","0.6","1004.1","0.0","0.00","0.0","0.0"
"2026/09/02 02:01:00","24.0","88.0","065","096","330","0.6","1.0","0.1","1004.1","0.0","0.00","0.0","0.0"
"2026/09/02 02:02:00","24.0","88.1","342","142","220","0.4","0.8","0.1","1004.1","0.0","0.00","0.0","0.0"
"2026/09/02 02:03:00","24.0","88.1","287","335","185","0.5","1.0","0.1","1004.1","0.0","0.00","0.0","0.0"
"2026/09/02 02:04:00","24.0","88.1","335","010","308","0.9","1.3","0.6","1004.1","0.0","0.00","0.0","0.0"
"2026/09/02 02:05:00","24.0","88.0","005","030","321","0.9","1.2","0.6","1004.1","0.0","0.00","0.0","0.0"
"2026/09/02 02:06:00","24.0","88.0","033","068","003","0.7","0.9","0.4","1004.1","0.0","0.00","0.0","0.0"
"2026/09/02 02:07:00","24.0","88.0","039","108","359","0.6","1.2","0.1","1004.1","0.0","0.00","0.0","0.0"
"2026/09/02 02:08:00","24.0","87.9","032","066","357","0.8","1.4","0.5","1004.1","0.0","0.00","0.0","0.0"
"2026/09/02 02:09:00","24.0","87.9","023","063","351","0.7","1.1","0.4","1004.1","0.0","0.00","0.0","0.0"
"2026/09/02 02:10:00","24.0","87.9","013","063","311","0.6","1.1","0.2","1004.1","0.0","0.00","0.0","0.0"
"2026/09/02 02:11:00","24.0","87.8","042","082","296","0.8","1.3","0.1","1004.1","0.0","0.00","0.0","0.0"
"2026/09/02 02:12:00","24.0","87.8","004","185","240","0.8","1.6","0.0","1004.1","0.0","0.00","0.0","0.0"
"2026/09/02 02:13:00","24.0","87.6","016","041","343","1.3","2.1","0.4","1004.1","0.0","0.00","0.0","0.0"
"2026/09/02 02:14:00","24.0","87.5","001","016","327","1.6","2.1","0.8","1004.1","0.0","0.00","0.0","0.0"
"2026/09/02 02:15:00","24.0","87.5","334","018","273","1.0","1.6","0.4","1004.1","0.0","0.00","0.0","0.0"
"2026/09/02 02:16:00","24.0","87.3","355","016","336","1.0","1.4","0.6","1004.1","0.0","0.00","0.0","0.0"
"2026/09/02 02:17:00","24.0","87.3","000","078","219","0.9","1.7","0.2","1004.1","0.0","0.00","0.0","0.0"
"2026/09/02 02:18:00","24.0","87.3","010","048","332","1.4","2.1","0.6","1004.1","0.0","0.00","0.0","0.0"
"2026/09/02 02:19:00","24.0","87.2","008","036","344","1.5","2.0","0.8","1004.1","0.0","0.00","0.0","0.0"
"2026/09/02 02:20:00","24.0","87.3","000","019","322","1.2","2.0","0.6","1004.1","0.0","0.00","0.0","0.0"
"2026/09/02 02:21:00","24.0","87.3","019","073","345","0.7","1.2","0.5","1004.1","0.0","0.00","0.0","0.0"
"2026/09/02 02:22:00","24.0","87.0","050","072","034","1.6","2.2","0.5","1004.1","0.0","0.00","0.0","0.0"
"2026/09/02 02:23:00","24.0","87.0","050","065","024","1.8","2.3","1.2","1004.1","0.0","0.00","0.0","0.0"
"2026/09/02 02:24:00","24.0","86.9","044","059","029","1.7","2.1","1.3","1004.1","0.0","0.00","0.0","0.0"
"2026/09/02 02:25:00","24.0","86.9","042","076","021","1.5","1.9","0.9","1004.1","0.0","0.00","0.0","0.0"
"2026/09/02 02:26:00","24.0","86.8","043","171","012","1.3","1.9","0.5","1004.1","0.0","0.00","0.0","0.0"
"2026/09/02 02:27:00","24.0","86.8","027","096","334","0.7","1.4","0.3","1004.1","0.0","0.00","0.0","0.0"
"2026/09/02 02:28:00","24.0","86.9","025","128","250","0.5","1.2","0.0","1004.1","0.0","0.00","0.0","0.0"
"2026/09/02 02:29:00","24.0","86.9","033","046","014","1.5","1.9","1.0","1004.1","0.0","0.00","0.0","0.0"
"2026/09/02 02:30:00","24.0","86.9","044","076","024","1.3","1.9","0.8","1004.1","0.0","0.00","0.0","0.0"
"2026/09/02 02:31:00","24.0","86.9","043","081","013","1.1","1.7","0.3","1004.1","0.0","0.00","0.0","0.0"
"2026/09/02 02:32:00","24.0","86.8","053","067","039","1.2","1.8","0.8","1004.1","0.0","0.00","0.0","0.0"
"2026/09/02 02:33:00","24.0","86.7","035","051","026","1.6","2.1","1.0","1004.1","0.0","0.00","0.0","0.0"
"2026/09/02 02:34:00","24.0","86.8","037","084","001","0.9","1.4","0.3","1004.1","0.0","0.00","0.0","0.0"
"2026/09/02 02:35:00","24.0","86.8","011","048","334","0.5","0.8","0.2","1004.1","0.0","0.00","0.0","0.0"
"2026/09/02 02:36:00","24.0","86.9","320","067","191","0.4","1.2","0.1","1004.1","0.0","0.00","0.0","0.0"
"2026/09/02 02:37:00","24.0","86.9","001","024","331","0.9","1.2","0.5","1004.1","0.0","0.00","0.0","0.0"
"2026/09/02 02:38:00","24.0","86.9","018","069","335","0.6","1.0","0.2","1004.1","0.0","0.00","0.0","0.0"
"2026/09/02 02:39:00","24.0","87.0","026","091","335","0.6","1.0","0.3","1004.1","0.0","0.00","0.0","0.0"
"2026/09/02 02:40:00","24.0","87.1","048","127","329","0.6","1.1","0.2","1004.1","0.0","0.00","0.0","0.0"
"2026/09/02 02:41:00","24.0","87.2","083","163","025","0.4","0.8","0.1","1004.1","0.0","0.00","0.0","0.0"
"2026/09/02 02:42:00","24.0","87.2","016","041","339","0.9","1.4","0.4","1004.1","0.0","0.00","0.0","0.0"
"2026/09/02 02:43:00","24.0","87.2","028","080","344","0.9","1.5","0.4","1004.1","0.0","0.00","0.0","0.0"
"2026/09/02 02:44:00","24.0","87.3","047","100","337","0.7","1.4","0.1","1004.1","0.0","0.00","0.0","0.0"
"2026/09/02 02:45:00","24.0","87.3","032","073","356","0.9","1.3","0.3","1004.1","0.0","0.00","0.0","0.0"
"2026/09/02 02:46:00","24.0","87.3","038","115","005","0.9","1.4","0.3","1004.1","0.0","0.00","0.0","0.0"
"2026/09/02 02:47:00","24.0","87.3","052","197","282","0.7","1.2","0.0","1004.1","0.0","0.00","0.0","0.0"
"2026/09/02 02:48:00","24.0","87.3","081","131","007","0.8","1.5","0.1","1004.1","0.0","0.00","0.0","0.0"
"2026/09/02 02:49:00","24.0","87.2","074","090","046","1.1","1.4","0.6","1004.0","0.3","0.01","0.0","0.0"
"2026/09/02 02:50:00","24.0","87.2","083","104","068","1.2","1.5","0.9","1004.0","0.3","0.01","0.0","0.0"
"2026/09/02 02:51:00","24.0","87.2","089","157","066","0.9","1.3","0.5","1004.0","0.0","0.01","0.0","0.0"
"2026/09/02 02:52:00","24.0","87.2","109","138","073","1.0","1.8","0.4","1004.0","0.0","0.01","0.0","0.0"
"2026/09/02 02:53:00","24.0","87.1","112","127","091","1.2","1.6","0.8","1004.0","0.0","0.01","0.0","0.0"
"2026/09/02 02:54:00","24.0","87.2","117","189","082","0.8","1.2","0.1","1004.0","0.0","0.01","0.0","0.0"
"2026/09/02 02:55:00","24.0","87.3","132","186","101","0.9","1.3","0.4","1004.0","0.0","0.01","0.0","0.0"
"2026/09/02 02:56:00","24.1","87.4","156","224","122","1.2","1.7","0.3","1004.0","0.0","0.01","0.0","0.0"
"2026/09/02 02:57:00","24.1","87.4","141","223","118","1.1","1.5","0.3","1004.0","0.0","0.01","0.0","0.0"
"2026/09/02 02:58:00","24.1","87.5","156","189","136","1.3","2.0","0.6","1003.9","0.0","0.01","0.0","0.0"
"2026/09/02 02:59:00","24.1","87.5","139","176","104","1.1","1.7","0.4","1003.9","2.1","0.05","0.0","0.0"
"2026/09/02 03:00:00","24.1","87.6","158","190","134","1.2","1.7","0.8","1003.9","7.5","0.17","0.0","0.0"
"2026/09/02 03:01:00","24.0","87.7","150","195","132","1.4","1.8","0.6","1003.9","4.7","0.25","0.0","0.0"
"2026/09/02 03:02:00","24.0","87.8","150","187","126","1.2","1.7","0.6","1003.9","1.8","0.28","0.0","0.0"
"2026/09/02 03:03:00","24.0","87.8","162","206","137","1.3","2.0","0.8","1003.9","2.1","0.32","0.0","0.0"
"2026/09/02 03:04:00","23.9","87.7","133","156","112","1.0","1.5","0.5","1003.9","3.6","0.38","0.0","0.0"
"2026/09/02 03:05:00","23.9","87.8","165","211","110","0.8","1.3","0.2","1003.9","1.1","0.40","0.0","0.0"
"2026/09/02 03:06:00","23.9","87.9","120","243","098","1.3","1.8","0.2","1003.9","0.2","0.40","0.0","0.0"
"2026/09/02 03:07:00","23.9","88.0","133","191","056","1.1","1.8","0.6","1003.9","0.0","0.40","0.0","0.0"
"2026/09/02 03:08:00","23.9","88.1","162","215","117","1.0","1.7","0.6","1003.9","0.0","0.40","0.0","0.0"
"2026/09/02 03:09:00","23.9","88.3","165","187","145","1.3","1.7","0.8","1003.9","1.3","0.43","0.0","0.0"
"2026/09/02 03:10:00","23.8","88.4","161","197","141","1.2","1.5","0.3","1003.9","4.3","0.50","0.0","0.0"
"2026/09/02 03:11:00","23.8","88.5","170","191","150","0.9","1.2","0.4","1003.8","3.4","0.56","0.0","0.0"
"2026/09/02 03:12:00","23.8","88.6","148","182","108","0.8","1.2","0.4","1003.8","1.5","0.58","0.0","0.0"
"2026/09/02 03:13:00","23.8","88.7","148","216","084","0.4","0.9","0.1","1003.8","0.1","0.58","0.0","0.0"
"2026/09/02 03:14:00","23.8","88.8","135","208","088","0.8","1.2","0.1","1003.8","0.0","0.58","0.0","0.0"
"2026/09/02 03:15:00","23.7","88.7","133","155","108","1.0","1.5","0.5","1003.8","0.0","0.58","0.0","0.0"
"2026/09/02 03:16:00","23.7","88.7","134","187","038","0.5","0.9","0.2","1003.8","0.0","0.58","0.0","0.0"
"2026/09/02 03:17:00","23.6","88.7","114","145","078","0.5","0.8","0.2","1003.8","0.0","0.58","0.0","0.0"
"2026/09/02 03:18:00","23.6","88.6","153","198","114","0.3","0.6","0.2","1003.8","0.0","0.58","0.0","0.0"
"2026/09/02 03:19:00","23.6","88.6","197","273","147","0.2","0.5","0.0","1003.8","0.2","0.59","0.0","0.0"
"2026/09/02 03:20:00","23.6","88.8","212","245","161","0.5","0.7","0.2","1003.8","0.0","0.59","0.0","0.0"
"2026/09/02 03:21:00","23.6","88.8","208","281","176","0.3","0.5","0.1","1003.8","0.0","0.59","0.0","0.0"
"2026/09/02 03:22:00","23.6","88.9","223","272","195","0.2","0.3","0.0","1003.8","0.0","0.59","0.0","0.0"
"2026/09/02 03:23:00","23.6","88.9","200","268","155","0.2","0.3","0.0","1003.8","0.0","0.59","0.0","0.0"
"2026/09/02 03:24:00","23.6","89.0","219","309","089","0.2","0.4","0.0","1003.8","0.0","0.59","0.0","0.0"
"2026/09/02 03:25:00","23.6","89.1","204","276","089","0.1","0.3","0.0","1003.8","0.0","0.59","0.0","0.0"
"2026/09/02 03:26:00","23.6","89.1","273","016","101","0.3","0.7","0.0","1003.8","0.0","0.59","0.0","0.0"
"2026/09/02 03:27:00","23.6","89.2","301","069","132","0.2","0.5","0.0","1003.8","0.0","0.59","0.0","0.0"
"2026/09/02 03:28:00","23.6","89.2","350","089","273","0.1","0.3","0.0","1003.8","0.0","0.59","0.0","0.0"
"2026/09/02 03:29:00","23.6","89.3","338","071","272","0.2","0.5","0.0","1003.8","0.0","0.59","0.0","0.0"
"2026/09/02 03:30:00","23.6","89.3","022","134","324","0.2","0.5","0.0","1003.8","0.0","0.59","0.0","0.0"
"2026/09/02 03:31:00","23.6","89.4","034","221","265","0.2","0.5","0.0","1003.8","0.0","0.59","0.0","0.0"
"2026/09/02 03:32:00","23.6","89.3","349","061","292","0.4","0.6","0.0","1003.7","0.0","0.59","0.0","0.0"
"2026/09/02 03:33:00","23.6","89.3","334","013","296","0.2","0.5","0.0","1003.7","0.0","0.59","0.0","0.0"
"2026/09/02 03:34:00","23.6","89.3","332","013","310","0.2","0.3","0.0","1003.7","0.0","0.59","0.0","0.0"
"2026/09/02 03:35:00","23.6","89.3","019","090","298","0.1","0.3","0.0","1003.7","0.0","0.59","0.0","0.0"
"2026/09/02 03:36:00","23.6","89.3","266","006","185","0.1","0.4","0.0","1003.7","0.1","0.59","0.0","0.0"
"2026/09/02 03:37:00","23.6","89.3","004","061","274","0.1","0.5","0.0","1003.7","0.0","0.59","0.0","0.0"
"2026/09/02 03:38:00","23.6","89.3","059","084","041","0.4","0.7","0.2","1003.7","0.0","0.59","0.0","0.0"
"2026/09/02 03:39:00","23.6","89.3","070","084","048","0.7","0.8","0.5","1003.7","0.0","0.59","0.0","0.0"
"2026/09/02 03:40:00","23.5","89.3","097","142","062","0.4","0.7","0.2","1003.7","0.0","0.59","0.0","0.0"
"2026/09/02 03:41:00","23.5","89.3","116","301","328","0.2","0.5","0.0","1003.7","0.0","0.59","0.0","0.0"
"2026/09/02 03:42:00","23.5","89.3","044","117","000","0.5","0.9","0.2","1003.7","0.0","0.59","0.0","0.0"
"2026/09/02 03:43:00","23.5","89.2","090","112","062","0.8","1.1","0.4","1003.7","0.0","0.59","0.0","0.0"
"2026/09/02 03:44:00","23.5","89.2","085","104","064","0.7","1.1","0.4","1003.7","0.0","0.59","0.0","0.0"
"2026/09/02 03:45:00","23.5","89.2","067","080","051","0.9","1.2","0.6","1003.7","0.0","0.59","0.0","0.0"
"2026/09/02 03:46:00","23.5","89.2","060","083","045","0.8","1.2","0.6","1003.7","0.0","0.59","0.0","0.0"
"2026/09/02 03:47:00","23.5","89.1","071","086","050","0.8","1.0","0.6","1003.7","0.0","0.59","0.0","0.0"
"2026/09/02 03:48:00","23.5","89.1","077","113","044","0.7","1.1","0.3","1003.7","0.0","0.59","0.0","0.0"
"2026/09/02 03:49:00","23.6","89.1","080","099","053","0.7","1.0","0.4","1003.7","0.0","0.59","0.0","0.0"
"2026/09/02 03:50:00","23.6","89.1","078","096","065","0.7","0.9","0.5","1003.7","0.0","0.59","0.0","0.0"
"2026/09/02 03:51:00","23.6","89.0","105","146","078","0.7","1.0","0.3","1003.7","0.0","0.59","0.0","0.0"
"2026/09/02 03:52:00","23.6","89.1","088","105","072","0.8","1.2","0.5","1003.7","0.0","0.59","0.0","0.0"
"2026/09/02 03:53:00","23.6","89.1","103","142","092","1.0","1.3","0.6","1003.7","0.0","0.59","0.0","0.0"
"2026/09/02 03:54:00","23.6","89.1","102","125","081","1.0","1.4","0.7","1003.7","0.0","0.59","0.0","0.0"
"2026/09/02 03:55:00","23.6","89.1","104","117","090","1.2","1.5","0.7","1003.7","0.0","0.59","0.0","0.0"
"2026/09/02 03:56:00","23.6","89.1","093","159","003","0.7","1.1","0.1","1003.7","0.0","0.59","0.0","0.0"
"2026/09/02 03:57:00","23.7","89.1","089","167","022","0.5","1.0","0.1","1003.7","0.0","0.59","0.0","0.0"
"2026/09/02 03:58:00","23.7","89.2","127","202","039","0.8","1.2","0.1","1003.7","0.0","0.59","0.0","0.0"
"2026/09/02 03:59:00","23.7","89.2","129","173","105","1.0","1.6","0.4","1003.7","0.0","0.59","0.0","0.0"
"2026/09/02 04:00:00","23.7","89.1","101","122","089","1.2","1.7","0.8","1003.7","0.0","0.59","0.0","0.0"
"2026/09/02 04:01:00","23.7","89.1","106","121","091","1.2","1.9","0.7","1003.7","0.0","0.59","0.0","0.0"
"2026/09/02 04:02:00","23.7","89.0","101","116","081","1.2","1.6","0.7","1003.7","0.0","0.59","0.0","0.0"
"2026/09/02 04:03:00","23.7","89.0","092","133","357","0.9","1.5","0.0","1003.7","0.0","0.59","0.0","0.0"
"2026/09/02 04:04:00","23.7","88.9","143","170","116","0.8","1.1","0.4","1003.7","0.0","0.59","0.0","0.0"
"2026/09/02 04:05:00","23.7","88.9","116","204","074","0.6","0.9","0.2","1003.7","0.0","0.59","0.0","0.0"
"2026/09/02 04:06:00","23.7","88.9","087","125","064","0.5","0.8","0.2","1003.7","0.0","0.59","0.0","0.0"
"2026/09/02 04:07:00","23.7","88.9","066","103","354","0.4","0.8","0.0","1003.7","0.0","0.59","0.0","0.0"
"2026/09/02 04:08:00","23.7","88.9","143","241","300","0.3","0.9","0.0","1003.7","0.0","0.59","0.0","0.0"
"2026/09/02 04:09:00","23.7","88.9","162","228","133","0.5","0.8","0.2","1003.7","0.0","0.59","0.0","0.0"
"2026/09/02 04:10:00","23.7","88.8","177","192","141","0.4","0.6","0.2","1003.7","0.0","0.59","0.0","0.0"
"2026/09/02 04:11:00","23.7","88.8","215","251","162","0.2","0.5","0.0","1003.7","0.0","0.59","0.0","0.0"
"2026/09/02 04:12:00","23.7","88.8","299","012","222","0.2","0.4","0.0","1003.7","0.0","0.59","0.0","0.0"
"2026/09/02 04:13:00","23.7","88.9","328","000","273","0.2","0.4","0.0","1003.7","0.0","0.59","0.0","0.0"
"2026/09/02 04:14:00","23.7","88.9","000","136","227","0.1","0.3","0.0","1003.7","0.0","0.59","0.0","0.0"
"2026/09/02 04:15:00","23.7","88.9","122","151","090","0.3","0.6","0.1","1003.7","0.0","0.59","0.0","0.0"
"2026/09/02 04:16:00","23.7","88.9","103","122","080","0.5","0.7","0.2","1003.7","0.0","0.59","0.0","0.0"
"2026/09/02 04:17:00","23.7","88.9","118","138","094","0.3","0.5","0.1","1003.7","0.0","0.59","0.0","0.0"
"2026/09/02 04:18:00","23.7","88.9","121","150","005","0.2","0.3","0.0","1003.7","0.0","0.59","0.0","0.0"
"2026/09/02 04:19:00","23.7","88.9","181","239","092","0.1","0.2","0.0","1003.7","0.0","0.59","0.0","0.0"
"2026/09/02 04:20:00","23.7","88.9","197","019","051","0.1","0.3","0.0","1003.7","0.0","0.59","0.0","0.0"
"2026/09/02 04:21:00","23.7","88.9","077","164","036","0.2","0.4","0.0","1003.7","0.0","0.59","0.0","0.0"
"2026/09/02 04:22:00","23.7","88.9","108","173","066","0.2","0.4","0.0","1003.7","0.0","0.59","0.0","0.0"
"2026/09/02 04:23:00","23.7","89.0","080","135","358","0.1","0.3","0.0","1003.7","0.0","0.59","0.0","0.0"
"2026/09/02 04:24:00","23.7","89.0","051","106","020","0.2","0.4","0.0","1003.7","0.0","0.59","0.0","0.0"
"2026/09/02 04:25:00","23.7","89.0","055","094","349","0.2","0.4","0.0","1003.7","0.0","0.59","0.0","0.0"
"2026/09/02 04:26:00","23.7","89.0","050","098","351","0.2","0.4","0.1","1003.7","0.0","0.59","0.0","0.0"
"2026/09/02 04:27:00","23.7","89.0","077","102","019","0.3","0.6","0.1","1003.7","0.0","0.59","0.0","0.0"
"2026/09/02 04:28:00","23.7","89.1","060","107","348","0.5","0.9","0.1","1003.7","0.0","0.59","0.0","0.0"
"2026/09/02 04:29:00","23.7","89.0","082","122","051","0.5","0.7","0.3","1003.7","0.0","0.59","0.0","0.0"
"2026/09/02 04:30:00","23.7","89.0","099","151","054","0.4","0.7","0.2","1003.7","0.0","0.59","0.0","0.0"
"2026/09/02 04:31:00","23.7","89.0","125","156","104","0.3","0.6","0.1","1003.7","0.0","0.59","0.0","0.0"
"2026/09/02 04:32:00","23.7","89.0","097","145","062","0.3","0.4","0.1","1003.7","0.0","0.59","0.0","0.0"
"2026/09/02 04:33:00","23.7","88.9","106","140","067","0.3","0.6","0.1","1003.7","0.0","0.59","0.0","0.0"
"2026/09/02 04:34:00","23.7","88.9","092","128","073","0.3","0.5","0.2","1003.6","0.0","0.59","0.0","0.0"
"2026/09/02 04:35:00","23.7","88.9","099","134","070","0.6","0.9","0.2","1003.6","0.0","0.59","0.0","0.0"
"2026/09/02 04:36:00","23.7","88.8","087","122","028","0.5","0.7","0.3","1003.6","0.0","0.59","0.0","0.0"
"2026/09/02 04:37:00","23.7","88.8","098","125","075","0.5","0.8","0.3","1003.6","0.0","0.59","0.0","0.0"
"2026/09/02 04:38:00","23.7","88.8","076","115","042","0.4","0.7","0.1","1003.6","0.0","0.59","0.0","0.0"
"2026/09/02 04:39:00","23.7","88.8","050","085","035","0.5","0.8","0.2","1003.6","0.0","0.59","0.0","0.0"
"2026/09/02 04:40:00","23.7","88.7","088","109","076","0.7","0.8","0.5","1003.6","0.0","0.59","0.0","0.0"
"2026/09/02 04:41:00","23.7","88.6","099","131","052","0.6","0.8","0.2","1003.6","0.0","0.59","0.0","0.0"
"2026/09/02 04:42:00","23.7","88.6","086","108","049","0.8","1.1","0.4","1003.6","0.0","0.59","0.0","0.0"
"2026/09/02 04:43:00","23.7","88.5","089","114","061","0.6","0.9","0.4","1003.6","0.0","0.59","0.0","0.0"
"2026/09/02 04:44:00","23.8","88.5","100","137","058","0.4","0.6","0.2","1003.6","0.0","0.59","0.0","0.0"
"2026/09/02 04:45:00","23.8","88.5","123","186","053","0.2","0.6","0.0","1003.6","0.0","0.59","0.0","0.0"
"2026/09/02 04:46:00","23.8","88.5","120","181","061","0.4","0.8","0.1","1003.6","0.0","0.59","0.0","0.0"
"2026/09/02 04:47:00","23.8","88.4","100","108","094","0.6","0.8","0.4","1003.6","0.0","0.59","0.0","0.0"
"2026/09/02 04:48:00","23.8","88.4","104","114","094","0.6","0.8","0.4","1003.6","0.0","0.59","0.0","0.0"
"2026/09/02 04:49:00","23.8","88.4","116","134","099","0.4","0.6","0.3","1003.6","0.0","0.59","0.0","0.0"
"2026/09/02 04:50:00","23.8","88.4","146","200","091","0.4","0.6","0.1","1003.6","0.0","0.59","0.0","0.0"
"2026/09/02 04:51:00","23.8","88.4","204","259","106","0.2","0.5","0.1","1003.6","0.0","0.59","0.0","0.0"
"2026/09/02 04:52:00","23.8","88.4","229","337","188","0.2","0.5","0.0","1003.6","0.0","0.59","0.0","0.0"
"2026/09/02 04:53:00","23.8","88.5","204","232","189","0.2","0.4","0.1","1003.6","0.0","0.59","0.0","0.0"
"2026/09/02 04:54:00","23.8","88.5","213","261","171","0.3","0.5","0.1","1003.6","0.0","0.59","0.0","0.0"
"2026/09/02 04:55:00","23.8","88.6","244","292","182","0.3","0.6","0.2","1003.6","0.0","0.59","0.0","0.0"
"2026/09/02 04:56:00","23.8","88.6","253","283","226","0.4","0.6","0.1","1003.6","0.0","0.59","0.0","0.0"
"2026/09/02 04:57:00","23.8","88.6","273","335","229","0.3","0.6","0.1","1003.6","0.0","0.59","0.0","0.0"
"2026/09/02 04:58:00","23.8","88.7","259","304","209","0.4","0.6","0.2","1003.6","0.0","0.59","0.0","0.0"
"2026/09/02 04:59:00","23.8","88.7","273","324","234","0.5","0.9","0.2","1003.6","0.0","0.59","0.0","0.0"
"2026/09/02 05:00:00","23.8","88.7","269","301","256","0.6","0.8","0.3","1003.7","0.0","0.59","0.0","0.0"
"2026/09/02 05:01:00","23.8","88.7","279","320","256","0.5","0.7","0.3","1003.7","0.0","0.59","0.0","0.0"
"2026/09/02 05:02:00","23.8","88.7","264","300","248","0.5","0.7","0.3","1003.7","0.0","0.59","0.0","0.0"
"2026/09/02 05:03:00","23.8","88.8","256","291","224","0.5","0.8","0.3","1003.7","0.0","0.59","0.0","0.0"
"2026/09/02 05:04:00","23.8","88.8","236","265","221","0.6","0.8","0.4","1003.7","0.0","0.59","0.0","0.0"
"2026/09/02 05:05:00","23.8","88.8","249","322","201","0.5","0.7","0.2","1003.7","0.0","0.59","0.0","0.0"
"2026/09/02 05:06:00","23.8","88.8","269","320","207","0.5","0.9","0.2","1003.7","0.0","0.59","0.0","0.0"
"2026/09/02 05:07:00","23.8","88.9","247","294","202","0.5","0.9","0.2","1003.6","0.0","0.59","0.0","0.0"
"2026/09/02 05:08:00","23.9","89.0","297","022","145","0.3","0.7","0.0","1003.7","0.0","0.59","0.0","0.0"
"2026/09/02 05:09:00","23.9","89.0","288","054","172","0.6","1.4","0.2","1003.6","0.0","0.59","0.0","0.0"
"2026/09/02 05:10:00","23.9","89.1","291","020","191","0.5","1.1","0.1","1003.6","0.0","0.59","0.0","0.0"
"2026/09/02 05:11:00","23.9","89.1","242","340","191","1.1","1.8","0.1","1003.6","0.0","0.59","0.0","0.0"
"2026/09/02 05:12:00","23.9","89.2","264","328","170","0.8","1.8","0.1","1003.7","0.0","0.59","0.0","0.0"
"2026/09/02 05:13:00","23.9","89.2","280","030","212","0.9","2.0","0.0","1003.7","0.0","0.59","0.0","0.0"
"2026/09/02 05:14:00","23.9","89.2","277","020","145","1.1","2.1","0.1","1003.7","0.0","0.59","0.0","0.0"
"2026/09/02 05:15:00","23.8","89.2","272","347","194","0.9","2.2","0.1","1003.7","0.0","0.59","0.0","0.0"
"2026/09/02 05:16:00","23.8","89.2","251","342","204","0.8","1.6","0.2","1003.7","0.0","0.59","0.0","0.0"
"2026/09/02 05:17:00","23.8","89.2","262","298","187","1.2","2.0","0.3","1003.7","0.0","0.59","0.0","0.0"
"2026/09/02 05:18:00","23.8","89.3","279","045","157","0.6","1.5","0.1","1003.7","0.0","0.59","0.0","0.0"
"2026/09/02 05:19:00","23.8","89.3","268","096","136","0.3","0.6","0.1","1003.7","0.0","0.59","0.0","0.0"
"2026/09/02 05:20:00","23.8","89.3","227","284","133","0.6","1.1","0.1","1003.6","0.0","0.59","0.0","0.0"
"2026/09/02 05:21:00","23.8","89.3","257","318","211","0.6","1.0","0.1","1003.6","0.0","0.59","0.0","0.0"
"2026/09/02 05:22:00","23.8","89.3","264","013","178","0.3","0.7","0.0","1003.6","0.0","0.59","0.0","0.0"
"2026/09/02 05:23:00","23.8","89.3","288","317","255","0.8","1.3","0.2","1003.6","0.0","0.59","0.0","0.0"
"2026/09/02 05:24:00","23.8","89.3","227","312","194","0.6","1.0","0.1","1003.6","0.0","0.59","0.0","0.0"
"2026/09/02 05:25:00","23.8","89.3","231","262","194","0.5","0.9","0.3","1003.6","0.0","0.59","0.0","0.0"
"2026/09/02 05:26:00","23.8","89.3","238","269","207","0.6","0.9","0.2","1003.6","0.0","0.59","0.0","0.0"
"2026/09/02 05:27:00","23.8","89.3","247","317","226","0.9","1.4","0.5","1003.6","0.0","0.59","0.0","0.0"
"2026/09/02 05:28:00","23.7","89.3","261","311","179","1.0","2.0","0.1","1003.6","0.0","0.59","0.0","0.0"
"2026/09/02 05:29:00","23.7","89.3","260","353","178","1.0","2.1","0.1","1003.6","0.0","0.59","0.0","0.0"
"2026/09/02 05:30:00","23.7","89.3","260","325","200","1.1","2.1","0.3","1003.6","0.0","0.59","0.0","0.0"
"2026/09/02 05:31:00","23.7","89.3","264","316","214","1.2","2.3","0.1","1003.6","0.0","0.59","0.0","0.0"
"2026/09/02 05:32:00","23.7","89.3","264","321","170","1.0","2.0","0.1","1003.6","0.0","0.59","0.0","0.0"
"2026/09/02 05:33:00","23.7","89.3","243","323","102","0.9","2.6","0.1","1003.6","0.0","0.59","0.0","0.0"
"2026/09/02 05:34:00","23.7","89.3","270","025","189","1.0","2.3","0.2","1003.6","0.0","0.59","0.0","0.0"
"2026/09/02 05:35:00","23.7","89.3","248","346","167","0.8","1.4","0.1","1003.6","0.0","0.59","0.0","0.0"
"2026/09/02 05:36:00","23.7","89.3","264","027","181","1.0","1.8","0.2","1003.6","0.0","0.59","0.0","0.0"
"2026/09/02 05:37:00","23.7","89.3","267","304","206","1.3","3.1","0.2","1003.5","0.0","0.59","0.0","0.0"
"2026/09/02 05:38:00","23.7","89.3","246","315","170","0.7","1.3","0.1","1003.5","0.0","0.59","0.0","0.0"
"2026/09/02 05:39:00","23.7","89.3","273","064","165","0.6","1.5","0.0","1003.5","0.0","0.59","0.0","0.0"
"2026/09/02 05:40:00","23.7","89.4","267","320","184","0.7","1.3","0.2","1003.5","0.0","0.59","0.0","0.0"
"2026/09/02 05:41:00","23.7","89.4","291","322","264","1.2","1.8","0.6","1003.5","0.0","0.59","0.0","0.0"
"2026/09/02 05:42:00","23.7","89.4","299","327","274","1.5","1.9","0.9","1003.5","0.0","0.59","0.0","0.0"
"2026/09/02 05:43:00","23.7","89.4","316","341","298","1.0","1.4","0.6","1003.5","0.0","0.59","0.0","0.0"
"2026/09/02 05:44:00","23.7","89.4","305","330","253","1.3","1.7","0.9","1003.5","0.0","0.59","0.0","0.0"
"2026/09/02 05:45:00","23.7","89.5","328","353","281","1.0","1.7","0.4","1003.5","0.0","0.59","0.0","0.0"
"2026/09/02 05:46:00","23.7","89.5","333","009","292","1.1","1.6","0.5","1003.5","0.0","0.59","0.0","0.0"
"2026/09/02 05:47:00","23.7","89.5","336","353","317","1.3","1.9","0.8","1003.6","0.0","0.59","0.0","0.0"
"2026/09/02 05:48:00","23.7","89.5","282","078","159","0.7","1.5","0.1","1003.5","0.0","0.59","0.0","0.0"
"2026/09/02 05:49:00","23.7","89.6","286","029","231","1.0","2.0","0.3","1003.5","0.0","0.59","0.0","0.0"
"2026/09/02 05:50:00","23.8","89.6","276","095","117","0.7","1.7","0.2","1003.5","0.0","0.59","0.0","0.0"
"2026/09/02 05:51:00","23.8","89.6","282","040","171","0.6","1.2","0.2","1003.6","0.0","0.59","0.0","0.0"
"2026/09/02 05:52:00","23.8","89.6","283","088","203","0.3","0.9","0.0","1003.6","0.0","0.59","0.0","0.0"
"2026/09/02 05:53:00","23.8","89.7","267","321","159","0.8","1.4","0.3","1003.5","0.0","0.59","0.0","0.0"
"2026/09/02 05:54:00","23.8","89.7","280","086","108","0.7","1.4","0.1","1003.5","0.0","0.59","0.0","0.0"
"2026/09/02 05:55:00","23.8","89.7","277","094","128","0.4","0.8","0.1","1003.5","0.0","0.59","0.0","0.0"
"2026/09/02 05:56:00","23.8","89.7","211","017","063","0.5","1.3","0.1","1003.5","0.0","0.59","0.0","0.0"
"2026/09/02 05:57:00","23.8","89.7","231","008","102","0.4","0.8","0.0","1003.5","0.0","0.59","0.0","0.0"
"2026/09/02 05:58:00","23.8","89.7","253","011","141","0.5","1.6","0.1","1003.5","0.0","0.59","0.0","0.0"
"2026/09/02 05:59:00","23.8","89.7","246","061","117","0.9","1.6","0.1","1003.5","0.0","0.59","0.0","0.0"
"2026/09/02 06:00:00","23.8","89.7","241","358","089","0.7","1.6","0.1","1003.5","0.0","0.59","0.0","0.0"
"2026/09/02 06:01:00","23.8","89.7","254","025","168","0.5","1.3","0.0","1003.5","0.0","0.59","0.0","0.0"
"2026/09/02 06:02:00","23.7","89.7","269","342","099","0.9","1.7","0.3","1003.5","0.0","0.59","0.0","0.0"
"2026/09/02 06:03:00","23.7","89.7","308","055","226","0.6","1.3","0.1","1003.5","0.0","0.59","0.0","0.0"
"2026/09/02 06:04:00","23.7","89.7","300","076","168","0.6","1.4","0.1","1003.5","0.0","0.59","0.0","0.0"
"2026/09/02 06:05:00","23.7","89.7","306","359","249","0.8","1.4","0.2","1003.5","0.0","0.59","0.0","0.0"
"2026/09/02 06:06:00","23.7","89.7","276","086","155","0.3","0.7","0.0","1003.5","0.0","0.59","0.0","0.0"
"2026/09/02 06:07:00","23.7","89.7","188","339","105","0.5","0.9","0.1","1003.5","0.0","0.59","0.0","0.0"
"2026/09/02 06:08:00","23.7","89.6","196","325","071","0.5","1.1","0.1","1003.6","0.0","0.59","0.0","0.0"
"2026/09/02 06:09:00","23.7","89.6","253","060","132","0.7","1.6","0.1","1003.6","0.0","0.59","0.0","0.0"
"2026/09/02 06:10:00","23.7","89.6","304","338","270","1.0","1.5","0.6","1003.5","0.0","0.59","0.0","0.0"
"2026/09/02 06:11:00","23.7","89.6","287","007","236","0.6","1.1","0.1","1003.5","0.0","0.59","0.0","0.0"
"2026/09/02 06:12:00","23.7","89.6","296","334","247","1.0","1.6","0.6","1003.5","0.0","0.59","0.0","0.0"
"2026/09/02 06:13:00","23.7","89.5","322","336","300","1.4","1.7","1.1","1003.5","0.0","0.59","0.0","0.0"
"2026/09/02 06:14:00","23.6","89.5","321","331","305","1.3","1.8","1.0","1003.5","0.0","0.59","0.0","0.0"
"2026/09/02 06:15:00","23.6","89.4","323","339","312","1.2","1.5","1.0","1003.5","0.0","0.59","0.0","0.0"
"2026/09/02 06:16:00","23.6","89.4","316","334","280","1.0","1.4","0.7","1003.5","0.0","0.59","0.0","0.0"
"2026/09/02 06:17:00","23.6","89.4","300","329","270","1.0","1.5","0.7","1003.5","0.0","0.59","0.0","0.0"
"2026/09/02 06:18:00","23.6","89.4","313","336","285","0.9","1.4","0.5","1003.5","0.0","0.59","0.0","0.0"
"2026/09/02 06:19:00","23.7","89.4","316","330","288","1.0","1.5","0.8","1003.5","0.0","0.59","0.0","0.0"
"2026/09/02 06:20:00","23.6","89.4","323","337","305","1.1","1.4","0.7","1003.5","0.0","0.59","0.0","0.0"
"2026/09/02 06:21:00","23.6","89.4","316","334","295","1.0","1.3","0.7","1003.5","0.0","0.59","0.0","0.0"
"2026/09/02 06:22:00","23.7","89.4","298","322","267","1.2","2.0","0.7","1003.5","0.0","0.59","0.0","0.0"
"2026/09/02 06:23:00","23.7","89.4","318","337","303","1.3","1.7","0.9","1003.5","0.0","0.59","0.0","0.0"
"2026/09/02 06:24:00","23.7","89.4","304","357","233","0.9","1.3","0.3","1003.5","0.0","0.59","0.0","0.0"
"2026/09/02 06:25:00","23.7","89.4","292","018","197","0.5","1.2","0.0","1003.5","0.0","0.59","0.0","0.0"
"2026/09/02 06:26:00","23.7","89.4","286","088","176","0.4","0.9","0.1","1003.5","0.0","0.59","0.0","0.0"
"2026/09/02 06:27:00","23.7","89.4","288","079","142","0.5","1.1","0.0","1003.5","0.0","0.59","0.0","0.0"
"2026/09/02 06:28:00","23.7","89.5","225","349","120","0.5","1.1","0.0","1003.5","0.0","0.59","0.0","0.0"
"2026/09/02 06:29:00","23.7","89.4","263","359","091","0.8","1.5","0.1","1003.5","0.0","0.59","0.0","0.0"
"2026/09/02 06:30:00","23.7","89.4","273","306","219","1.2","1.8","0.5","1003.5","0.0","0.59","0.0","0.0"
"2026/09/02 06:31:00","23.7","89.4","276","002","192","1.3","2.2","0.2","1003.5","0.0","0.59","0.0","0.0"
"2026/09/02 06:32:00","23.7","89.3","274","335","210","1.7","3.7","0.5","1003.5","0.0","0.59","0.0","0.0"
"2026/09/02 06:33:00","23.7","89.3","264","350","142","1.2","2.3","0.2","1003.5","0.0","0.59","0.0","0.0"
"2026/09/02 06:34:00","23.7","89.3","260","023","108","1.1","2.1","0.3","1003.5","0.0","0.59","0.0","0.0"
"2026/09/02 06:35:00","23.7","89.3","283","010","209","1.4","3.2","0.2","1003.5","0.0","0.59","0.0","0.0"
"2026/09/02 06:36:00","23.7","89.3","300","334","248","1.5","2.5","0.7","1003.5","0.0","0.59","0.0","0.0"
"2026/09/02 06:37:00","23.7","89.3","287","331","246","1.5","2.5","0.6","1003.5","0.0","0.59","0.0","0.0"
"2026/09/02 06:38:00","23.7","89.3","295","351","227","1.4","2.5","0.5","1003.5","0.0","0.59","0.0","0.0"
"2026/09/02 06:39:00","23.7","89.2","306","335","266","1.5","2.2","0.2","1003.5","0.0","0.59","0.0","0.0"
"2026/09/02 06:40:00","23.7","89.2","313","000","270","1.5","2.3","0.4","1003.5","0.0","0.59","0.0","0.0"
"2026/09/02 06:41:00","23.7","89.2","308","035","238","1.3","2.4","0.2","1003.5","0.0","0.59","0.0","0.0"
"2026/09/02 06:42:00","23.7","89.1","307","326","278","1.8","2.4","1.5","1003.5","0.0","0.59","0.0","0.0"
"2026/09/02 06:43:00","23.6","89.1","305","326","272","1.8","2.3","0.9","1003.5","0.0","0.59","0.0","0.0"
"2026/09/02 06:44:00","23.6","89.0","307","333","279","2.1","2.8","1.5","1003.5","0.0","0.59","0.0","0.0"
"2026/09/02 06:45:00","23.6","89.0","302","048","271","1.7","3.1","0.4","1003.5","0.0","0.59","0.0","0.0"
"2026/09/02 06:46:00","23.6","89.0","302","335","227","1.4","2.1","0.3","1003.5","0.0","0.59","0.0","0.0"
"2026/09/02 06:47:00","23.6","89.0","309","337","286","1.5","2.3","0.8","1003.5","0.0","0.59","0.0","0.0"
"2026/09/02 06:48:00","23.7","89.0","292","347","194","0.9","1.8","0.2","1003.5","0.0","0.59","0.0","0.0"
"2026/09/02 06:49:00","23.7","89.1","295","017","244","0.7","1.7","0.1","1003.5","0.0","0.59","0.0","0.0"
"2026/09/02 06:50:00","23.7","89.1","293","038","249","1.0","1.6","0.1","1003.5","0.0","0.59","0.0","0.0"
"2026/09/02 06:51:00","23.7","89.1","313","018","226","0.8","1.5","0.1","1003.5","0.0","0.59","0.0","0.0"
"2026/09/02 06:52:00","23.7","89.1","284","024","218","0.9","1.4","0.2","1003.5","0.0","0.59","0.0","0.0"
"2026/09/02 06:53:00","23.7","89.1","280","073","158","0.3","1.2","0.0","1003.5","0.0","0.59","0.0","0.0"
"2026/09/02 06:54:00","23.7","89.1","327","088","179","0.5","1.8","0.0","1003.5","0.0","0.59","0.0","0.0"
"2026/09/02 06:55:00","23.7","89.1","354","163","256","0.4","0.9","0.1","1003.5","0.0","0.59","0.0","0.0"
"2026/09/02 06:56:00","23.8","89.1","280","062","192","0.8","1.9","0.2","1003.5","0.0","0.59","0.0","0.0"
"2026/09/02 06:57:00","23.8","89.1","280","335","215","1.0","1.8","0.3","1003.5","0.0","0.59","0.0","0.0"
"2026/09/02 06:58:00","23.7","89.1","277","352","194","0.9","1.7","0.1","1003.5","0.0","0.59","0.0","0.0"
"2026/09/02 06:59:00","23.7","89.0","316","348","218","0.8","1.1","0.2","1003.5","0.0","0.59","0.0","0.0"
"2026/09/02 07:00:00","23.7","89.1","278","054","184","0.7","1.6","0.1","1003.5","0.0","0.59","0.0","0.0"
"2026/09/02 07:01:00","23.7","89.0","312","336","265","1.2","1.8","0.7","1003.5","0.0","0.59","0.0","0.0"
"2026/09/02 07:02:00","23.7","89.1","277","339","196","1.0","1.7","0.2","1003.5","0.0","0.59","0.0","0.0"
"2026/09/02 07:03:00","23.7","89.1","258","339","150","0.5","1.4","0.1","1003.5","0.0","0.59","0.0","0.0"
"2026/09/02 07:04:00","23.7","89.1","284","021","224","0.7","1.5","0.2","1003.4","0.0","0.59","0.0","0.0"
"2026/09/02 07:05:00","23.7","89.1","316","338","273","1.2","1.8","0.4","1003.4","0.0","0.59","0.0","0.0"
"2026/09/02 07:06:00","23.7","89.1","300","355","228","1.0","1.6","0.2","1003.4","0.0","0.59","0.0","0.0"
"2026/09/02 07:07:00","23.7","89.1","355","114","195","0.6","1.2","0.1","1003.4","0.0","0.59","0.0","0.0"
"2026/09/02 07:08:00","23.7","89.1","001","149","224","0.4","0.9","0.0","1003.4","0.0","0.59","0.0","0.0"
"2026/09/02 07:09:00","23.7","89.0","353","078","261","0.5","0.9","0.1","1003.4","0.0","0.59","0.0","0.0"
"2026/09/02 07:10:00","23.7","89.0","005","106","320","0.8","1.7","0.4","1003.4","0.0","0.59","0.0","0.0"
"2026/09/02 07:11:00","23.7","88.9","030","058","354","1.0","1.7","0.5","1003.4","0.0","0.59","0.0","0.0"
"2026/09/02 07:12:00","23.7","88.9","346","019","297","0.7","1.2","0.4","1003.4","0.0","0.59","0.0","0.0"
"2026/09/02 07:13:00","23.7","89.0","311","015","260","0.6","1.0","0.2","1003.4","0.0","0.59","0.0","0.0"
"2026/09/02 07:14:00","23.7","89.0","297","326","255","0.5","0.8","0.2","1003.4","0.0","0.59","0.0","0.0"
"2026/09/02 07:15:00","23.7","89.0","261","337","190","0.3","0.6","0.1","1003.4","0.0","0.60","0.0","0.0"
"2026/09/02 07:16:00","23.7","89.1","291","084","153","0.1","0.4","0.0","1003.4","0.0","0.60","0.0","0.0"
"2026/09/02 07:17:00","23.7","89.1","215","056","068","0.1","0.3","0.0","1003.4","0.1","0.60","0.0","0.0"
"2026/09/02 07:18:00","23.8","89.2","217","022","039","0.2","0.4","0.0","1003.4","0.0","0.60","0.0","0.0"
"2026/09/02 07:19:00","23.8","89.2","269","048","218","0.2","0.4","0.0","1003.4","0.0","0.60","0.0","0.0"
"2026/09/02 07:20:00","23.8","89.3","250","296","211","0.3","0.5","0.1","1003.3","0.0","0.60","0.0","0.0"
"2026/09/02 07:21:00","23.8","89.3","256","289","223","0.3","0.7","0.2","1003.3","0.0","0.60","0.0","0.0"
"2026/09/02 07:22:00","23.8","89.3","283","314","242","0.3","0.5","0.2","1003.3","0.0","0.60","0.0","0.0"
"2026/09/02 07:23:00","23.8","89.3","003","102","242","0.4","0.8","0.1","1003.3","0.0","0.60","0.0","0.0"
"2026/09/02 07:24:00","23.8","89.2","041","065","011","0.5","0.7","0.3","1003.3","0.0","0.60","0.0","0.0"
"2026/09/02 07:25:00","23.8","89.2","008","035","341","0.6","1.0","0.4","1003.3","0.0","0.60","0.0","0.0"
"2026/09/02 07:26:00","23.8","89.2","343","005","289","0.6","1.0","0.2","1003.3","0.0","0.60","0.0","0.0"
"2026/09/02 07:27:00","23.8","89.2","005","035","329","0.6","1.1","0.3","1003.3","0.0","0.60","0.0","0.0"
"2026/09/02 07:28:00","23.9","89.3","303","027","228","0.5","1.2","0.1","1003.3","0.0","0.60","0.0","0.0"
"2026/09/02 07:29:00","23.9","89.2","309","341","259","1.1","1.5","0.5","1003.3","0.0","0.60","0.0","0.0"
"2026/09/02 07:30:00","23.9","89.2","303","327","265","1.3","1.9","0.9","1003.3","0.0","0.60","0.0","0.0"
"2026/09/02 07:31:00","23.9","89.1","310","330","270","1.0","1.5","0.5","1003.3","0.0","0.60","0.0","0.0"
"2026/09/02 07:32:00","23.9","89.1","299","327","268","1.1","1.6","0.7","1003.3","0.0","0.60","0.0","0.0"
"2026/09/02 07:33:00","23.9","89.0","321","334","301","1.2","1.5","0.8","1003.3","0.0","0.60","0.0","0.0"
"2026/09/02 07:34:00","23.9","89.0","309","347","273","1.0","1.5","0.3","1003.3","0.0","0.60","0.0","0.0"
"2026/09/02 07:35:00","23.9","89.1","302","013","210","0.6","1.1","0.1","1003.3","0.0","0.60","0.0","0.0"
"2026/09/02 07:36:00","24.0","89.2","341","107","259","0.4","0.9","0.0","1003.3","0.0","0.60","0.0","0.0"
"2026/09/02 07:37:00","24.1","89.1","325","036","240","0.6","1.1","0.2","1003.3","0.0","0.60","0.0","0.0"
"2026/09/02 07:38:00","24.0","88.9","010","064","324","0.8","1.3","0.5","1003.3","0.0","0.60","0.0","0.0"
"2026/09/02 07:39:00","24.0","88.7","028","123","257","0.5","0.9","0.3","1003.2","0.0","0.60","0.0","0.0"
"2026/09/02 07:40:00","24.0","88.6","010","116","272","0.5","1.1","0.1","1003.2","0.0","0.60","0.0","0.0"
"2026/09/02 07:41:00","24.0","88.5","003","032","332","0.8","1.4","0.3","1003.2","0.0","0.60","0.0","0.0"
"2026/09/02 07:42:00","24.0","88.4","023","068","302","0.8","1.5","0.3","1003.2","0.0","0.60","0.0","0.0"
"2026/09/02 07:43:00","24.0","88.4","006","072","254","0.9","1.3","0.1","1003.2","0.0","0.60","0.0","0.0"
"2026/09/02 07:44:00","24.0","88.2","005","053","340","1.6","2.2","0.9","1003.2","0.0","0.60","0.0","0.0"
"2026/09/02 07:45:00","24.0","88.0","004","016","354","1.7","2.2","1.3","1003.2","0.0","0.60","0.0","0.0"
"2026/09/02 07:46:00","24.0","88.0","010","046","342","1.4","1.9","0.8","1003.2","0.0","0.60","0.0","0.0"
"2026/09/02 07:47:00","24.0","88.1","351","047","287","0.7","1.3","0.2","1003.2","0.0","0.60","0.0","0.0"
"2026/09/02 07:48:00","24.1","88.1","009","048","297","0.8","1.2","0.4","1003.2","0.0","0.60","0.0","0.0"
"2026/09/02 07:49:00","24.1","87.9","344","012","297","1.3","2.0","0.3","1003.2","0.0","0.60","0.0","0.0"
"2026/09/02 07:50:00","24.1","87.9","352","117","235","0.5","1.2","0.0","1003.2","0.0","0.60","0.0","0.0"
"2026/09/02 07:51:00","24.1","87.9","348","037","299","1.0","1.8","0.5","1003.2","0.0","0.60","0.0","0.0"
"2026/09/02 07:52:00","24.1","87.8","014","075","252","0.7","1.4","0.2","1003.2","0.0","0.60","0.0","0.0"
"2026/09/02 07:53:00","24.1","87.7","354","032","324","0.9","1.4","0.3","1003.2","0.0","0.60","0.0","0.0"
"2026/09/02 07:54:00","24.1","87.7","343","083","268","0.8","1.4","0.3","1003.2","0.0","0.60","0.0","0.0"
"2026/09/02 07:55:00","24.2","87.8","341","108","188","0.5","1.3","0.0","1003.2","0.0","0.60","0.0","0.0"
"2026/09/02 07:56:00","24.2","87.7","022","099","284","1.0","2.0","0.2","1003.2","0.0","0.60","0.0","0.0"
"2026/09/02 07:57:00","24.2","87.3","022","087","342","1.7","2.2","0.3","1003.2","0.0","0.60","0.0","0.0"
"2026/09/02 07:58:00","24.1","87.3","359","049","317","1.1","2.0","0.4","1003.3","0.0","0.60","0.0","0.0"
"2026/09/02 07:59:00","24.1","87.3","359","024","334","1.0","1.5","0.6","1003.3","0.0","0.60","0.0","0.0"
"2026/09/02 08:00:00","24.1","87.2","009","067","287","0.7","1.5","0.1","1003.3","0.0","0.60","0.0","0.0"
"2026/09/02 08:01:00","24.2","87.3","330","027","228","0.9","1.5","0.2","1003.2","0.0","0.60","0.0","0.0"
"2026/09/02 08:02:00","24.2","87.3","335","080","193","0.8","2.1","0.0","1003.2","0.0","0.60","0.0","0.0"
"2026/09/02 08:03:00","24.2","87.4","339","055","229","0.6","0.9","0.2","1003.2","0.0","0.60","0.0","0.0"
"2026/09/02 08:04:00","24.2","87.4","059","105","014","0.8","1.5","0.2","1003.2","0.0","0.60","0.0","0.0"
"2026/09/02 08:05:00","24.3","87.4","069","103","358","1.0","1.7","0.3","1003.2","0.0","0.60","0.0","0.0"
"2026/09/02 08:06:00","24.3","87.2","070","108","046","1.0","2.1","0.4","1003.3","0.0","0.60","0.0","0.0"
"2026/09/02 08:07:00","24.3","86.9","060","080","042","1.4","2.0","1.0","1003.3","0.0","0.60","0.0","0.0"
"2026/09/02 08:08:00","24.3","86.9","049","087","327","1.2","1.6","0.5","1003.3","0.0","0.60","0.0","0.0"
"2026/09/02 08:09:00","24.3","87.1","008","069","322","0.6","1.3","0.3","1003.3","0.0","0.60","0.0","0.0"
"2026/09/02 08:10:00","24.4","87.1","065","180","296","0.5","0.8","0.1","1003.3","0.0","0.60","0.0","0.0"
"2026/09/02 08:11:00","24.4","87.1","026","078","313","0.5","1.0","0.1","1003.3","0.0","0.60","0.0","0.0"
"2026/09/02 08:12:00","24.4","86.7","053","116","352","0.5","1.6","0.1","1003.3","0.0","0.60","0.0","0.0"
"2026/09/02 08:13:00","24.4","86.4","082","111","357","0.7","1.2","0.2","1003.3","0.0","0.60","0.0","0.0"
"2026/09/02 08:14:00","24.4","86.4","014","081","319","0.7","1.3","0.2","1003.3","0.0","0.60","0.0","0.0"
"2026/09/02 08:15:00","24.4","86.5","041","172","271","0.5","1.2","0.0","1003.3","0.0","0.60","0.0","0.0"
"2026/09/02 08:16:00","24.5","86.4","077","131","015","0.3","0.6","0.1","1003.3","0.0","0.60","0.0","0.0"
"2026/09/02 08:17:00","24.5","86.0","061","080","041","0.7","1.0","0.1","1003.4","0.0","0.60","0.0","0.0"
"2026/09/02 08:18:00","24.4","85.6","076","088","065","0.5","0.7","0.4","1003.4","0.0","0.60","0.0","0.0"
"2026/09/02 08:19:00","24.4","85.7","066","109","031","0.5","0.7","0.2","1003.4","0.0","0.60","0.0","0.0"
"2026/09/02 08:20:00","24.5","86.0","022","124","300","0.6","1.2","0.2","1003.4","0.0","0.60","0.0","0.0"
"2026/09/02 08:21:00","24.5","85.8","312","333","287","1.7","2.3","1.1","1003.4","0.0","0.60","0.0","0.0"
"2026/09/02 08:22:00","24.5","85.7","306","349","279","1.8","2.5","0.7","1003.4","0.0","0.60","0.0","0.0"
"2026/09/02 08:23:00","24.5","85.6","321","345","293","1.5","2.5","0.5","1003.4","0.0","0.60","0.0","0.0"
"2026/09/02 08:24:00","24.5","85.4","319","341","294","1.8","2.2","1.3","1003.4","0.0","0.60","0.0","0.0"
"2026/09/02 08:25:00","24.5","85.5","313","335","277","1.6","2.4","0.9","1003.4","0.0","0.60","0.0","0.0"
"2026/09/02 08:26:00","24.6","85.8","292","352","226","1.3","2.3","0.6","1003.4","0.0","0.60","0.0","0.0"
"2026/09/02 08:27:00","24.6","86.1","286","108","141","0.7","1.3","0.2","1003.4","0.0","0.60","0.0","0.0"
"2026/09/02 08:28:00","24.7","86.4","214","017","063","0.5","1.2","0.1","1003.4","0.0","0.60","0.0","0.0"
"2026/09/02 08:29:00","24.8","86.0","301","060","222","0.9","1.5","0.2","1003.4","0.0","0.60","0.0","0.0"
"2026/09/02 08:30:00","24.7","85.5","314","347","245","1.6","2.8","0.4","1003.4","0.0","0.60","0.0","0.0"
"2026/09/02 08:31:00","24.7","85.3","345","038","284","1.4","2.8","0.2","1003.4","0.0","0.60","0.0","0.0"
"2026/09/02 08:32:00","24.7","85.6","318","079","207","0.4","1.0","0.0","1003.4","0.0","0.60","0.0","0.0"
"2026/09/02 08:33:00","24.7","85.5","025","076","262","0.5","0.8","0.1","1003.4","0.0","0.60","0.0","0.0"
"2026/09/02 08:34:00","24.7","85.4","030","110","338","0.3","0.7","0.1","1003.4","0.0","0.60","0.0","0.0"
"2026/09/02 08:35:00","24.8","85.5","009","115","201","0.6","1.4","0.1","1003.4","0.0","0.60","0.0","0.0"
"2026/09/02 08:36:00","24.8","85.4","336","052","298","0.9","1.5","0.3","1003.4","0.0","0.60","0.0","0.0"
"2026/09/02 08:37:00","24.8","85.3","356","040","276","1.2","2.4","0.5","1003.4","0.0","0.60","0.0","0.0"
"2026/09/02 08:38:00","24.8","85.3","309","121","142","0.6","1.2","0.1","1003.4","0.0","0.60","0.0","0.0"
"2026/09/02 08:39:00","24.8","85.2","228","334","130","0.6","1.6","0.2","1003.4","0.0","0.60","0.0","0.0"
"2026/09/02 08:40:00","24.8","85.4","325","067","203","0.4","0.8","0.1","1003.4","0.0","0.60","0.0","0.0"
"2026/09/02 08:41:00","24.9","85.4","348","075","246","0.7","1.5","0.2","1003.4","0.0","0.60","0.0","0.0"
"2026/09/02 08:42:00","24.9","84.9","347","065","253","1.1","2.0","0.3","1003.4","0.0","0.60","0.0","0.0"
"2026/09/02 08:43:00","24.8","84.4","039","104","350","1.4","2.4","0.3","1003.4","0.0","0.60","0.0","0.0"
"2026/09/02 08:44:00","24.8","84.2","055","085","013","1.8","2.5","0.7","1003.4","0.0","0.60","0.0","0.0"
"2026/09/02 08:45:00","24.8","84.2","025","161","217","1.3","3.1","0.2","1003.4","0.0","0.60","0.0","0.0"
"2026/09/02 08:46:00","24.7","83.8","006","044","329","2.1","3.2","1.0","1003.4","0.0","0.60","0.0","0.0"
"2026/09/02 08:47:00","24.7","83.8","352","022","319","1.4","2.1","0.8","1003.4","0.0","0.60","0.0","0.0"
"2026/09/02 08:48:00","24.7","83.9","039","100","336","1.3","2.6","0.3","1003.3","0.0","0.60","0.0","0.0"
"2026/09/02 08:49:00","24.7","83.9","007","094","287","1.2","2.5","0.2","1003.3","0.0","0.60","0.0","0.0"
"2026/09/02 08:50:00","24.8","84.0","010","081","258","1.1","2.4","0.3","1003.3","0.0","0.60","0.0","0.0"
"2026/09/02 08:51:00","24.8","83.5","029","049","338","1.7","2.6","0.8","1003.3","0.0","0.60","0.0","0.0"
"2026/09/02 08:52:00","24.8","83.3","015","077","344","1.8","2.4","0.8","1003.3","0.0","0.60","0.0","0.0"
"2026/09/02 08:53:00","24.8","83.4","030","080","327","1.5","2.2","0.9","1003.3","0.0","0.60","0.0","0.0"
"2026/09/02 08:54:00","24.8","83.5","351","032","283","1.7","2.8","0.6","1003.3","0.0","0.60","0.0","0.0"
"2026/09/02 08:55:00","24.8","83.2","342","356","328","2.3","3.2","1.3","1003.3","0.0","0.60","0.0","0.0"
"2026/09/02 08:56:00","24.8","83.3","304","061","166","2.8","6.8","0.9","1003.3","0.5","0.61","0.0","0.0"
"2026/09/02 08:57:00","24.9","83.6","017","136","307","1.3","2.7","0.2","1003.3","0.1","0.61","0.0","0.0"
"2026/09/02 08:58:00","24.9","83.2","040","077","333","2.6","3.8","0.8","1003.3","0.0","0.61","0.0","0.0"
"2026/09/02 08:59:00","24.9","82.9","033","065","335","2.1","2.7","0.9","1003.3","0.0","0.61","0.0","0.0"
"2026/09/02 09:00:00","24.9","83.1","024","078","325","1.6","2.7","0.4","1003.3","0.0","0.61","0.0","0.0"
"2026/09/02 09:01:00","24.9","83.3","035","066","003","1.3","2.9","0.4","1003.3","0.0","0.61","0.0","0.0"
"2026/09/02 09:02:00","25.0","83.6","357","089","255","1.3","6.0","0.2","1003.3","0.1","0.61","0.0","0.0"
"2026/09/02 09:03:00","25.1","83.5","319","094","200","2.8","9.3","0.3","1003.3","0.0","0.61","0.0","0.0"
"2026/09/02 09:04:00","25.2","83.1","335","112","219","1.7","2.7","0.5","1003.3","0.0","0.61","0.0","0.0"
"2026/09/02 09:05:00","25.2","83.0","334","109","236","1.1","2.1","0.2","1003.3","0.0","0.61","0.0","0.0"
"2026/09/02 09:06:00","25.3","82.5","333","050","299","1.4","2.3","0.4","1003.3","0.0","0.61","0.0","0.0"
"2026/09/02 09:07:00","25.3","81.9","319","342","296","1.7","2.8","1.0","1003.3","0.0","0.61","0.0","0.0"
"2026/09/02 09:08:00","25.3","81.7","351","064","276","1.7","2.8","0.3","1003.3","0.0","0.61","0.0","0.0"
"2026/09/02 09:09:00","25.3","81.9","310","344","265","1.6","2.3","0.8","1003.3","0.0","0.61","0.0","0.0"
"2026/09/02 09:10:00","25.3","81.5","350","050","291","1.4","2.0","0.7","1003.3","0.0","0.61","0.0","0.0"
"2026/09/02 09:11:00","25.4","81.4","004","074","235","1.3","2.0","0.4","1003.3","0.0","0.61","0.0","0.0"
"2026/09/02 09:12:00","25.5","81.5","348","137","257","0.9","2.5","0.1","1003.3","0.0","0.61","0.0","0.0"
"2026/09/02 09:13:00","25.5","80.6","012","095","297","1.7","2.9","0.7","1003.3","0.0","0.61","0.0","0.0"
"2026/09/02 09:14:00","25.5","80.6","016","137","292","1.8","3.2","0.5","1003.3","0.0","0.61","0.0","0.0"
"2026/09/02 09:15:00","25.5","79.9","033","088","351","2.5","3.9","0.3","1003.3","0.0","0.61","0.0","0.0"
"2026/09/02 09:16:00","25.4","79.9","024","066","307","2.2","3.6","0.6","1003.3","0.0","0.61","0.0","0.0"
"2026/09/02 09:17:00","25.3","80.0","033","076","355","2.3","3.3","1.1","1003.4","0.0","0.61","0.0","0.0"
"2026/09/02 09:18:00","25.3","80.5","032","101","293","1.5","2.2","0.4","1003.4","0.0","0.61","0.0","0.0"
"2026/09/02 09:19:00","25.4","80.3","023","067","307","1.9","3.2","0.6","1003.4","0.0","0.61","0.0","0.0"
"2026/09/02 09:20:00","25.4","79.7","011","079","323","1.7","3.1","0.6","1003.4","0.0","0.61","0.0","0.0"
"2026/09/02 09:21:00","25.5","79.5","005","051","332","1.7","3.0","1.1","1003.4","0.0","0.61","0.0","0.0"
"2026/09/02 09:22:00","25.5","79.3","009","037","337","1.9","3.0","0.9","1003.4","0.0","0.61","0.0","0.0"
"2026/09/02 09:23:00","25.6","79.8","013","124","194","0.7","2.3","0.0","1003.4","0.0","0.61","0.0","0.0"
"2026/09/02 09:24:00","25.7","79.1","040","080","001","1.7","2.5","0.5","1003.5","0.0","0.61","0.0","0.0"
"2026/09/02 09:25:00","25.7","77.9","031","079","357","2.6","4.2","1.3","1003.5","0.0","0.61","0.0","0.0"
"2026/09/02 09:26:00","25.7","77.9","029","063","347","2.1","3.0","0.8","1003.5","0.0","0.61","0.0","0.0"
"2026/09/02 09:27:00","25.7","78.4","047","080","356","2.1","3.1","1.1","1003.5","0.0","0.61","0.0","0.0"
"2026/09/02 09:28:00","25.7","78.1","023","075","307","1.3","2.3","0.7","1003.5","0.0","0.61","0.0","0.0"
"2026/09/02 09:29:00","25.8","78.1","001","039","309","1.6","3.2","0.5","1003.5","0.0","0.61","0.0","0.0"
"2026/09/02 09:30:00","25.9","78.4","052","104","342","1.7","2.8","0.8","1003.5","0.0","0.61","0.0","0.0"
"2026/09/02 09:31:00","25.9","77.5","037","059","357","2.1","3.6","1.0","1003.5","0.0","0.61","0.0","0.0"
"2026/09/02 09:32:00","25.8","77.5","017","048","305","2.0","3.1","0.7","1003.5","0.0","0.61","0.0","0.0"
"2026/09/02 09:33:00","25.7","77.8","020","118","311","1.8","3.1","0.4","1003.5","0.0","0.61","0.0","0.0"
"2026/09/02 09:34:00","25.7","77.7","020","104","306","1.1","2.3","0.2","1003.5","0.0","0.61","0.0","0.0"
"2026/09/02 09:35:00","25.9","77.4","339","033","265","1.1","2.2","0.5","1003.5","0.0","0.61","0.0","0.0"
"2026/09/02 09:36:00","25.9","76.9","342","055","296","1.5","2.8","0.4","1003.5","0.0","0.61","0.0","0.0"
"2026/09/02 09:37:00","26.0","75.9","359","028","319","2.5","3.5","0.9","1003.5","0.0","0.61","0.0","0.0"
"2026/09/02 09:38:00","26.0","76.4","347","023","290","0.9","1.9","0.2","1003.4","0.0","0.61","0.0","0.0"
"2026/09/02 09:39:00","26.2","76.4","317","031","231","0.9","1.8","0.2","1003.5","0.0","0.61","0.0","0.0"
"2026/09/02 09:40:00","26.3","75.6","005","045","335","1.8","2.7","0.8","1003.5","0.0","0.61","0.0","0.0"
"2026/09/02 09:41:00","26.3","75.1","039","086","000","1.2","2.6","0.4","1003.5","0.0","0.61","0.0","0.0"
"2026/09/02 09:42:00","26.3","75.5","113","235","333","1.4","2.9","0.3","1003.5","0.0","0.61","0.0","0.0"
"2026/09/02 09:43:00","26.4","74.1","071","090","042","2.3","3.4","1.7","1003.5","0.0","0.61","0.0","0.0"
"2026/09/02 09:44:00","26.3","74.6","078","116","053","1.9","2.6","0.9","1003.6","0.0","0.61","0.0","0.0"
"2026/09/02 09:45:00","26.3","75.1","066","091","040","1.5","2.4","0.8","1003.6","0.0","0.61","0.0","0.0"
"2026/09/02 09:46:00","26.4","75.4","116","169","026","1.9","3.3","0.4","1003.6","0.0","0.61","0.0","0.0"
"2026/09/02 09:47:00","26.6","74.3","111","204","036","2.0","3.3","0.5","1003.6","0.0","0.61","0.0","0.0"
"2026/09/02 09:48:00","26.7","72.7","082","104","069","2.5","3.3","1.7","1003.6","0.0","0.61","0.0","0.0"
"2026/09/02 09:49:00","26.6","73.3","084","108","058","1.9","2.7","0.8","1003.6","0.0","0.61","0.0","0.0"
"2026/09/02 09:50:00","26.6","72.8","079","159","047","1.5","2.3","0.4","1003.5","0.0","0.61","0.0","0.0"
"2026/09/02 09:51:00","26.6","72.4","039","068","013","1.9","2.9","0.8","1003.5","0.0","0.61","0.0","0.0"
"2026/09/02 09:52:00","26.6","73.1","067","087","042","1.9","3.0","1.1","1003.5","0.0","0.61","0.0","0.0"
"2026/09/02 09:53:00","26.6","73.7","014","086","293","1.5","2.4","0.4","1003.6","0.0","0.61","0.0","0.0"
"2026/09/02 09:54:00","26.7","72.0","011","059","320","1.4","2.2","0.4","1003.6","0.0","0.61","0.0","0.0"
"2026/09/02 09:55:00","26.8","72.1","029","081","358","0.9","1.6","0.4","1003.6","0.0","0.61","0.0","0.0"
"2026/09/02 09:56:00","26.9","72.5","084","216","002","0.5","1.0","0.0","1003.6","0.0","0.61","0.0","0.0"
"2026/09/02 09:57:00","27.0","71.6","344","197","311","1.0","1.6","0.1","1003.6","0.0","0.61","0.0","0.0"
"2026/09/02 09:58:00","27.1","71.6","311","051","207","0.7","1.4","0.2","1003.5","0.0","0.61","0.0","0.0"
"2026/09/02 09:59:00","27.3","71.2","234","279","175","0.8","1.3","0.2","1003.5","0.0","0.61","0.0","0.0"
"2026/09/02 10:00:00","27.7","71.0","205","008","050","0.4","0.9","0.1","1003.5","0.0","0.61","0.0","0.0"
"2026/09/02 10:01:00","28.0","69.4","158","309","357","0.7","1.6","0.1","1003.5","0.0","0.61","0.0","0.0"
"2026/09/02 10:02:00","28.3","67.9","146","275","055","0.8","1.9","0.2","1003.5","0.0","0.61","0.0","0.0"
"2026/09/02 10:03:00","28.3","67.9","086","139","023","0.9","1.6","0.3","1003.5","0.0","0.61","0.0","0.0"
"2026/09/02 10:04:00","28.4","66.8","059","118","347","1.0","2.2","0.3","1003.5","0.0","0.61","0.0","0.0"
"2026/09/02 10:05:00","28.1","67.2","055","070","031","1.7","2.2","0.9","1003.5","0.0","0.61","0.0","0.0"
"2026/09/02 10:06:00","27.8","68.3","068","111","022","1.1","2.3","0.4","1003.5","0.0","0.61","0.0","0.0"
"2026/09/02 10:07:00","27.6","68.7","046","078","026","1.4","1.9","0.9","1003.5","0.0","0.61","0.0","0.0"
"2026/09/02 10:08:00","27.5","69.1","061","086","005","1.0","1.5","0.5","1003.5","0.0","0.61","0.0","0.0"
"2026/09/02 10:09:00","27.5","69.4","078","118","029","1.0","1.9","0.3","1003.5","0.0","0.61","0.0","0.0"
"2026/09/02 10:10:00","27.5","69.6","059","087","351","1.9","2.7","1.0","1003.5","0.0","0.61","0.0","0.0"
"2026/09/02 10:11:00","27.5","69.4","048","088","024","1.2","1.8","0.9","1003.5","0.0","0.61","0.0","0.0"
"2026/09/02 10:12:00","27.6","70.2","074","173","304","0.6","0.9","0.1","1003.5","0.0","0.61","0.0","0.0"
"2026/09/02 10:13:00","27.8","69.0","076","168","307","1.0","1.7","0.1","1003.5","0.0","0.61","0.0","0.0"
"2026/09/02 10:14:00","27.9","67.8","128","194","335","0.8","1.6","0.2","1003.5","0.0","0.61","0.0","0.0"
"2026/09/02 10:15:00","28.2","67.7","110","302","321","0.3","0.6","0.0","1003.4","0.0","0.61","0.0","0.0"
"2026/09/02 10:16:00","28.5","66.1","148","280","308","0.7","1.8","0.1","1003.4","0.0","0.61","0.0","0.0"
"2026/09/02 10:17:00","28.6","64.8","160","196","120","1.6","2.5","0.7","1003.4","0.0","0.61","0.0","0.0"
"2026/09/02 10:18:00","28.8","66.6","115","239","346","0.6","1.2","0.1","1003.4","0.0","0.61","0.0","0.0"
"2026/09/02 10:19:00","29.0","64.6","346","101","266","1.3","2.3","0.4","1003.4","0.0","0.61","0.0","0.0"
"2026/09/02 10:20:00","29.0","64.2","011","108","195","1.1","1.9","0.1","1003.4","0.0","0.61","0.0","0.0"
"2026/09/02 10:21:00","28.9","65.1","047","090","353","1.1","1.8","0.3","1003.4","0.0","0.61","0.0","0.0"
"2026/09/02 10:22:00","28.8","65.5","001","059","311","1.1","1.6","0.4","1003.4","0.0","0.61","0.0","0.0"
"2026/09/02 10:23:00","28.8","65.2","075","129","004","0.9","1.6","0.4","1003.4","0.0","0.61","0.0","0.0"
"2026/09/02 10:24:00","28.8","65.3","108","167","351","0.9","1.8","0.2","1003.4","0.0","0.61","0.0","0.0"
"2026/09/02 10:25:00","28.9","64.9","178","322","105","0.4","1.1","0.1","1003.4","0.0","0.61","0.0","0.0"
"2026/09/02 10:26:00","29.0","64.6","125","285","346","1.1","2.2","0.4","1003.3","0.0","0.61","0.0","0.0"
"2026/09/02 10:27:00","29.0","64.1","062","241","264","0.7","1.6","0.2","1003.4","0.0","0.61","0.0","0.0"
"2026/09/02 10:28:00","29.1","62.9","171","251","006","0.9","1.9","0.4","1003.4","0.0","0.61","0.0","0.0"
"2026/09/02 10:29:00","29.2","62.5","172","224","107","1.0","1.7","0.4","1003.4","0.0","0.61","0.0","0.0"
"2026/09/02 10:30:00","29.2","62.4","089","205","297","0.8","1.6","0.1","1003.3","0.0","0.61","0.0","0.0"
"2026/09/02 10:31:00","29.2","61.1","181","252","128","1.0","1.8","0.4","1003.3","0.0","0.61","0.0","0.0"
"2026/09/02 10:32:00","29.2","60.9","180","310","100","1.1","2.3","0.3","1003.3","0.0","0.61","0.0","0.0"
"2026/09/02 10:33:00","29.2","61.6","131","333","005","0.5","1.0","0.1","1003.3","0.0","0.61","0.0","0.0"
"2026/09/02 10:34:00","29.2","61.9","076","118","290","0.8","2.0","0.2","1003.3","0.0","0.61","0.0","0.0"
"2026/09/02 10:35:00","29.2","61.0","209","264","130","1.4","2.2","0.6","1003.3","0.0","0.61","0.0","0.0"
"2026/09/02 10:36:00","29.2","62.1","270","005","192","0.9","1.8","0.2","1003.3","0.0","0.61","0.0","0.0"
"2026/09/02 10:37:00","29.2","61.1","186","018","105","1.0","1.5","0.2","1003.2","0.0","0.61","0.0","0.0"
"2026/09/02 10:38:00","29.2","61.0","163","314","078","0.9","1.4","0.1","1003.2","0.0","0.61","0.0","0.0"
"2026/09/02 10:39:00","29.3","61.2","152","322","009","0.4","1.0","0.1","1003.2","0.0","0.61","0.0","0.0"
"2026/09/02 10:40:00","29.5","60.6","132","234","322","0.4","0.9","0.1","1003.1","0.0","0.61","0.0","0.0"
"2026/09/02 10:41:00","29.6","60.9","116","278","311","0.6","1.2","0.1","1003.1","0.0","0.61","0.0","0.0"
"2026/09/02 10:42:00","29.8","60.0","166","300","051","0.8","1.3","0.3","1003.1","0.0","0.61","0.0","0.0"
"2026/09/02 10:43:00","29.9","59.2","178","222","086","1.1","2.0","0.2","1003.0","0.0","0.61","0.0","0.0"
"2026/09/02 10:44:00","29.8","59.7","178","194","138","1.6","2.2","1.2","1003.0","0.0","0.61","0.0","0.0"
"2026/09/02 10:45:00","29.6","60.1","190","250","150","1.4","2.1","0.4","1003.0","0.0","0.61","0.0","0.0"
"2026/09/02 10:46:00","29.6","60.7","237","049","068","0.6","1.3","0.1","1003.0","0.0","0.61","0.0","0.0"
"2026/09/02 10:47:00","29.6","61.3","193","008","034","0.7","1.4","0.2","1003.0","0.0","0.61","0.0","0.0"
"2026/09/02 10:48:00","29.7","60.9","179","287","083","0.8","1.7","0.1","1003.0","0.0","0.61","0.0","0.0"
"2026/09/02 10:49:00","29.8","60.8","232","342","084","1.2","2.8","0.2","1003.0","0.0","0.61","0.0","0.0"
"2026/09/02 10:50:00","29.8","59.6","160","193","110","2.2","3.2","1.3","1003.0","0.0","0.61","0.0","0.0"
"2026/09/02 10:51:00","29.5","59.9","145","183","118","2.0","3.0","0.9","1003.0","0.0","0.61","0.0","0.0"
"2026/09/02 10:52:00","29.2","60.4","162","186","126","1.4","2.2","0.2","1003.0","0.0","0.61","0.0","0.0"
"2026/09/02 10:53:00","29.2","61.6","156","312","022","0.6","1.2","0.1","1002.9","0.0","0.61","0.0","0.0"
"2026/09/02 10:54:00","29.4","60.9","220","299","103","0.9","2.2","0.2","1002.9","0.0","0.61","0.0","0.0"
"2026/09/02 10:55:00","29.6","59.9","177","252","118","1.5","2.6","0.3","1002.9","0.0","0.61","0.0","0.0"
"2026/09/02 10:56:00","29.7","60.7","251","347","106","0.8","1.8","0.1","1002.9","0.0","0.61","0.0","0.0"
"2026/09/02 10:57:00","29.8","59.2","255","333","186","1.5","2.2","0.3","1002.9","0.0","0.61","0.0","0.0"
"2026/09/02 10:58:00","29.9","58.7","192","001","094","1.3","3.0","0.1","1002.9","0.0","0.61","0.0","0.0"
"2026/09/02 10:59:00","29.9","58.8","182","252","120","1.3","2.6","0.3","1002.9","0.0","0.61","0.0","0.0"
"2026/09/02 11:00:00","30.0","58.7","169","232","094","1.4","2.4","0.5","1002.9","0.0","0.61","0.0","0.0"
"2026/09/02 11:01:00","29.9","59.3","202","318","107","1.1","2.5","0.2","1002.9","0.0","0.61","0.0","0.0"
"2026/09/02 11:02:00","29.9","56.6","188","212","154","2.3","3.1","1.4","1003.0","0.0","0.61","0.0","0.0"
"2026/09/02 11:03:00","29.8","57.5","186","233","149","1.8","2.8","0.9","1003.0","0.0","0.61","0.0","0.0"
"2026/09/02 11:04:00","29.7","58.7","223","291","174","1.4","2.2","0.6","1002.9","0.0","0.61","0.0","0.0"
"2026/09/02 11:05:00","29.7","58.6","185","359","061","0.5","1.5","0.1","1002.9","0.0","0.61","0.0","0.0"
"2026/09/02 11:06:00","29.7","57.8","207","268","153","1.2","2.0","0.4","1002.9","0.0","0.61","0.0","0.0"
"2026/09/02 11:07:00","29.8","58.3","262","017","148","0.5","1.2","0.1","1002.9","0.0","0.61","0.0","0.0"
"2026/09/02 11:08:00","29.8","58.4","177","276","125","0.9","1.9","0.1","1002.9","0.0","0.61","0.0","0.0"
"2026/09/02 11:09:00","29.9","58.5","255","353","088","0.8","1.7","0.2","1002.9","0.0","0.61","0.0","0.0"
"2026/09/02 11:10:00","30.0","59.2","297","133","152","0.8","1.7","0.3","1002.9","0.0","0.61","0.0","0.0"
"2026/09/02 11:11:00","30.2","57.8","171","262","130","1.8","3.2","0.3","1002.9","0.0","0.61","0.0","0.0"
"2026/09/02 11:12:00","30.1","57.8","239","332","100","0.6","1.3","0.1","1002.9","0.0","0.61","0.0","0.0"
"2026/09/02 11:13:00","30.2","57.8","227","037","125","0.8","1.3","0.1","1002.9","0.0","0.61","0.0","0.0"
"2026/09/02 11:14:00","30.3","58.0","181","245","100","0.6","1.4","0.1","1002.8","0.0","0.61","0.0","0.0"
"2026/09/02 11:15:00","30.5","58.3","137","294","355","0.6","1.3","0.0","1002.8","0.0","0.61","0.0","0.0"
"2026/09/02 11:16:00","30.5","57.4","107","191","297","0.9","1.9","0.0","1002.8","0.0","0.61","0.0","0.0"
"2026/09/02 11:17:00","30.5","57.4","188","260","147","1.8","3.4","0.2","1002.7","0.0","0.61","0.0","0.0"
"2026/09/02 11:18:00","30.3","57.3","158","200","129","2.9","4.4","1.2","1002.7","0.0","0.61","0.0","0.0"
"2026/09/02 11:19:00","30.0","59.0","148","207","111","2.4","4.0","1.0","1002.7","0.0","0.61","0.0","0.0"
"2026/09/02 11:20:00","29.7","59.6","161","210","120","2.1","4.2","1.0","1002.7","0.0","0.61","0.0","0.0"
"2026/09/02 11:21:00","29.6","58.8","152","217","054","2.2","3.3","1.0","1002.7","0.0","0.61","0.0","0.0"
"2026/09/02 11:22:00","29.5","59.5","141","173","124","2.3","3.6","1.0","1002.7","0.0","0.61","0.0","0.0"
"2026/09/02 11:23:00","29.3","59.8","157","304","091","1.5","2.4","0.2","1002.7","0.0","0.61","0.0","0.0"
"2026/09/02 11:24:00","29.4","59.8","181","220","129","1.4","2.6","0.4","1002.7","0.0","0.61","0.0","0.0"
"2026/09/02 11:25:00","29.5","59.3","127","214","061","0.9","2.1","0.2","1002.7","0.0","0.61","0.0","0.0"
"2026/09/02 11:26:00","29.7","58.7","133","252","008","1.2","3.7","0.1","1002.7","0.0","0.61","0.0","0.0"
"2026/09/02 11:27:00","29.8","59.0","120","173","092","1.8","3.0","0.4","1002.7","0.0","0.61","0.0","0.0"
"2026/09/02 11:28:00","29.9","58.2","122","177","081","0.9","1.7","0.3","1002.7","0.0","0.61","0.0","0.0"
"2026/09/02 11:29:00","29.9","58.0","078","119","038","0.8","1.3","0.4","1002.7","0.0","0.61","0.0","0.0"
"2026/09/02 11:30:00","29.8","58.9","057","109","027","1.0","1.3","0.7","1002.7","0.0","0.61","0.0","0.0"
"2026/09/02 11:31:00","29.8","58.8","102","190","037","1.3","2.8","0.3","1002.7","0.0","0.61","0.0","0.0"
"2026/09/02 11:32:00","29.7","59.3","107","160","069","2.3","3.3","0.5","1002.7","0.0","0.61","0.0","0.0"
"2026/09/02 11:33:00","29.8","59.7","151","289","001","1.0","2.2","0.2","1002.7","0.0","0.61","0.0","0.0"
"2026/09/02 11:34:00","29.9","58.5","130","294","051","2.2","3.5","0.4","1002.7","0.0","0.61","0.0","0.0"
"2026/09/02 11:35:00","30.0","57.3","130","182","082","1.4","2.9","0.7","1002.7","0.0","0.61","0.0","0.0"
"2026/09/02 11:36:00","30.0","56.9","051","116","339","0.9","1.4","0.5","1002.7","0.0","0.61","0.0","0.0"
"2026/09/02 11:37:00","30.0","58.0","347","054","299","0.9","1.3","0.4","1002.7","0.0","0.61","0.0","0.0"
"2026/09/02 11:38:00","30.1","58.0","101","198","016","1.3","2.8","0.4","1002.7","0.0","0.61","0.0","0.0"
"2026/09/02 11:39:00","30.1","57.8","155","196","126","2.0","3.6","0.9","1002.7","0.0","0.61","0.0","0.0"
"2026/09/02 11:40:00","30.0","58.1","170","199","134","2.9","3.6","2.0","1002.7","0.0","0.61","0.0","0.0"
"2026/09/02 11:41:00","29.7","59.0","194","219","153","1.7","2.9","0.4","1002.7","0.0","0.61","0.0","0.0"
"2026/09/02 11:42:00","29.6","59.0","168","220","123","1.8","2.7","0.6","1002.7","0.0","0.61","0.0","0.0"
"2026/09/02 11:43:00","29.6","59.5","185","228","132","1.4","2.4","0.5","1002.7","0.0","0.61","0.0","0.0"
"2026/09/02 11:44:00","29.6","59.4","151","213","081","1.0","2.0","0.3","1002.7","0.0","0.61","0.0","0.0"
"2026/09/02 11:45:00","29.7","59.0","169","249","034","1.0","1.8","0.2","1002.6","0.0","0.61","0.0","0.0"
"2026/09/02 11:46:00","29.8","58.9","154","240","055","1.3","2.1","0.3","1002.6","0.0","0.61","0.0","0.0"
"2026/09/02 11:47:00","29.8","58.9","119","156","089","1.2","2.2","0.5","1002.6","0.0","0.61","0.0","0.0"
"2026/09/02 11:48:00","29.8","59.0","148","223","057","1.5","2.3","0.3","1002.6","0.0","0.61","0.0","0.0"
"2026/09/02 11:49:00","29.9","59.4","127","183","058","1.4","2.3","0.7","1002.5","0.0","0.61","0.0","0.0"
"2026/09/02 11:50:00","29.9","59.1","127","223","046","1.0","2.3","0.1","1002.5","0.0","0.61","0.0","0.0"
"2026/09/02 11:51:00","30.0","58.1","156","245","111","1.9","4.1","0.2","1002.5","0.0","0.61","0.0","0.0"
"2026/09/02 11:52:00","29.9","58.4","144","203","108","2.6","3.9","1.1","1002.5","0.0","0.61","0.0","0.0"
"2026/09/02 11:53:00","29.6","58.8","140","169","123","3.3","4.9","2.1","1002.5","0.0","0.61","0.0","0.0"
"2026/09/02 11:54:00","29.5","59.6","148","194","092","2.1","3.1","0.9","1002.5","0.0","0.61","0.0","0.0"
"2026/09/02 11:55:00","29.5","59.3","149","183","127","3.1","4.4","1.8","1002.5","0.0","0.61","0.0","0.0"
"2026/09/02 11:56:00","29.4","59.5","160","192","131","2.3","3.7","1.3","1002.5","0.0","0.61","0.0","0.0"
"2026/09/02 11:57:00","29.5","59.3","182","241","158","2.3","3.9","0.8","1002.5","0.0","0.61","0.0","0.0"
"2026/09/02 11:58:00","29.6","59.4","231","325","163","1.1","2.5","0.1","1002.5","0.0","0.61","0.0","0.0"
"2026/09/02 11:59:00","29.7","58.5","174","224","148","1.8","2.8","0.9","1002.5","0.0","0.61","0.0","0.0"
"2026/09/02 12:00:00","29.8","58.6","175","218","090","1.1","2.2","0.5","1002.5","0.0","0.61","0.0","0.0"
"2026/09/02 12:01:00","30.0","58.0","159","220","136","2.5","3.9","1.2","1002.5","0.0","0.61","0.0","0.0"
"2026/09/02 12:02:00","29.9","58.8","141","242","096","1.9","3.9","0.5","1002.5","0.0","0.61","0.0","0.0"
"2026/09/02 12:03:00","29.9","59.5","141","175","097","1.9","3.3","0.4","1002.5","0.0","0.61","0.0","0.0"
"2026/09/02 12:04:00","30.0","59.2","123","184","072","2.0","3.0","1.0","1002.5","0.0","0.61","0.0","0.0"
"2026/09/02 12:05:00","30.1","58.2","165","211","100","2.3","3.6","0.6","1002.5","0.0","0.61","0.0","0.0"
"2026/09/02 12:06:00","30.1","58.5","118","138","090","2.1","3.0","0.9","1002.5","0.0","0.61","0.0","0.0"
"2026/09/02 12:07:00","30.0","58.9","173","249","351","0.8","1.5","0.3","1002.5","0.0","0.61","0.0","0.0"
"2026/09/02 12:08:00","30.1","58.8","164","301","066","0.6","1.4","0.2","1002.4","0.0","0.61","0.0","0.0"
"2026/09/02 12:09:00","30.3","58.2","101","168","019","0.9","1.5","0.2","1002.4","0.0","0.61","0.0","0.0"
"2026/09/02 12:10:00","30.4","58.1","118","208","013","1.0","1.9","0.3","1002.4","0.0","0.61","0.0","0.0"
"2026/09/02 12:11:00","30.4","57.6","123","194","073","2.0","3.5","0.6","1002.3","0.0","0.61","0.0","0.0"
"2026/09/02 12:12:00","30.3","57.5","123","162","103","2.8","4.0","1.6","1002.3","0.0","0.61","0.0","0.0"
"2026/09/02 12:13:00","30.1","58.0","121","145","094","2.3","3.1","1.6","1002.3","0.0","0.61","0.0","0.0"
"2026/09/02 12:14:00","29.9","58.7","103","118","083","1.3","2.9","0.5","1002.3","0.0","0.61","0.0","0.0"
"2026/09/02 12:15:00","29.8","58.8","098","153","043","1.5","2.6","0.4","1002.3","0.0","0.61","0.0","0.0"
"2026/09/02 12:16:00","29.8","58.8","134","170","108","1.8","3.5","0.3","1002.3","0.0","0.61","0.0","0.0"
"2026/09/02 12:17:00","29.9","58.5","177","224","150","1.5","2.8","0.4","1002.3","0.0","0.61","0.0","0.0"
"2026/09/02 12:18:00","30.0","58.7","184","305","122","1.2","2.3","0.1","1002.3","0.0","0.61","0.0","0.0"
"2026/09/02 12:19:00","30.1","58.2","193","270","134","1.2","2.6","0.3","1002.3","0.0","0.61","0.0","0.0"
"2026/09/02 12:20:00","30.3","58.2","234","345","090","0.7","1.3","0.2","1002.3","0.0","0.61","0.0","0.0"
"2026/09/02 12:21:00","30.5","57.5","173","314","099","1.1","2.2","0.2","1002.3","0.0","0.61","0.0","0.0"
"2026/09/02 12:22:00","30.7","56.8","156","237","038","1.4","2.5","0.6","1002.3","0.0","0.61","0.0","0.0"
"2026/09/02 12:23:00","30.7","56.3","159","217","081","1.8","2.7","1.0","1002.3","0.0","0.61","0.0","0.0"
"2026/09/02 12:24:00","30.6","56.5","124","196","083","2.3","4.6","0.5","1002.3","0.0","0.61","0.0","0.0"
"2026/09/02 12:25:00","30.5","56.7","152","196","119","2.2","3.9","1.2","1002.3","0.0","0.61","0.0","0.0"
"2026/09/02 12:26:00","30.3","56.6","165","190","138","3.2","4.3","2.0","1002.3","0.0","0.61","0.0","0.0"
"2026/09/02 12:27:00","30.2","56.9","172","218","139","2.6","3.7","1.4","1002.3","0.0","0.61","0.0","0.0"
"2026/09/02 12:28:00","30.1","57.5","164","204","104","2.1","3.2","1.0","1002.3","0.0","0.61","0.0","0.0"
"2026/09/02 12:29:00","30.0","57.8","183","229","153","1.8","2.9","0.5","1002.4","0.0","0.61","0.0","0.0"
"2026/09/02 12:30:00","30.0","57.7","182","311","040","1.2","2.3","0.2","1002.3","0.0","0.61","0.0","0.0"
"2026/09/02 12:31:00","30.1","57.9","227","013","050","0.5","1.2","0.1","1002.3","0.0","0.61","0.0","0.0"
"2026/09/02 12:32:00","30.3","57.7","135","175","087","1.9","3.6","0.2","1002.3","0.0","0.61","0.0","0.0"
"2026/09/02 12:33:00","30.2","57.7","151","175","126","3.5","4.6","2.4","1002.3","0.0","0.61","0.0","0.0"
"2026/09/02 12:34:00","30.0","58.2","147","174","102","2.7","3.7","1.5","1002.3","0.0","0.61","0.0","0.0"
"2026/09/02 12:35:00","30.0","58.3","172","251","063","1.5","2.4","0.4","1002.3","0.0","0.61","0.0","0.0"
"2026/09/02 12:36:00","30.1","58.1","164","200","118","1.2","1.8","0.5","1002.3","0.0","0.61","0.0","0.0"
"2026/09/02 12:37:00","30.3","58.1","157","208","086","1.7","4.4","0.3","1002.3","0.0","0.61","0.0","0.0"
"2026/09/02 12:38:00","30.3","56.7","158","188","121","3.7","5.7","1.1","1002.2","0.0","0.61","0.0","0.0"
"2026/09/02 12:39:00","30.2","57.3","171","207","114","2.2","3.5","1.0","1002.2","0.0","0.61","0.0","0.0"
"2026/09/02 12:40:00","30.1","57.9","154","199","089","1.8","3.1","1.1","1002.2","0.0","0.61","0.0","0.0"
"2026/09/02 12:41:00","30.2","58.0","139","172","075","2.3","3.5","1.3","1002.2","0.0","0.61","0.0","0.0"
"2026/09/02 12:42:00","30.1","58.3","154","211","107","1.5","2.8","0.8","1002.2","0.0","0.61","0.0","0.0"
"2026/09/02 12:43:00","30.2","58.9","161","239","081","1.7","3.2","0.5","1002.2","0.0","0.61","0.0","0.0"
"2026/09/02 12:44:00","30.2","58.7","139","188","094","1.7","3.3","0.5","1002.1","0.0","0.61","0.0","0.0"
"2026/09/02 12:45:00","30.2","59.1","149","190","107","2.2","3.7","0.8","1002.1","0.0","0.61","0.0","0.0"
"2026/09/02 12:46:00","30.1","59.2","156","204","119","2.1","3.7","0.5","1002.1","0.0","0.61","0.0","0.0"
"2026/09/02 12:47:00","30.1","59.3","171","213","127","2.0","3.2","0.5","1002.1","0.0","0.61","0.0","0.0"
"2026/09/02 12:48:00","30.1","59.6","190","267","110","1.9","3.5","0.8","1002.1","0.0","0.61","0.0","0.0"
"2026/09/02 12:49:00","30.2","59.6","170","341","082","1.5","3.7","0.3","1002.1","0.0","0.61","0.0","0.0"
"2026/09/02 12:50:00","30.2","59.5","184","230","143","2.4","4.4","0.5","1002.1","0.0","0.61","0.0","0.0"
"2026/09/02 12:51:00","30.1","59.9","183","228","128","2.5","3.8","1.4","1002.1","0.0","0.61","0.0","0.0"
"2026/09/02 12:52:00","30.0","60.2","159","216","109","2.5","4.4","1.0","1002.1","0.0","0.61","0.0","0.0"
"2026/09/02 12:53:00","30.1","60.2","154","302","090","1.6","3.0","0.2","1002.1","0.0","0.61","0.0","0.0"
"2026/09/02 12:54:00","30.1","60.1","149","193","079","2.2","3.5","0.9","1002.1","0.0","0.61","0.0","0.0"
"2026/09/02 12:55:00","30.1","60.1","157","200","112","2.5","4.8","0.9","1002.1","0.0","0.61","0.0","0.0"
"2026/09/02 12:56:00","30.1","59.8","154","204","122","2.5","3.9","0.8","1002.1","0.0","0.61","0.0","0.0"
"2026/09/02 12:57:00","30.0","60.0","161","188","130","3.2","4.7","1.3","1002.1","0.0","0.61","0.0","0.0"
"2026/09/02 12:58:00","29.9","60.1","158","181","122","4.1","5.6","2.0","1002.0","0.0","0.61","0.0","0.0"
"2026/09/02 12:59:00","29.8","60.6","144","183","338","3.7","6.4","2.0","1002.0","0.2","0.62","0.0","0.0"
"2026/09/02 13:00:00","29.7","61.0","168","209","033","4.6","11.2","1.2","1002.0","0.0","0.62","0.0","0.0"
"2026/09/02 13:01:00","29.8","60.9","154","252","040","4.7","12.7","1.0","1002.0","1.0","0.64","0.0","0.0"
"2026/09/02 13:02:00","29.8","60.6","152","210","066","2.6","4.3","0.9","1002.0","0.0","0.64","0.0","0.0"
"2026/09/02 13:03:00","29.9","60.5","149","261","067","3.4","29.4","0.6","1002.0","0.5","0.64","0.0","0.0"
"2026/09/02 13:04:00","30.0","60.3","173","272","067","7.4","29.4","0.6","1002.0","0.0","0.64","0.0","0.0"
"2026/09/02 13:05:00","30.1","59.8","173","272","067","7.4","29.4","0.6","1002.0","0.0","0.64","0.0","0.0"
"2026/09/02 13:06:00","30.2","59.5","226","260","092","7.6","15.1","1.4","1002.0","0.0","0.64","0.0","0.0"
"2026/09/02 13:07:00","30.3","59.6","142","202","074","2.4","3.6","0.6","1001.9","0.0","0.64","0.0","0.0"
"2026/09/02 13:08:00","30.4","58.6","143","219","058","2.2","3.8","0.5","1001.9","0.0","0.64","0.0","0.0"
"2026/09/02 13:09:00","30.5","58.4","166","199","122","3.5","5.5","1.9","1002.0","0.0","0.64","0.0","0.0"
"2026/09/02 13:10:00","30.4","58.5","175","221","099","2.9","4.8","0.8","1001.9","0.0","0.64","0.0","0.0"
"2026/09/02 13:11:00","30.4","58.4","176","242","099","1.9","3.9","0.3","1002.0","0.0","0.64","0.0","0.0"
"2026/09/02 13:12:00","30.6","57.6","150","249","047","1.5","3.3","0.3","1002.0","0.0","0.64","0.0","0.0"
"2026/09/02 13:13:00","30.7","57.9","159","279","014","1.3","3.0","0.2","1002.0","0.0","0.64","0.0","0.0"
"2026/09/02 13:14:00","30.8","57.1","180","235","075","1.9","3.6","0.4","1002.0","0.0","0.64","0.0","0.0"
"2026/09/02 13:15:00","30.8","57.4","191","324","046","1.3","2.4","0.2","1002.0","0.0","0.64","0.0","0.0"
"2026/09/02 13:16:00","30.9","57.2","236","011","099","1.1","2.2","0.2","1002.0","0.0","0.64","0.0","0.0"
"2026/09/02 13:17:00","31.0","56.4","197","291","095","1.4","2.9","0.3","1002.0","0.0","0.64","0.0","0.0"
"2026/09/02 13:18:00","31.0","57.0","184","256","136","1.9","3.3","0.3","1001.9","0.0","0.64","0.0","0.0"
"2026/09/02 13:19:00","31.0","57.1","226","022","097","1.5","3.1","0.3","1001.9","0.0","0.64","0.0","0.0"
"2026/09/02 13:20:00","31.0","56.6","159","240","109","2.2","3.5","0.9","1001.9","0.0","0.64","0.0","0.0"
"2026/09/02 13:21:00","30.8","57.2","174","218","149","2.9","4.5","1.7","1001.9","0.0","0.64","0.0","0.0"
"2026/09/02 13:22:00","30.6","58.0","165","204","126","2.1","3.5","0.6","1001.9","0.0","0.64","0.0","0.0"
"2026/09/02 13:23:00","30.6","57.0","145","311","081","1.7","3.8","0.3","1001.9","0.0","0.64","0.0","0.0"
"2026/09/02 13:24:00","30.5","57.1","140","203","109","3.0","5.1","0.8","1001.9","0.0","0.64","0.0","0.0"
"2026/09/02 13:25:00","30.3","57.6","144","171","129","3.2","4.7","1.5","1001.9","0.0","0.64","0.0","0.0"
"2026/09/02 13:26:00","30.2","58.0","150","224","103","3.0","4.4","0.8","1001.9","0.0","0.64","0.0","0.0"
"2026/09/02 13:27:00","30.3","58.0","141","175","114","3.8","5.3","2.1","1001.9","0.0","0.64","0.0","0.0"
"2026/09/02 13:28:00","30.2","57.9","142","204","114","3.1","5.1","1.3","1001.9","0.0","0.64","0.0","0.0"
"2026/09/02 13:29:00","30.2","58.1","147","189","116","2.5","4.4","1.1","1001.9","0.0","0.64","0.0","0.0"
"2026/09/02 13:30:00","30.3","58.1","155","203","115","2.0","2.8","0.5","1001.9","0.0","0.64","0.0","0.0"
"2026/09/02 13:31:00","30.5","58.0","146","191","113","2.4","4.2","1.3","1001.9","0.0","0.64","0.0","0.0"
"2026/09/02 13:32:00","30.6","56.5","155","179","134","3.7","5.1","2.3","1001.9","0.0","0.64","0.0","0.0"
"2026/09/02 13:33:00","30.5","56.8","161","188","118","3.3","4.4","1.3","1002.0","0.0","0.64","0.0","0.0"
"2026/09/02 13:34:00","30.5","57.0","174","215","112","2.6","3.8","0.5","1002.0","0.0","0.64","0.0","0.0"
"2026/09/02 13:35:00","30.4","57.0","175","202","140","3.5","5.0","2.1","1002.0","0.0","0.64","0.0","0.0"
"2026/09/02 13:36:00","30.3","57.3","176","208","132","1.9","4.2","0.3","1002.0","0.0","0.64","0.0","0.0"
"2026/09/02 13:37:00","30.4","57.3","156","206","041","1.5","2.6","0.5","1002.0","0.0","0.64","0.0","0.0"
"2026/09/02 13:38:00","30.5","57.4","178","247","138","2.0","2.9","0.7","1002.0","0.0","0.64","0.0","0.0"
"2026/09/02 13:39:00","30.6","57.6","178","346","048","1.5","3.1","0.3","1002.0","0.0","0.64","0.0","0.0"
"2026/09/02 13:40:00","30.7","57.8","134","241","020","1.3","2.3","0.2","1002.0","0.0","0.64","0.0","0.0"
"2026/09/02 13:41:00","30.7","57.5","191","323","127","1.6","3.0","0.5","1001.9","0.0","0.64","0.0","0.0"
"2026/09/02 13:42:00","30.8","57.5","169","325","052","1.5","2.9","0.2","1001.9","0.0","0.64","0.0","0.0"
"2026/09/02 13:43:00","30.8","57.4","166","212","130","2.2","3.8","0.8","1001.9","0.0","0.64","0.0","0.0"
"2026/09/02 13:44:00","30.9","56.8","157","232","009","1.7","5.1","0.4","1001.9","0.0","0.64","0.0","0.0"
"2026/09/02 13:45:00","30.9","56.2","181","224","115","2.7","5.3","0.8","1001.8","0.0","0.64","0.0","0.0"
"2026/09/02 13:46:00","30.7","56.7","178","216","129","2.9","5.0","1.2","1001.8","0.0","0.64","0.0","0.0"
"2026/09/02 13:47:00","30.6","57.1","176","239","050","1.4","2.8","0.3","1001.8","0.0","0.64","0.0","0.0"
"2026/09/02 13:48:00","30.7","56.9","177","207","144","2.3","4.2","1.0","1001.8","0.0","0.64","0.0","0.0"
"2026/09/02 13:49:00","30.7","56.9","159","200","110","2.5","3.4","1.2","1001.8","0.0","0.64","0.0","0.0"
"2026/09/02 13:50:00","30.6","56.9","150","229","092","2.6","4.2","0.3","1001.7","0.0","0.64","0.0","0.0"
"2026/09/02 13:51:00","30.5","57.1","169","203","128","2.4","3.6","1.1","1001.7","0.0","0.64","0.0","0.0"
"2026/09/02 13:52:00","30.5","57.5","114","245","038","1.3","2.2","0.3","1001.7","0.0","0.64","0.0","0.0"
"2026/09/02 13:53:00","30.7","57.3","146","248","008","1.2","3.3","0.1","1001.6","0.0","0.64","0.0","0.0"
"2026/09/02 13:54:00","30.8","56.5","156","229","013","2.0","4.8","0.5","1001.6","0.0","0.64","0.0","0.0"
"2026/09/02 13:55:00","30.8","56.7","149","228","066","2.9","5.0","0.3","1001.6","0.0","0.64","0.0","0.0"
"2026/09/02 13:56:00","30.7","56.7","154","191","125","3.3","5.1","1.8","1001.6","0.0","0.64","0.0","0.0"
"2026/09/02 13:57:00","30.5","56.8","132","162","103","2.8","4.9","1.1","1001.6","0.0","0.64","0.0","0.0"
"2026/09/02 13:58:00","30.4","57.4","144","222","085","1.7","3.3","0.1","1001.6","0.0","0.64","0.0","0.0"
"2026/09/02 13:59:00","30.4","57.5","158","204","120","2.1","3.3","0.6","1001.6","0.0","0.64","0.0","0.0"
"2026/09/02 14:00:00","30.5","57.2","140","172","110","1.9","3.0","0.9","1001.5","0.0","0.64","0.0","0.0"
"2026/09/02 14:01:00","30.5","57.5","138","178","108","2.3","3.6","1.0","1001.6","0.0","0.64","0.0","0.0"
"2026/09/02 14:02:00","30.6","57.3","175","215","128","2.1","3.8","0.2","1001.5","0.0","0.64","0.0","0.0"
"2026/09/02 14:03:00","30.6","56.9","170","216","135","2.7","4.5","0.7","1001.5","0.0","0.64","0.0","0.0"
"2026/09/02 14:04:00","30.5","56.7","170","198","143","3.6","4.9","2.0","1001.5","0.0","0.64","0.0","0.0"
"2026/09/02 14:05:00","30.5","57.1","159","213","124","2.5","3.9","1.0","1001.5","0.0","0.64","0.0","0.0"
"2026/09/02 14:06:00","30.5","57.0","160","189","127","3.1","4.6","1.5","1001.5","0.0","0.64","0.0","0.0"
"2026/09/02 14:07:00","30.5","57.2","142","195","072","2.0","3.2","0.8","1001.5","0.0","0.64","0.0","0.0"
"2026/09/02 14:08:00","30.5","56.9","157","224","086","1.5","2.9","0.4","1001.5","0.0","0.64","0.0","0.0"
"2026/09/02 14:09:00","30.6","56.9","129","221","001","1.4","3.5","0.2","1001.4","0.0","0.64","0.0","0.0"
"2026/09/02 14:10:00","30.6","56.8","140","184","086","2.6","4.0","0.8","1001.4","0.0","0.64","0.0","0.0"
"2026/09/02 14:11:00","30.6","56.6","152","191","110","2.6","4.4","1.1","1001.4","0.0","0.64","0.0","0.0"
"2026/09/02 14:12:00","30.6","56.6","143","221","109","2.4","3.9","1.1","1001.4","0.0","0.64","0.0","0.0"
"2026/09/02 14:13:00","30.5","56.7","146","187","120","3.2","4.6","2.0","1001.4","0.0","0.64","0.0","0.0"
"2026/09/02 14:14:00","30.4","57.2","158","214","116","2.6","4.4","0.3","1001.4","0.0","0.64","0.0","0.0"
"2026/09/02 14:15:00","30.4","56.7","173","225","093","2.4","4.0","0.6","1001.4","0.0","0.64","0.0","0.0"
"2026/09/02 14:16:00","30.5","57.2","172","262","024","1.4","2.7","0.4","1001.4","0.0","0.64","0.0","0.0"
"2026/09/02 14:17:00","30.6","57.3","150","210","061","1.6","3.4","0.4","1001.4","0.0","0.64","0.0","0.0"
"2026/09/02 14:18:00","30.6","57.3","177","209","115","2.9","4.1","1.2","1001.3","0.0","0.64","0.0","0.0"
"2026/09/02 14:19:00","30.5","57.4","186","236","131","2.3","3.3","0.8","1001.3","0.0","0.64","0.0","0.0"
"2026/09/02 14:20:00","30.5","57.4","171","216","153","3.0","4.3","1.9","1001.3","0.0","0.64","0.0","0.0"
"2026/09/02 14:21:00","30.4","57.9","173","215","140","2.4","4.3","1.1","1001.3","0.0","0.64","0.0","0.0"
"2026/09/02 14:22:00","30.4","58.0","170","217","097","2.3","3.8","0.4","1001.3","0.0","0.64","0.0","0.0"
"2026/09/02 14:23:00","30.4","58.2","175","252","141","2.5","3.7","0.4","1001.3","0.0","0.64","0.0","0.0"
"2026/09/02 14:24:00","30.4","58.0","192","243","112","2.7","4.4","0.8","1001.3","0.0","0.64","0.0","0.0"
"2026/09/02 14:25:00","30.4","58.3","171","203","124","2.5","3.9","0.9","1001.3","0.0","0.64","0.0","0.0"
"2026/09/02 14:26:00","30.5","57.9","137","184","042","2.6","4.7","0.6","1001.3","0.0","0.64","0.0","0.0"
"2026/09/02 14:27:00","30.4","57.5","154","184","126","3.3","4.8","1.6","1001.2","0.0","0.64","0.0","0.0"
"2026/09/02 14:28:00","30.4","57.6","146","178","109","2.9","4.6","0.5","1001.2","0.0","0.64","0.0","0.0"
"2026/09/02 14:29:00","30.3","57.9","155","209","095","3.0","5.0","1.1","1001.2","0.6","0.65","0.0","0.0"
"2026/09/02 14:30:00","30.2","58.2","172","197","147","3.6","4.8","2.2","1001.2","0.0","0.65","0.0","0.0"
"2026/09/02 14:31:00","30.2","58.2","163","200","126","2.7","4.8","0.9","1001.2","0.0","0.65","0.0","0.0"
"2026/09/02 14:32:00","30.2","57.9","170","205","121","2.8","4.2","0.7","1001.2","0.0","0.65","0.0","0.0"
"2026/09/02 14:33:00","30.2","58.4","166","198","103","2.6","4.1","0.7","1001.1","0.0","0.65","0.0","0.0"
"2026/09/02 14:34:00","30.2","58.5","149","193","109","2.9","4.0","1.5","1001.1","0.0","0.65","0.0","0.0"
"2026/09/02 14:35:00","30.2","58.7","157","270","077","1.4","3.1","0.3","1001.1","0.0","0.65","0.0","0.0"
"2026/09/02 14:36:00","30.3","58.5","153","207","111","2.0","4.1","1.1","1001.1","0.0","0.65","0.0","0.0"
"2026/09/02 14:37:00","30.3","58.2","145","179","115","3.2","5.1","1.5","1001.1","0.0","0.65","0.0","0.0"
"2026/09/02 14:38:00","30.2","58.2","160","198","123","2.5","4.2","0.9","1001.1","0.0","0.65","0.0","0.0"
"2026/09/02 14:39:00","30.2","58.7","174","229","111","1.9","3.2","0.4","1001.1","0.0","0.65","0.0","0.0"
"2026/09/02 14:40:00","30.3","58.0","163","231","112","2.7","4.5","0.3","1001.1","0.0","0.65","0.0","0.0"
"2026/09/02 14:41:00","30.2","57.9","154","182","125","3.0","4.5","1.4","1001.1","0.0","0.65","0.0","0.0"
"2026/09/02 14:42:00","30.2","58.2","175","206","157","2.8","3.8","1.2","1001.1","0.0","0.65","0.0","0.0"
"2026/09/02 14:43:00","30.2","58.2","173","252","116","2.0","3.2","0.6","1001.1","0.0","0.65","0.0","0.0"
"2026/09/02 14:44:00","30.2","58.2","188","275","090","1.9","4.3","0.6","1001.1","0.0","0.65","0.0","0.0"
"2026/09/02 14:45:00","30.3","57.7","183","247","143","2.3","5.0","0.3","1001.0","0.0","0.65","0.0","0.0"
"2026/09/02 14:46:00","30.4","57.8","170","207","127","2.3","4.9","1.0","1001.1","0.0","0.65","0.0","0.0"
"2026/09/02 14:47:00","30.4","57.8","167","285","011","2.1","3.6","0.1","1001.1","0.0","0.65","0.0","0.0"
"2026/09/02 14:48:00","30.4","57.2","158","174","134","3.8","4.9","2.5","1001.1","0.0","0.65","0.0","0.0"
"2026/09/02 14:49:00","30.3","57.5","162","207","125","3.3","4.6","1.8","1001.1","0.0","0.65","0.0","0.0"
"2026/09/02 14:50:00","30.2","57.7","153","186","066","2.0","3.0","0.3","1001.1","0.0","0.65","0.0","0.0"
"2026/09/02 14:51:00","30.2","57.5","168","207","115","1.8","2.9","0.8","1001.1","0.0","0.65","0.0","0.0"
"2026/09/02 14:52:00","30.3","57.3","152","228","094","2.4","4.3","0.4","1001.1","0.0","0.65","0.0","0.0"
"2026/09/02 14:53:00","30.4","57.0","147","214","104","3.4","4.9","1.8","1001.1","0.0","0.65","0.0","0.0"
"2026/09/02 14:54:00","30.3","57.2","152","197","110","3.0","4.4","1.6","1001.1","0.0","0.65","0.0","0.0"
"2026/09/02 14:55:00","30.3","57.2","163","200","139","3.3","4.9","1.9","1001.1","0.0","0.65","0.0","0.0"
"2026/09/02 14:56:00","30.2","57.5","156","186","125","2.5","3.6","1.1","1001.1","0.0","0.65","0.0","0.0"
"2026/09/02 14:57:00","30.2","57.8","175","218","124","1.4","2.6","0.6","1001.1","0.0","0.65","0.0","0.0"
"2026/09/02 14:58:00","30.4","57.9","155","186","115","1.8","2.8","0.6","1001.0","0.0","0.65","0.0","0.0"
"2026/09/02 14:59:00","30.4","57.2","138","183","088","2.6","4.2","1.2","1001.0","0.0","0.65","0.0","0.0"
"2026/09/02 15:00:00","30.4","57.0","147","180","110","3.3","4.6","1.6","1001.0","0.0","0.65","0.0","0.0"
"2026/09/02 15:01:00","30.4","57.6","147","208","097","2.6","3.9","1.0","1001.0","0.0","0.65","0.0","0.0"
"2026/09/02 15:02:00","30.4","57.6","139","227","055","2.5","4.6","0.5","1001.0","0.0","0.66","0.0","0.0"
"2026/09/02 15:03:00","30.6","57.6","122","278","320","4.1","9.4","0.5","1001.0","0.2","0.66","0.0","0.0"
"2026/09/02 15:04:00","30.7","57.3","129","235","015","1.0","1.6","0.6","1001.0","0.0","0.66","0.0","0.0"
"2026/09/02 15:05:00","30.9","55.9","155","243","093","2.1","3.8","0.6","1001.0","0.0","0.66","0.0","0.0"
"2026/09/02 15:06:00","30.8","55.8","142","168","110","2.7","3.9","1.6","1001.0","0.0","0.66","0.0","0.0"
"2026/09/02 15:07:00","30.7","55.7","148","195","087","2.0","3.4","0.8","1000.9","0.0","0.66","0.0","0.0"
"2026/09/02 15:08:00","30.6","55.8","142","205","084","2.8","4.4","0.5","1000.9","0.0","0.66","0.0","0.0"
"2026/09/02 15:09:00","30.5","56.5","150","193","107","3.1","4.2","1.6","1000.9","0.0","0.66","0.0","0.0"
"2026/09/02 15:10:00","30.5","56.5","150","191","084","2.2","4.0","0.6","1000.9","0.0","0.66","0.0","0.0"
"2026/09/02 15:11:00","30.5","56.4","151","190","099","1.9","3.0","0.9","1000.9","0.0","0.66","0.0","0.0"
"2026/09/02 15:12:00","30.5","56.8","139","215","042","1.6","2.7","0.5","1000.9","0.0","0.66","0.0","0.0"
"2026/09/02 15:13:00","30.5","56.6","170","205","126","2.5","4.3","0.5","1000.9","0.0","0.66","0.0","0.0"
"2026/09/02 15:14:00","30.5","56.5","178","238","147","3.3","4.6","1.5","1000.8","0.0","0.66","0.0","0.0"
"2026/09/02 15:15:00","30.4","56.6","175","193","146","3.7","5.1","2.1","1000.9","0.0","0.66","0.0","0.0"
"2026/09/02 15:16:00","30.4","56.6","165","206","135","3.5","5.4","1.6","1000.9","0.0","0.66","0.0","0.0"
"2026/09/02 15:17:00","30.3","57.1","164","210","071","2.5","4.3","0.9","1000.9","0.0","0.66","0.0","0.0"
"2026/09/02 15:18:00","30.3","57.2","165","227","124","2.5","4.5","0.4","1000.9","0.0","0.66","0.0","0.0"
"2026/09/02 15:19:00","30.4","57.1","157","204","116","2.6","4.1","1.3","1000.9","0.0","0.66","0.0","0.0"
"2026/09/02 15:20:00","30.4","56.9","167","221","100","2.3","3.8","0.4","1000.9","0.0","0.66","0.0","0.0"
"2026/09/02 15:21:00","30.5","57.0","177","223","124","2.1","3.3","1.1","1000.8","0.0","0.66","0.0","0.0"
"2026/09/02 15:22:00","30.5","56.7","173","236","115","2.4","4.3","0.6","1000.8","0.0","0.66","0.0","0.0"
"2026/09/02 15:23:00","30.6","56.6","183","235","114","3.0","4.8","1.5","1000.8","0.0","0.66","0.0","0.0"
"2026/09/02 15:24:00","30.6","56.7","185","245","126","2.4","3.6","1.2","1000.9","0.0","0.66","0.0","0.0"
"2026/09/02 15:25:00","30.6","56.4","165","199","104","2.9","4.1","1.6","1000.9","0.0","0.66","0.0","0.0"
"2026/09/02 15:26:00","30.5","56.5","183","228","134","2.8","4.8","1.4","1000.9","0.0","0.66","0.0","0.0"
"2026/09/02 15:27:00","30.5","56.4","179","230","116","3.1","4.2","1.1","1000.9","0.0","0.66","0.0","0.0"
"2026/09/02 15:28:00","30.4","56.6","164","285","098","2.4","4.2","0.6","1000.9","0.0","0.66","0.0","0.0"
"2026/09/02 15:29:00","30.4","56.9","177","245","135","2.5","4.3","1.6","1000.9","0.0","0.66","0.0","0.0"
"2026/09/02 15:30:00","30.5","57.0","173","250","077","1.5","3.3","0.3","1001.0","0.0","0.66","0.0","0.0"
"2026/09/02 15:31:00","30.6","56.7","200","242","138","2.5","3.8","1.3","1000.9","0.0","0.66","0.0","0.0"
"2026/09/02 15:32:00","30.7","56.7","202","304","129","1.7","3.3","0.5","1000.9","0.0","0.66","0.0","0.0"
"2026/09/02 15:33:00","30.8","56.6","173","242","076","1.7","3.4","0.4","1001.0","0.0","0.66","0.0","0.0"
"2026/09/02 15:34:00","30.9","56.3","167","270","048","1.7","3.5","0.4","1001.0","0.0","0.66","0.0","0.0"
"2026/09/02 15:35:00","31.0","56.0","167","235","079","1.8","3.8","0.3","1001.0","0.0","0.66","0.0","0.0"
"2026/09/02 15:36:00","31.0","55.7","172","207","134","3.2","5.3","1.6","1001.0","0.0","0.66","0.0","0.0"
"2026/09/02 15:37:00","30.9","56.2","169","293","115","2.1","4.3","0.7","1001.0","0.0","0.66","0.0","0.0"
"2026/09/02 15:38:00","31.0","55.6","172","238","122","2.2","5.0","0.7","1001.0","0.0","0.66","0.0","0.0"
"2026/09/02 15:39:00","30.8","55.3","164","190","094","3.7","5.6","2.3","1001.0","0.0","0.66","0.0","0.0"
"2026/09/02 15:40:00","30.6","55.7","176","206","150","3.7","5.7","2.2","1001.0","0.0","0.66","0.0","0.0"
"2026/09/02 15:41:00","30.5","56.2","175","214","127","3.0","4.6","1.3","1001.0","0.0","0.66","0.0","0.0"
"2026/09/02 15:42:00","30.4","56.6","161","209","120","3.3","4.8","1.6","1001.0","0.0","0.66","0.0","0.0"
"2026/09/02 15:43:00","30.4","56.8","161","191","116","3.7","5.8","1.8","1000.9","0.0","0.66","0.0","0.0"
"2026/09/02 15:44:00","30.4","57.2","181","249","137","2.4","4.7","0.8","1001.0","0.0","0.66","0.0","0.0"
"2026/09/02 15:45:00","30.5","56.7","174","225","142","2.5","4.1","1.4","1001.0","0.0","0.66","0.0","0.0"
"2026/09/02 15:46:00","30.5","56.4","168","200","128","3.1","5.0","1.3","1001.0","0.0","0.66","0.0","0.0"
"2026/09/02 15:47:00","30.4","57.0","161","205","090","2.6","4.2","0.7","1001.1","0.0","0.66","0.0","0.0"
"2026/09/02 15:48:00","30.4","57.2","195","263","144","2.8","4.6","0.9","1001.1","0.0","0.66","0.0","0.0"
"2026/09/02 15:49:00","30.5","56.7","190","310","121","1.1","2.3","0.1","1001.1","0.0","0.66","0.0","0.0"
"2026/09/02 15:50:00","30.6","56.4","142","221","095","1.8","3.2","0.3","1001.1","0.0","0.66","0.0","0.0"
"2026/09/02 15:51:00","30.5","56.6","153","206","061","1.8","3.0","0.2","1001.0","0.0","0.66","0.0","0.0"
"2026/09/02 15:52:00","30.5","56.7","159","198","134","2.1","3.0","0.5","1001.0","0.0","0.66","0.0","0.0"
"2026/09/02 15:53:00","30.5","57.1","164","190","114","1.9","2.8","0.8","1001.0","0.0","0.66","0.0","0.0"
"2026/09/02 15:54:00","30.5","57.1","166","254","093","1.2","2.3","0.6","1001.0","0.0","0.66","0.0","0.0"
"2026/09/02 15:55:00","30.6","56.9","180","237","093","1.3","2.7","0.2","1001.0","0.0","0.66","0.0","0.0"
"2026/09/02 15:56:00","30.7","57.1","193","336","022","0.8","2.1","0.1","1001.0","0.0","0.66","0.0","0.0"
"2026/09/02 15:57:00","30.7","56.4","194","285","139","2.7","4.4","0.9","1001.0","0.0","0.66","0.0","0.0"
"2026/09/02 15:58:00","30.7","56.2","218","343","043","2.0","5.3","0.4","1001.0","0.0","0.66","0.0","0.0"
"2026/09/02 15:59:00","30.6","56.5","204","249","152","2.7","5.0","1.2","1001.1","0.0","0.66","0.0","0.0"
"2026/09/02 16:00:00","30.5","56.6","171","276","123","2.6","5.0","1.1","1001.1","0.0","0.66","0.0","0.0"
"2026/09/02 16:01:00","30.4","56.6","206","267","138","2.4","4.2","0.8","1001.0","0.0","0.66","0.0","0.0"
"2026/09/02 16:02:00","30.4","56.9","188","348","058","2.8","5.5","0.3","1001.0","0.0","0.66","0.0","0.0"
"2026/09/02 16:03:00","30.3","56.9","207","348","041","2.1","4.8","0.3","1001.1","0.0","0.66","0.0","0.0"
"2026/09/02 16:04:00","30.3","57.1","185","252","139","3.3","5.0","1.4","1001.1","0.0","0.66","0.0","0.0"
"2026/09/02 16:05:00","30.3","56.9","181","298","106","2.7","5.7","0.3","1001.1","0.0","0.66","0.0","0.0"
"2026/09/02 16:06:00","30.2","57.2","177","241","137","3.5","5.2","0.8","1001.1","0.0","0.66","0.0","0.0"
"2026/09/02 16:07:00","30.2","57.5","174","223","142","2.5","4.3","1.0","1001.2","0.0","0.66","0.0","0.0"
"2026/09/02 16:08:00","30.2","57.4","192","240","149","2.9","4.4","1.2","1001.2","0.0","0.66","0.0","0.0"
"2026/09/02 16:09:00","30.2","57.5","168","190","139","2.7","3.9","1.5","1001.2","0.0","0.66","0.0","0.0"
"2026/09/02 16:10:00","30.2","57.7","178","231","103","2.1","4.0","0.6","1001.2","0.0","0.66","0.0","0.0"
"2026/09/02 16:11:00","30.2","57.3","187","283","115","2.3","4.4","0.4","1001.1","0.0","0.66","0.0","0.0"
"2026/09/02 16:12:00","30.2","57.3","181","260","111","1.9","3.4","0.6","1001.1","0.0","0.66","0.0","0.0"
"2026/09/02 16:13:00","30.3","57.0","206","335","119","2.0","3.9","0.6","1001.1","0.0","0.66","0.0","0.0"
"2026/09/02 16:14:00","30.2","57.0","190","248","140","2.5","4.0","1.0","1001.1","0.0","0.66","0.0","0.0"
"2026/09/02 16:15:00","30.2","57.3","182","248","110","2.3","4.3","0.4","1001.1","0.0","0.66","0.0","0.0"
"2026/09/02 16:16:00","30.2","57.3","183","229","127","2.3","3.9","1.0","1001.2","0.0","0.66","0.0","0.0"
"2026/09/02 16:17:00","30.2","57.4","172","232","120","2.1","3.4","0.9","1001.2","0.0","0.66","0.0","0.0"
"2026/09/02 16:18:00","30.2","57.5","169","220","121","3.2","5.1","1.8","1001.2","0.0","0.66","0.0","0.0"
"2026/09/02 16:19:00","30.2","57.2","165","213","104","2.4","4.2","0.7","1001.2","0.0","0.66","0.0","0.0"
"2026/09/02 16:20:00","30.2","57.2","169","213","127","2.8","4.8","0.9","1001.2","0.0","0.66","0.0","0.0"
"2026/09/02 16:21:00","30.2","57.4","158","209","097","2.0","4.3","0.6","1001.2","0.0","0.66","0.0","0.0"
"2026/09/02 16:22:00","30.2","56.6","172","227","088","2.5","5.4","0.6","1001.2","0.0","0.66","0.0","0.0"
"2026/09/02 16:23:00","30.1","56.8","181","230","135","3.1","6.1","1.7","1001.2","0.0","0.66","0.0","0.0"
"2026/09/02 16:24:00","30.0","57.0","175","227","115","2.7","4.9","0.2","1001.2","0.0","0.66","0.0","0.0"
"2026/09/02 16:25:00","29.9","57.4","188","230","154","3.2","4.7","1.6","1001.2","0.0","0.66","0.0","0.0"
"2026/09/02 16:26:00","29.8","57.8","157","224","117","2.7","5.0","0.8","1001.2","0.0","0.66","0.0","0.0"
"2026/09/02 16:27:00","29.8","57.9","176","226","150","2.6","4.1","1.3","1001.2","0.0","0.66","0.0","0.0"
"2026/09/02 16:28:00","29.8","58.0","183","264","120","3.2","5.5","1.1","1001.2","0.0","0.66","0.0","0.0"
"2026/09/02 16:29:00","29.7","58.2","174","260","125","2.4","4.2","1.0","1001.2","0.0","0.66","0.0","0.0"
"2026/09/02 16:30:00","29.7","58.3","186","248","131","1.7","2.4","0.7","1001.2","0.0","0.66","0.0","0.0"
"2026/09/02 16:31:00","29.8","58.0","184","235","119","2.4","4.9","0.7","1001.2","0.0","0.66","0.0","0.0"
"2026/09/02 16:32:00","29.7","58.1","178","229","120","2.2","3.8","0.9","1001.3","0.0","0.66","0.0","0.0"
"2026/09/02 16:33:00","29.8","58.3","169","225","123","2.6","4.4","1.0","1001.3","0.0","0.66","0.0","0.0"
"2026/09/02 16:34:00","29.7","58.7","163","207","127","2.0","3.3","1.2","1001.3","0.0","0.66","0.0","0.0"
"2026/09/02 16:35:00","29.7","58.8","173","240","128","1.8","3.2","0.2","1001.3","0.0","0.66","0.0","0.0"
"2026/09/02 16:36:00","29.7","59.1","189","328","130","2.2","3.8","0.4","1001.3","0.0","0.66","0.0","0.0"
"2026/09/02 16:37:00","29.7","59.1","193","356","097","2.5","4.5","0.4","1001.3","0.0","0.66","0.0","0.0"
"2026/09/02 16:38:00","29.6","59.2","192","251","068","3.0","4.9","0.5","1001.3","0.0","0.66","0.0","0.0"
"2026/09/02 16:39:00","29.6","59.6","184","300","137","2.2","4.2","0.6","1001.3","0.0","0.66","0.0","0.0"
"2026/09/02 16:40:00","29.5","59.6","188","252","143","3.4","6.4","0.8","1001.3","0.0","0.66","0.0","0.0"
"2026/09/02 16:41:00","29.5","59.9","194","241","144","3.3","5.8","1.9","1001.3","0.0","0.66","0.0","0.0"
"2026/09/02 16:42:00","29.4","60.4","181","235","113","3.0","4.9","1.3","1001.3","0.0","0.66","0.0","0.0"
"2026/09/02 16:43:00","29.4","60.5","183","218","111","3.0","4.8","1.0","1001.3","0.0","0.66","0.0","0.0"
"2026/09/02 16:44:00","29.3","60.8","180","235","138","3.2","5.7","1.1","1001.3","0.0","0.66","0.0","0.0"
"2026/09/02 16:45:00","29.2","61.1","162","187","128","2.8","4.8","1.2","1001.3","0.0","0.66","0.0","0.0"
"2026/09/02 16:46:00","29.2","61.4","169","210","088","2.6","4.2","1.0","1001.4","0.0","0.66","0.0","0.0"
"2026/09/02 16:47:00","29.1","61.4","158","203","101","4.0","6.4","1.0","1001.3","0.0","0.66","0.0","0.0"
"2026/09/02 16:48:00","29.0","61.8","158","229","127","4.0","6.0","1.9","1001.3","0.0","0.66","0.0","0.0"
"2026/09/02 16:49:00","29.0","62.0","160","245","109","2.7","5.6","0.3","1001.4","0.0","0.66","0.0","0.0"
"2026/09/02 16:50:00","28.9","62.1","168","201","112","3.0","4.7","1.3","1001.4","0.0","0.66","0.0","0.0"
"2026/09/02 16:51:00","28.9","62.3","170","229","140","3.3","6.0","1.6","1001.3","0.0","0.66","0.0","0.0"
"2026/09/02 16:52:00","28.9","62.1","170","231","119","3.3","5.2","1.5","1001.4","0.0","0.66","0.0","0.0"
"2026/09/02 16:53:00","28.8","61.9","174","214","130","3.9","5.6","2.2","1001.4","0.0","0.66","0.0","0.0"
"2026/09/02 16:54:00","28.7","62.0","175","227","132","4.2","5.7","2.3","1001.4","0.0","0.66","0.0","0.0"
"2026/09/02 16:55:00","28.7","61.8","173","205","123","4.6","7.1","2.4","1001.4","0.0","0.66","0.0","0.0"
"2026/09/02 16:56:00","28.7","61.8","159","191","100","3.5","6.5","0.7","1001.3","0.0","0.66","0.0","0.0"
"2026/09/02 16:57:00","28.7","62.0","167","221","101","3.1","5.3","0.8","1001.4","0.0","0.66","0.0","0.0"
"2026/09/02 16:58:00","28.6","62.1","170","217","110","3.3","4.8","1.9","1001.4","0.0","0.66","0.0","0.0"
"2026/09/02 16:59:00","28.6","62.3","179","220","112","3.1","5.4","0.7","1001.4","0.0","0.66","0.0","0.0"
"2026/09/02 17:00:00","28.6","62.5","184","223","119","3.3","5.4","0.9","1001.2","0.0","0.66","0.0","0.0"
"2026/09/02 17:01:00","28.6","62.8","173","196","145","4.1","5.9","2.2","1001.4","0.0","0.66","0.0","0.0"
"2026/09/02 17:02:00","28.6","63.1","178","245","141","2.7","4.5","0.7","1001.5","0.0","0.66","0.0","0.0"
"2026/09/02 17:03:00","28.6","63.3","154","223","086","2.0","4.0","0.5","1001.5","0.0","0.66","0.0","0.0"
"2026/09/02 17:04:00","28.6","63.2","178","218","156","3.7","5.9","1.7","1001.5","0.0","0.66","0.0","0.0"
"2026/09/02 17:05:00","28.6","63.5","173","202","146","3.8","5.7","1.5","1001.5","0.0","0.66","0.0","0.0"
"2026/09/02 17:06:00","28.5","63.7","176","237","096","3.3","5.5","0.4","1001.5","0.0","0.66","0.0","0.0"
"2026/09/02 17:07:00","28.5","64.2","151","193","094","2.9","6.0","1.3","1001.5","0.0","0.66","0.0","0.0"
"2026/09/02 17:08:00","28.5","64.6","160","225","110","2.2","3.8","0.7","1001.5","0.0","0.66","0.0","0.0"
"2026/09/02 17:09:00","28.5","64.2","150","209","115","2.3","3.3","0.9","1001.5","0.0","0.66","0.0","0.0"
"2026/09/02 17:10:00","28.5","63.9","155","250","074","1.8","3.3","0.3","1001.5","0.0","0.66","0.0","0.0"
"2026/09/02 17:11:00","28.6","63.7","149","252","104","2.2","4.5","0.9","1001.5","0.0","0.66","0.0","0.0"
"2026/09/02 17:12:00","28.5","64.0","153","199","125","3.7","5.3","1.2","1001.5","0.0","0.66","0.0","0.0"
"2026/09/02 17:13:00","28.5","64.9","167","244","104","3.2","5.9","0.7","1001.5","0.0","0.66","0.0","0.0"
"2026/09/02 17:14:00","28.4","65.2","154","196","106","3.0","5.8","0.8","1001.4","0.0","0.66","0.0","0.0"
"2026/09/02 17:15:00","28.4","65.8","147","179","102","3.6","5.9","0.7","1001.4","0.0","0.66","0.0","0.0"
"2026/09/02 17:16:00","28.3","66.0","162","229","123","3.1","5.9","1.0","1001.4","0.0","0.66","0.0","0.0"
"2026/09/02 17:17:00","28.2","66.2","152","194","123","3.5","4.7","1.8","1001.4","0.0","0.66","0.0","0.0"
"2026/09/02 17:18:00","28.2","66.7","155","197","123","3.8","5.6","2.1","1001.4","0.0","0.66","0.0","0.0"
"2026/09/02 17:19:00","28.1","66.9","151","184","117","3.2","5.3","1.4","1001.4","0.0","0.66","0.0","0.0"
"2026/09/02 17:20:00","28.1","67.3","152","172","115","3.9","5.6","1.2","1001.5","0.0","0.66","0.0","0.0"
"2026/09/02 17:21:00","28.1","67.5","163","202","132","2.2","3.3","1.0","1001.5","0.0","0.66","0.0","0.0"
"2026/09/02 17:22:00","28.1","67.6","157","193","112","1.8","3.4","0.9","1001.5","0.0","0.66","0.0","0.0"
"2026/09/02 17:23:00","28.1","67.5","158","225","083","1.4","2.8","0.2","1001.4","0.0","0.66","0.0","0.0"
"2026/09/02 17:24:00","28.1","67.1","152","198","107","2.3","4.4","1.1","1001.5","0.0","0.66","0.0","0.0"
"2026/09/02 17:25:00","28.2","66.9","152","195","110","2.1","3.3","1.1","1001.5","0.0","0.66","0.0","0.0"
"2026/09/02 17:26:00","28.2","66.7","148","194","119","2.2","3.6","0.9","1001.5","0.0","0.66","0.0","0.0"
"2026/09/02 17:27:00","28.2","66.7","153","191","123","2.2","3.8","1.3","1001.5","0.0","0.66","0.0","0.0"
"2026/09/02 17:28:00","28.2","66.8","154","204","117","2.0","4.5","1.1","1001.4","0.0","0.66","0.0","0.0"
"2026/09/02 17:29:00","28.1","66.7","158","177","136","3.6","4.9","2.5","1001.4","0.0","0.66","0.0","0.0"
"2026/09/02 17:30:00","28.1","66.9","156","195","131","3.3","4.1","1.6","1001.5","0.0","0.66","0.0","0.0"
"2026/09/02 17:31:00","28.1","67.4","159","205","127","1.9","3.0","0.9","1001.5","0.0","0.66","0.0","0.0"
"2026/09/02 17:32:00","28.1","68.2","160","228","104","1.5","2.6","0.4","1001.4","0.0","0.66","0.0","0.0"
"2026/09/02 17:33:00","28.0","68.4","164","288","108","1.9","3.9","0.2","1001.4","0.0","0.66","0.0","0.0"
"2026/09/02 17:34:00","28.0","68.5","185","224","136","3.2","4.8","1.5","1001.4","0.0","0.66","0.0","0.0"
"2026/09/02 17:35:00","28.0","68.8","173","233","115","1.6","3.1","0.1","1001.4","0.0","0.66","0.0","0.0"
"2026/09/02 17:36:00","28.0","68.6","199","240","147","2.4","3.9","0.7","1001.4","0.0","0.66","0.0","0.0"
"2026/09/02 17:37:00","27.9","68.4","171","224","106","2.5","3.8","1.0","1001.4","0.0","0.66","0.0","0.0"
"2026/09/02 17:38:00","27.9","68.5","183","244","147","2.5","4.2","0.6","1001.4","0.0","0.66","0.0","0.0"
"2026/09/02 17:39:00","27.9","68.4","186","256","133","2.2","3.9","0.7","1001.4","0.0","0.66","0.0","0.0"
"2026/09/02 17:40:00","27.8","68.4","175","209","146","2.9","4.2","1.7","1001.3","0.0","0.66","0.0","0.0"
"2026/09/02 17:41:00","27.8","68.5","165","214","096","1.7","3.8","0.6","1001.3","0.0","0.66","0.0","0.0"
"2026/09/02 17:42:00","27.8","68.5","179","236","117","2.5","3.9","0.6","1001.3","0.0","0.66","0.0","0.0"
"2026/09/02 17:43:00","27.8","68.6","171","228","111","2.5","5.2","0.4","1001.3","0.0","0.66","0.0","0.0"
"2026/09/02 17:44:00","27.8","68.8","171","210","149","3.3","4.9","1.4","1001.3","0.0","0.66","0.0","0.0"
"2026/09/02 17:45:00","27.7","69.0","178","233","121","2.8","4.4","1.0","1001.3","0.0","0.66","0.0","0.0"
"2026/09/02 17:46:00","27.7","69.4","172","202","129","4.3","5.9","2.3","1001.3","0.0","0.66","0.0","0.0"
"2026/09/02 17:47:00","27.6","69.5","171","234","107","2.1","4.3","0.5","1001.4","0.0","0.66","0.0","0.0"
"2026/09/02 17:48:00","27.6","69.6","185","229","152","2.3","3.3","1.3","1001.3","0.0","0.66","0.0","0.0"
"2026/09/02 17:49:00","27.6","69.6","181","261","102","2.2","4.0","0.2","1001.3","0.0","0.66","0.0","0.0"
"2026/09/02 17:50:00","27.6","69.5","182","229","142","2.8","4.4","0.6","1001.2","0.1","0.66","0.0","0.0"
"2026/09/02 17:51:00","27.6","69.7","194","261","146","2.0","4.3","1.1","1001.3","0.0","0.66","0.0","0.0"
"2026/09/02 17:52:00","27.6","69.8","161","203","113","1.6","2.6","0.5","1001.3","0.0","0.66","0.0","0.0"
"2026/09/02 17:53:00","27.6","69.8","176","235","093","2.1","3.5","1.0","1001.2","0.0","0.66","0.0","0.0"
"2026/09/02 17:54:00","27.6","69.9","175","227","129","1.7","3.1","0.6","1001.2","0.0","0.66","0.0","0.0"
"2026/09/02 17:55:00","27.7","69.9","176","220","130","1.8","3.2","0.6","1001.3","0.0","0.66","0.0","0.0"
"2026/09/02 17:56:00","27.7","69.9","171","203","141","2.2","3.1","1.2","1001.3","0.0","0.66","0.0","0.0"
"2026/09/02 17:57:00","27.7","69.9","171","205","132","2.2","3.7","1.2","1001.3","0.0","0.66","0.0","0.0"
"2026/09/02 17:58:00","27.7","70.0","177","211","132","2.1","3.6","1.0","1001.3","0.0","0.66","0.0","0.0"
"2026/09/02 17:59:00","27.6","69.5","165","218","113","2.5","4.1","0.4","1001.3","0.0","0.66","0.0","0.0"
"2026/09/02 18:00:00","27.6","69.8","174","203","141","3.5","4.9","1.7","1001.3","0.0","0.66","0.0","0.0"
"2026/09/02 18:01:00","27.6","69.8","174","213","147","2.4","3.8","0.8","1001.3","0.0","0.66","0.0","0.0"
"2026/09/02 18:02:00","27.6","69.9","172","218","126","2.8","4.6","1.4","1001.3","0.0","0.66","0.0","0.0"
"2026/09/02 18:03:00","27.6","70.1","163","210","125","2.0","3.8","0.9","1001.4","0.0","0.66","0.0","0.0"
"2026/09/02 18:04:00","27.6","70.2","175","210","144","2.8","4.5","1.3","1001.4","0.0","0.66","0.0","0.0"
"2026/09/02 18:05:00","27.5","70.4","184","227","146","2.3","3.8","1.3","1001.4","0.0","0.66","0.0","0.0"
"2026/09/02 18:06:00","27.5","70.5","162","204","108","2.3","3.8","1.1","1001.4","0.0","0.66","0.0","0.0"
"2026/09/02 18:07:00","27.5","70.5","200","252","158","1.2","3.2","0.2","1001.4","0.0","0.66","0.0","0.0"
"2026/09/02 18:08:00","27.5","70.5","193","258","146","1.7","2.6","0.5","1001.4","0.0","0.66","0.0","0.0"
"2026/09/02 18:09:00","27.5","70.6","177","241","050","2.0","3.7","0.4","1001.4","0.0","0.66","0.0","0.0"
"2026/09/02 18:10:00","27.5","70.6","171","228","121","2.7","3.9","1.0","1001.4","0.0","0.66","0.0","0.0"
"2026/09/02 18:11:00","27.5","70.8","177","221","140","2.1","3.7","0.5","1001.4","0.0","0.66","0.0","0.0"
"2026/09/02 18:12:00","27.4","70.9","182","230","160","2.4","4.5","0.4","1001.4","0.0","0.66","0.0","0.0"
"2026/09/02 18:13:00","27.4","71.1","179","225","152","2.0","3.6","0.4","1001.4","0.0","0.66","0.0","0.0"
"2026/09/02 18:14:00","27.4","71.2","188","275","125","1.7","3.1","0.2","1001.4","0.0","0.66","0.0","0.0"
"2026/09/02 18:15:00","27.4","71.2","172","209","119","2.7","4.6","0.9","1001.4","0.0","0.66","0.0","0.0"
"2026/09/02 18:16:00","27.4","71.3","176","218","143","2.0","3.0","0.6","1001.4","0.0","0.66","0.0","0.0"
"2026/09/02 18:17:00","27.4","71.4","175","208","116","1.5","2.4","0.7","1001.5","0.0","0.66","0.0","0.0"
"2026/09/02 18:18:00","27.4","71.4","174","207","124","1.7","2.8","0.5","1001.5","0.0","0.66","0.0","0.0"
"2026/09/02 18:19:00","27.4","71.4","157","231","087","1.5","3.4","0.3","1001.5","0.0","0.66","0.0","0.0"
"2026/09/02 18:20:00","27.4","71.4","166","219","065","2.0","3.6","0.7","1001.4","0.0","0.66","0.0","0.0"
"2026/09/02 18:21:00","27.4","71.5","196","250","054","1.0","1.5","0.6","1001.5","0.0","0.66","0.0","0.0"
"2026/09/02 18:22:00","27.4","71.6","183","226","106","1.7","3.0","0.8","1001.5","0.0","0.66","0.0","0.0"
"2026/09/02 18:23:00","27.4","71.6","171","218","114","2.5","4.7","0.6","1001.5","0.0","0.66","0.0","0.0"
"2026/09/02 18:24:00","27.4","71.7","180","238","155","2.4","3.8","0.5","1001.5","0.0","0.66","0.0","0.0"
"2026/09/02 18:25:00","27.3","71.9","169","211","120","2.8","4.3","1.1","1001.5","0.0","0.66","0.0","0.0"
"2026/09/02 18:26:00","27.3","72.0","148","192","076","1.6","3.1","0.6","1001.5","0.0","0.66","0.0","0.0"
"2026/09/02 18:27:00","27.3","72.0","188","226","144","1.3","2.0","0.5","1001.5","0.0","0.66","0.0","0.0"
"2026/09/02 18:28:00","27.4","72.0","173","236","092","1.2","2.3","0.4","1001.5","0.0","0.66","0.0","0.0"
"2026/09/02 18:29:00","27.4","72.0","176","233","119","1.3","2.2","0.2","1001.5","0.0","0.66","0.0","0.0"
"2026/09/02 18:30:00","27.4","72.0","172","188","122","2.2","3.2","1.2","1001.5","0.0","0.66","0.0","0.0"
"2026/09/02 18:31:00","27.4","72.1","170","223","129","1.5","3.1","0.6","1001.5","0.0","0.66","0.0","0.0"
"2026/09/02 18:32:00","27.4","72.2","182","224","132","2.4","3.8","1.1","1001.5","0.0","0.66","0.0","0.0"
"2026/09/02 18:33:00","27.4","72.3","178","225","135","1.8","3.1","0.6","1001.5","0.0","0.66","0.0","0.0"
"2026/09/02 18:34:00","27.3","72.5","179","226","153","2.7","4.9","1.2","1001.5","0.0","0.66","0.0","0.0"
"2026/09/02 18:35:00","27.3","72.5","144","195","107","1.8","3.5","0.6","1001.5","0.0","0.66","0.0","0.0"
"2026/09/02 18:36:00","27.3","72.6","177","212","102","2.3","4.2","0.9","1001.5","0.0","0.66","0.0","0.0"
"2026/09/02 18:37:00","27.3","72.7","177","298","123","1.7","2.9","0.3","1001.5","0.0","0.66","0.0","0.0"
"2026/09/02 18:38:00","27.3","72.9","174","311","107","1.4","2.6","0.3","1001.5","0.0","0.66","0.0","0.0"
"2026/09/02 18:39:00","27.3","73.0","171","212","114","1.6","3.1","0.3","1001.5","0.0","0.66","0.0","0.0"
"2026/09/02 18:40:00","27.2","73.0","162","195","127","1.9","3.0","1.0","1001.5","0.0","0.66","0.0","0.0"
"2026/09/02 18:41:00","27.3","73.0","150","205","089","0.8","1.6","0.2","1001.5","0.0","0.66","0.0","0.0"
"2026/09/02 18:42:00","27.3","73.0","158","190","109","1.6","2.3","0.6","1001.5","0.0","0.66","0.0","0.0"
"2026/09/02 18:43:00","27.3","73.0","166","215","123","1.4","2.0","0.7","1001.6","0.0","0.66","0.0","0.0"
"2026/09/02 18:44:00","27.3","73.0","161","190","134","1.7","2.4","0.8","1001.6","0.0","0.66","0.0","0.0"
"2026/09/02 18:45:00","27.3","73.1","161","210","103","1.4","2.3","0.5","1001.6","0.0","0.66","0.0","0.0"
"2026/09/02 18:46:00","27.3","73.2","147","166","122","2.0","3.1","1.0","1001.6","0.0","0.66","0.0","0.0"
"2026/09/02 18:47:00","27.3","73.3","159","194","105","2.2","3.8","0.7","1001.6","0.0","0.66","0.0","0.0"
"2026/09/02 18:48:00","27.2","73.5","161","177","140","3.1","3.9","2.4","1001.5","0.0","0.66","0.0","0.0"
"2026/09/02 18:49:00","27.1","73.7","156","192","107","2.5","3.9","0.9","1001.5","0.0","0.66","0.0","0.0"
"2026/09/02 18:50:00","27.1","73.8","160","211","121","2.3","3.8","0.5","1001.5","0.0","0.66","0.0","0.0"
"2026/09/02 18:51:00","27.1","73.9","166","189","140","2.6","3.4","1.6","1001.5","0.0","0.66","0.0","0.0"
"2026/09/02 18:52:00","27.1","74.0","163","199","131","2.1","2.9","1.3","1001.5","0.0","0.66","0.0","0.0"
"2026/09/02 18:53:00","27.1","74.1","174","204","145","2.2","3.1","0.5","1001.5","0.0","0.66","0.0","0.0"
"2026/09/02 18:54:00","27.1","74.1","160","181","115","2.1","3.2","1.2","1001.5","0.0","0.66","0.0","0.0"
"2026/09/02 18:55:00","27.1","74.0","145","249","115","2.2","3.7","0.6","1001.5","0.0","0.66","0.0","0.0"
"2026/09/02 18:56:00","27.0","73.6","128","194","034","1.9","3.8","0.5","1001.5","0.0","0.66","0.0","0.0"
"2026/09/02 18:57:00","27.0","73.7","148","198","105","2.1","3.1","1.2","1001.6","0.0","0.66","0.0","0.0"
"2026/09/02 18:58:00","27.0","73.8","160","219","114","1.7","2.7","0.6","1001.6","0.0","0.66","0.0","0.0"
"2026/09/02 18:59:00","27.1","73.8","147","206","096","1.7","2.4","0.9","1001.6","0.0","0.66","0.0","0.0"
"2026/09/02 19:00:00","27.1","73.2","165","216","112","2.7","4.2","0.8","1001.6","0.0","0.66","0.0","0.0"
"2026/09/02 19:01:00","27.0","73.0","156","188","133","3.1","4.7","2.0","1001.7","0.0","0.66","0.0","0.0"
"2026/09/02 19:02:00","27.0","72.9","152","224","094","1.7","3.6","0.2","1001.7","0.0","0.66","0.0","0.0"
"2026/09/02 19:03:00","27.0","72.7","150","182","111","2.5","5.4","1.6","1001.7","0.0","0.66","0.0","0.0"
"2026/09/02 19:04:00","27.0","72.6","152","197","118","3.2","4.6","1.5","1001.7","0.0","0.66","0.0","0.0"
"2026/09/02 19:05:00","27.0","72.6","167","231","056","1.7","3.6","0.2","1001.7","0.0","0.66","0.0","0.0"
"2026/09/02 19:06:00","27.0","72.6","161","202","137","3.0","5.1","1.3","1001.8","0.0","0.66","0.0","0.0"
"2026/09/02 19:07:00","27.0","72.7","178","214","112","2.5","3.6","0.8","1001.8","0.0","0.66","0.0","0.0"
"2026/09/02 19:08:00","27.0","72.6","155","196","110","3.1","4.3","1.2","1001.8","0.0","0.66","0.0","0.0"
"2026/09/02 19:09:00","27.0","72.6","167","192","139","3.0","4.9","1.4","1001.8","0.0","0.66","0.0","0.0"
"2026/09/02 19:10:00","27.0","72.6","154","183","132","2.8","4.1","1.1","1001.9","0.0","0.66","0.0","0.0"
"2026/09/02 19:11:00","27.0","72.7","158","174","142","2.8","3.8","1.8","1001.9","0.0","0.66","0.0","0.0"
"2026/09/02 19:12:00","27.0","72.9","152","188","109","2.2","3.2","1.1","1001.9","0.0","0.66","0.0","0.0"
"2026/09/02 19:13:00","27.0","72.6","166","192","144","2.6","3.8","1.4","1001.9","0.0","0.66","0.0","0.0"
"2026/09/02 19:14:00","27.0","72.7","157","189","093","2.2","3.4","0.6","1001.9","0.0","0.66","0.0","0.0"
"2026/09/02 19:15:00","27.0","72.7","159","207","124","2.0","2.8","1.0","1001.9","0.0","0.66","0.0","0.0"
"2026/09/02 19:16:00","27.0","72.5","154","224","116","2.0","3.4","0.7","1001.9","0.0","0.66","0.0","0.0"
"2026/09/02 19:17:00","27.0","72.0","162","188","124","3.7","5.1","2.0","1001.9","0.0","0.66","0.0","0.0"
"2026/09/02 19:18:00","27.0","72.2","167","218","124","2.5","4.5","0.6","1001.9","0.0","0.66","0.0","0.0"
"2026/09/02 19:19:00","26.9","72.4","158","192","119","2.7","4.4","1.3","1001.9","0.0","0.66","0.0","0.0"
"2026/09/02 19:20:00","26.9","72.4","150","203","069","2.5","5.0","0.6","1001.9","0.0","0.66","0.0","0.0"
"2026/09/02 19:21:00","26.9","72.4","159","276","116","2.7","4.3","0.5","1001.9","0.0","0.66","0.0","0.0"
"2026/09/02 19:22:00","26.9","72.5","156","192","120","2.3","3.6","1.0","1001.9","0.0","0.66","0.0","0.0"
"2026/09/02 19:23:00","26.9","72.5","166","235","121","1.4","2.4","0.4","1002.0","0.0","0.66","0.0","0.0"
"2026/09/02 19:24:00","26.9","72.6","172","205","126","1.6","2.5","0.9","1002.0","0.0","0.66","0.0","0.0"
"2026/09/02 19:25:00","26.9","72.7","145","304","039","1.2","2.8","0.2","1002.0","0.0","0.66","0.0","0.0"
"2026/09/02 19:26:00","26.9","72.8","142","175","106","2.0","3.1","1.0","1002.0","0.0","0.66","0.0","0.0"
"2026/09/02 19:27:00","26.9","72.9","113","222","313","1.0","1.9","0.2","1002.0","0.0","0.66","0.0","0.0"
"2026/09/02 19:28:00","26.9","72.5","152","242","096","1.9","4.1","0.4","1002.0","0.0","0.66","0.0","0.0"
"2026/09/02 19:29:00","26.8","72.7","165","203","148","2.8","4.5","1.8","1002.0","0.0","0.66","0.0","0.0"
"2026/09/02 19:30:00","26.8","72.7","163","194","112","2.7","3.9","1.1","1002.0","0.0","0.66","0.0","0.0"
"2026/09/02 19:31:00","26.8","72.7","163","204","136","2.9","4.3","1.4","1002.1","0.0","0.66","0.0","0.0"
"2026/09/02 19:32:00","26.8","72.8","157","192","114","3.2","5.1","0.6","1002.1","0.0","0.66","0.0","0.0"
"2026/09/02 19:33:00","26.8","72.8","152","208","120","3.3","5.4","1.2","1002.1","0.0","0.66","0.0","0.0"
"2026/09/02 19:34:00","26.8","72.9","162","203","091","2.3","4.0","0.5","1002.1","0.0","0.66","0.0","0.0"
"2026/09/02 19:35:00","26.8","73.0","171","206","125","2.2","4.0","1.1","1002.1","0.0","0.66","0.0","0.0"
"2026/09/02 19:36:00","26.8","73.1","171","205","130","3.2","5.0","1.6","1002.1","0.0","0.66","0.0","0.0"
"2026/09/02 19:37:00","26.7","73.3","164","201","111","2.1","3.9","0.8","1002.1","0.0","0.66","0.0","0.0"
"2026/09/02 19:38:00","26.7","73.0","164","199","118","2.3","4.1","0.7","1002.1","0.0","0.66","0.0","0.0"
"2026/09/02 19:39:00","26.7","72.7","165","233","112","2.5","4.2","0.9","1002.1","0.0","0.66","0.0","0.0"
"2026/09/02 19:40:00","26.7","72.9","158","203","113","2.3","4.0","0.9","1002.1","0.0","0.66","0.0","0.0"
"2026/09/02 19:41:00","26.7","73.1","143","248","042","1.2","2.5","0.2","1002.1","0.0","0.66","0.0","0.0"
"2026/09/02 19:42:00","26.7","73.0","157","191","118","2.4","4.1","0.6","1002.1","0.0","0.66","0.0","0.0"
"2026/09/02 19:43:00","26.7","73.0","153","181","110","2.2","3.5","0.4","1002.1","0.0","0.66","0.0","0.0"
"2026/09/02 19:44:00","26.7","73.0","152","245","078","1.2","2.0","0.2","1002.1","0.0","0.66","0.0","0.0"
"2026/09/02 19:45:00","26.7","72.9","141","173","110","1.9","2.8","1.0","1002.1","0.0","0.66","0.0","0.0"
"2026/09/02 19:46:00","26.7","73.0","149","180","118","2.6","4.0","1.3","1002.1","0.0","0.66","0.0","0.0"
"2026/09/02 19:47:00","26.7","73.0","142","248","085","1.7","2.6","0.5","1002.1","0.0","0.66","0.0","0.0"
"2026/09/02 19:48:00","26.7","73.1","157","228","097","1.2","2.1","0.2","1002.1","0.0","0.66","0.0","0.0"
"2026/09/02 19:49:00","26.7","73.1","139","168","101","2.2","3.3","1.0","1002.1","0.0","0.66","0.0","0.0"
"2026/09/02 19:50:00","26.7","73.1","150","189","113","2.2","3.4","0.5","1002.0","0.0","0.66","0.0","0.0"
"2026/09/02 19:51:00","26.7","73.1","152","188","118","1.9","2.7","1.1","1002.0","0.0","0.66","0.0","0.0"
"2026/09/02 19:52:00","26.7","73.0","138","192","084","1.9","3.8","0.6","1002.0","0.0","0.66","0.0","0.0"
"2026/09/02 19:53:00","26.6","72.9","146","176","110","2.5","3.6","1.6","1002.1","0.0","0.66","0.0","0.0"
"2026/09/02 19:54:00","26.7","73.0","156","183","134","2.4","3.5","1.6","1002.1","0.0","0.66","0.0","0.0"
"2026/09/02 19:55:00","26.6","72.6","151","180","117","3.2","4.6","1.7","1002.1","0.0","0.66","0.0","0.0"
"2026/09/02 19:56:00","26.6","72.7","153","198","128","3.1","4.2","1.6","1002.1","0.0","0.66","0.0","0.0"
"2026/09/02 19:57:00","26.6","72.7","158","193","125","2.0","3.1","1.2","1002.2","0.0","0.66","0.0","0.0"
"2026/09/02 19:58:00","26.6","72.8","137","193","083","1.3","2.8","0.1","1002.2","0.0","0.66","0.0","0.0"
"2026/09/02 19:59:00","26.6","72.9","145","200","083","1.6","2.8","0.8","1002.2","0.0","0.66","0.0","0.0"
"2026/09/02 20:00:00","26.6","72.9","153","205","094","1.7","2.5","0.6","1002.2","0.0","0.66","0.0","0.0"
"2026/09/02 20:01:00","26.6","72.9","147","187","108","2.2","3.1","1.0","1002.1","0.0","0.66","0.0","0.0"
"2026/09/02 20:02:00","26.6","72.8","145","192","116","3.5","5.0","1.7","1002.1","0.0","0.66","0.0","0.0"
"2026/09/02 20:03:00","26.6","73.0","162","192","123","2.3","4.3","0.9","1002.1","0.0","0.66","0.0","0.0"
"2026/09/02 20:04:00","26.6","73.1","151","170","127","3.1","4.2","2.0","1002.2","0.0","0.66","0.0","0.0"
"2026/09/02 20:05:00","26.5","73.2","145","175","115","2.2","3.2","1.2","1002.1","0.0","0.66","0.0","0.0"
"2026/09/02 20:06:00","26.5","73.3","156","269","030","1.6","3.1","0.3","1002.2","0.0","0.66","0.0","0.0"
"2026/09/02 20:07:00","26.5","73.3","137","249","100","1.8","2.9","0.1","1002.2","0.0","0.66","0.0","0.0"
"2026/09/02 20:08:00","26.5","73.3","152","228","108","2.7","4.1","0.8","1002.1","0.0","0.66","0.0","0.0"
"2026/09/02 20:09:00","26.5","73.3","138","183","108","2.5","3.9","0.8","1002.1","0.0","0.66","0.0","0.0"
"2026/09/02 20:10:00","26.5","73.4","148","179","104","2.7","4.0","1.3","1002.2","0.0","0.66","0.0","0.0"
"2026/09/02 20:11:00","26.5","73.5","143","184","109","2.5","3.8","0.9","1002.2","0.0","0.66","0.0","0.0"
"2026/09/02 20:12:00","26.5","73.6","137","182","105","2.1","3.4","0.5","1002.2","0.0","0.66","0.0","0.0"
"2026/09/02 20:13:00","26.5","73.7","142","180","099","2.0","3.0","0.8","1002.2","0.0","0.66","0.0","0.0"
"2026/09/02 20:14:00","26.5","73.7","141","176","106","1.7","2.9","0.4","1002.2","0.0","0.66","0.0","0.0"
"2026/09/02 20:15:00","26.5","73.8","154","176","129","2.7","3.8","1.6","1002.2","0.0","0.66","0.0","0.0"
"2026/09/02 20:16:00","26.5","73.9","165","192","125","2.2","3.8","1.0","1002.2","0.0","0.66","0.0","0.0"
"2026/09/02 20:17:00","26.5","74.0","153","177","122","1.5","2.5","0.8","1002.3","0.0","0.66","0.0","0.0"
"2026/09/02 20:18:00","26.4","74.0","152","196","068","1.1","2.2","0.1","1002.3","0.0","0.66","0.0","0.0"
"2026/09/02 20:19:00","26.5","74.1","159","198","107","1.6","2.5","0.5","1002.3","0.0","0.66","0.0","0.0"
"2026/09/02 20:20:00","26.5","74.1","148","227","120","1.9","3.1","1.0","1002.3","0.0","0.66","0.0","0.0"
"2026/09/02 20:21:00","26.5","74.2","162","186","104","2.4","3.7","1.2","1002.3","0.0","0.66","0.0","0.0"
"2026/09/02 20:22:00","26.4","74.3","151","201","102","1.5","2.9","0.5","1002.3","0.0","0.66","0.0","0.0"
"2026/09/02 20:23:00","26.4","74.4","145","208","081","1.6","2.3","0.6","1002.3","0.0","0.66","0.0","0.0"
"2026/09/02 20:24:00","26.4","74.7","140","205","051","1.5","3.1","0.4","1002.2","0.0","0.66","0.0","0.0"
"2026/09/02 20:25:00","26.4","75.1","155","192","126","3.3","4.8","1.9","1002.3","0.0","0.66","0.0","0.0"
"2026/09/02 20:26:00","26.4","75.3","157","186","121","2.8","3.8","2.0","1002.3","0.0","0.66","0.0","0.0"
"2026/09/02 20:27:00","26.4","75.4","165","294","084","2.5","4.5","0.4","1002.3","0.0","0.66","0.0","0.0"
"2026/09/02 20:28:00","26.4","75.4","163","265","057","1.4","2.8","0.3","1002.3","0.0","0.66","0.0","0.0"
"2026/09/02 20:29:00","26.4","75.5","161","213","134","2.7","3.9","0.5","1002.3","0.0","0.66","0.0","0.0"
"2026/09/02 20:30:00","26.4","75.6","156","201","112","1.9","3.1","1.0","1002.3","0.0","0.66","0.0","0.0"
"2026/09/02 20:31:00","26.4","75.6","158","189","129","2.0","2.9","1.2","1002.3","0.0","0.66","0.0","0.0"
"2026/09/02 20:32:00","26.4","75.7","176","237","145","2.8","4.6","1.6","1002.3","0.0","0.66","0.0","0.0"
"2026/09/02 20:33:00","26.4","75.7","167","261","119","1.6","3.3","0.7","1002.2","0.0","0.66","0.0","0.0"
"2026/09/02 20:34:00","26.4","75.8","165","209","128","1.8","2.9","0.9","1002.2","0.0","0.66","0.0","0.0"
"2026/09/02 20:35:00","26.4","75.8","151","189","128","2.7","4.1","1.2","1002.2","0.0","0.66","0.0","0.0"
"2026/09/02 20:36:00","26.4","75.8","159","184","126","2.2","3.6","0.7","1002.2","0.0","0.66","0.0","0.0"
"2026/09/02 20:37:00","26.4","75.8","165","191","129","2.7","3.7","1.4","1002.2","0.0","0.66","0.0","0.0"
"2026/09/02 20:38:00","26.4","75.9","172","191","137","2.3","3.3","1.4","1002.2","0.0","0.66","0.0","0.0"
"2026/09/02 20:39:00","26.4","76.0","161","251","094","1.5","2.3","0.7","1002.2","0.0","0.66","0.0","0.0"
"2026/09/02 20:40:00","26.3","76.1","163","199","112","1.3","2.3","0.4","1002.2","0.0","0.66","0.0","0.0"
"2026/09/02 20:41:00","26.3","76.2","154","202","126","1.4","3.2","0.5","1002.2","0.0","0.66","0.0","0.0"
"2026/09/02 20:42:00","26.3","76.3","181","238","107","2.0","3.9","0.7","1002.2","0.0","0.66","0.0","0.0"
"2026/09/02 20:43:00","26.3","76.4","148","195","099","2.3","3.2","1.4","1002.2","0.0","0.66","0.0","0.0"
"2026/09/02 20:44:00","26.3","76.5","159","202","095","1.6","2.8","0.4","1002.2","0.0","0.66","0.0","0.0"
"2026/09/02 20:45:00","26.3","76.5","154","190","130","2.2","2.9","1.2","1002.2","0.0","0.66","0.0","0.0"
"2026/09/02 20:46:00","26.3","76.6","145","187","104","1.3","2.1","0.3","1002.2","0.0","0.66","0.0","0.0"
"2026/09/02 20:47:00","26.3","76.6","126","195","090","1.0","2.2","0.2","1002.2","0.0","0.66","0.0","0.0"
"2026/09/02 20:48:00","26.3","76.6","175","234","114","1.6","3.1","0.3","1002.2","0.0","0.66","0.0","0.0"
"2026/09/02 20:49:00","26.3","76.7","158","193","123","2.4","3.3","1.3","1002.2","0.0","0.66","0.0","0.0"
"2026/09/02 20:50:00","26.3","76.8","162","203","111","1.6","2.8","0.7","1002.2","0.0","0.66","0.0","0.0"
"2026/09/02 20:51:00","26.3","76.9","145","195","085","1.3","2.0","0.5","1002.2","0.0","0.66","0.0","0.0"
"2026/09/02 20:52:00","26.3","76.9","163","232","104","1.0","1.9","0.3","1002.2","0.0","0.66","0.0","0.0"
"2026/09/02 20:53:00","26.3","76.9","158","191","126","1.5","2.1","1.0","1002.2","0.0","0.66","0.0","0.0"
"2026/09/02 20:54:00","26.3","77.0","160","227","126","1.4","2.3","0.4","1002.2","0.0","0.66","0.0","0.0"
"2026/09/02 20:55:00","26.2","77.0","162","206","125","1.2","1.8","0.5","1002.2","0.0","0.66","0.0","0.0"
"2026/09/02 20:56:00","26.2","76.9","151","180","118","1.4","2.3","0.7","1002.2","0.0","0.66","0.0","0.0"
"2026/09/02 20:57:00","26.2","77.0","149","244","063","0.9","1.5","0.4","1002.2","0.0","0.66","0.0","0.0"
"2026/09/02 20:58:00","26.2","77.0","150","213","111","1.4","2.6","0.3","1002.1","0.0","0.66","0.0","0.0"
"2026/09/02 20:59:00","26.2","77.0","153","188","130","1.7","2.3","0.7","1002.2","0.0","0.66","0.0","0.0"
"2026/09/02 21:00:00","26.2","77.1","154","204","104","1.4","2.6","0.4","1002.2","0.0","0.66","0.0","0.0"
"2026/09/02 21:01:00","26.2","77.0","162","246","106","1.2","2.3","0.1","1002.2","0.0","0.66","0.0","0.0"
"2026/09/02 21:02:00","26.2","77.0","152","203","103","1.3","2.4","0.3","1002.2","0.0","0.66","0.0","0.0"
"2026/09/02 21:03:00","26.2","76.9","158","191","084","2.5","3.9","0.8","1002.2","0.0","0.66","0.0","0.0"
"2026/09/02 21:04:00","26.2","76.9","154","181","114","2.2","3.1","1.1","1002.2","0.0","0.66","0.0","0.0"
"2026/09/02 21:05:00","26.2","76.9","167","193","143","1.9","2.6","0.9","1002.2","0.0","0.66","0.0","0.0"
"2026/09/02 21:06:00","26.2","77.0","166","212","121","1.2","2.2","0.6","1002.2","0.0","0.66","0.0","0.0"
"2026/09/02 21:07:00","26.2","77.0","148","201","068","0.7","1.2","0.2","1002.2","0.0","0.66","0.0","0.0"
"2026/09/02 21:08:00","26.2","77.1","151","198","068","1.0","1.6","0.1","1002.1","0.0","0.66","0.0","0.0"
"2026/09/02 21:09:00","26.2","77.1","149","186","083","1.3","1.9","0.4","1002.1","0.0","0.66","0.0","0.0"
"2026/09/02 21:10:00","26.2","77.2","166","188","143","1.1","1.7","0.5","1002.1","0.0","0.66","0.0","0.0"
"2026/09/02 21:11:00","26.2","77.2","175","194","144","1.4","1.9","0.9","1002.1","0.0","0.66","0.0","0.0"
"2026/09/02 21:12:00","26.2","77.2","162","207","117","1.1","1.7","0.4","1002.1","0.0","0.66","0.0","0.0"
"2026/09/02 21:13:00","26.2","77.3","162","189","130","1.0","1.7","0.4","1002.1","0.0","0.66","0.0","0.0"
"2026/09/02 21:14:00","26.2","77.3","130","277","019","0.6","1.2","0.1","1002.1","0.0","0.66","0.0","0.0"
"2026/09/02 21:15:00","26.1","77.4","192","260","145","0.9","1.3","0.1","1002.1","0.0","0.66","0.0","0.0"
"2026/09/02 21:16:00","26.1","77.3","176","290","098","1.1","2.3","0.1","1002.1","0.0","0.66","0.0","0.0"
"2026/09/02 21:17:00","26.1","77.2","180","200","146","2.1","3.0","0.5","1002.1","0.0","0.66","0.0","0.0"
"2026/09/02 21:18:00","26.1","77.3","185","302","063","0.6","1.5","0.0","1002.1","0.0","0.66","0.0","0.0"
"2026/09/02 21:19:00","26.1","77.4","161","196","142","2.0","2.8","0.6","1002.0","0.0","0.66","0.0","0.0"
"2026/09/02 21:20:00","26.1","77.4","158","198","114","1.6","2.4","0.4","1002.0","0.0","0.66","0.0","0.0"
"2026/09/02 21:21:00","26.1","77.4","164","194","121","1.1","1.9","0.6","1002.0","0.0","0.66","0.0","0.0"
"2026/09/02 21:22:00","26.1","77.5","182","216","133","1.3","1.9","0.3","1002.0","0.0","0.66","0.0","0.0"
"2026/09/02 21:23:00","26.1","77.4","180","237","140","1.3","1.9","0.3","1002.1","0.0","0.66","0.0","0.0"
"2026/09/02 21:24:00","26.1","77.5","161","206","108","1.2","1.9","0.4","1002.1","0.0","0.66","0.0","0.0"
"2026/09/02 21:25:00","26.1","77.5","169","200","141","1.2","2.0","0.6","1002.1","0.0","0.66","0.0","0.0"
"2026/09/02 21:26:00","26.1","77.5","191","227","143","0.9","1.5","0.4","1002.1","0.0","0.66","0.0","0.0"
"2026/09/02 21:27:00","26.1","77.5","182","227","128","0.9","1.7","0.1","1002.1","0.0","0.66","0.0","0.0"
"2026/09/02 21:28:00","26.1","77.6","196","248","147","1.0","1.8","0.4","1002.1","0.0","0.66","0.0","0.0"
"2026/09/02 21:29:00","26.1","77.6","190","257","127","0.5","0.9","0.1","1002.1","0.0","0.66","0.0","0.0"
"2026/09/02 21:30:00","26.1","77.7","175","220","139","1.1","1.6","0.4","1002.0","0.0","0.66","0.0","0.0"
"2026/09/02 21:31:00","26.1","77.7","190","238","141","0.9","1.9","0.3","1002.0","0.0","0.66","0.0","0.0"
"2026/09/02 21:32:00","26.1","77.8","175","215","134","1.8","2.7","0.9","1002.0","0.0","0.66","0.0","0.0"
"2026/09/02 21:33:00","26.1","77.9","159","201","116","1.4","2.1","0.5","1002.0","0.0","0.66","0.0","0.0"
"2026/09/02 21:34:00","26.1","77.9","151","210","125","1.6","2.4","0.6","1002.0","0.0","0.66","0.0","0.0"
"2026/09/02 21:35:00","26.1","78.0","150","209","108","1.8","2.7","0.7","1002.0","0.0","0.66","0.0","0.0"
"2026/09/02 21:36:00","26.1","78.1","162","208","121","2.1","3.9","1.2","1002.0","0.0","0.66","0.0","0.0"
"2026/09/02 21:37:00","26.1","78.1","171","199","136","2.1","3.5","1.3","1002.0","0.0","0.66","0.0","0.0"
"2026/09/02 21:38:00","26.1","78.2","165","216","120","2.0","3.5","0.9","1002.0","0.0","0.66","0.0","0.0"
"2026/09/02 21:39:00","26.1","78.2","157","198","103","2.4","3.6","1.2","1001.9","0.0","0.66","0.0","0.0"
"2026/09/02 21:40:00","26.1","78.2","159","194","124","2.3","3.5","0.9","1001.9","0.0","0.66","0.0","0.0"
"2026/09/02 21:41:00","26.1","78.3","164","196","093","2.1","3.1","1.0","1001.9","0.0","0.66","0.0","0.0"
"2026/09/02 21:42:00","26.1","78.3","145","194","094","1.6","2.7","0.4","1001.9","0.0","0.66","0.0","0.0"
"2026/09/02 21:43:00","26.1","78.3","155","196","116","2.5","4.3","0.8","1001.9","0.0","0.66","0.0","0.0"
"2026/09/02 21:44:00","26.1","78.4","172","201","147","2.8","4.2","1.1","1001.9","0.0","0.66","0.0","0.0"
"2026/09/02 21:45:00","26.1","78.4","172","217","136","2.7","4.0","1.8","1001.9","0.0","0.66","0.0","0.0"
"2026/09/02 21:46:00","26.1","78.4","172","241","138","2.0","3.1","0.6","1001.9","0.0","0.66","0.0","0.0"
"2026/09/02 21:47:00","26.1","78.5","157","184","121","2.1","2.8","1.4","1001.9","0.0","0.66","0.0","0.0"
"2026/09/02 21:48:00","26.0","78.5","142","189","109","2.0","3.0","1.1","1001.9","0.0","0.66","0.0","0.0"
"2026/09/02 21:49:00","26.0","78.6","155","198","119","2.0","3.3","1.2","1001.9","0.0","0.66","0.0","0.0"
"2026/09/02 21:50:00","26.0","78.5","143","174","100","2.5","3.7","1.0","1001.9","0.0","0.66","0.0","0.0"
"2026/09/02 21:51:00","26.0","78.6","166","228","128","1.9","3.0","0.8","1001.9","0.0","0.66","0.0","0.0"
"2026/09/02 21:52:00","26.0","78.6","152","202","116","1.1","2.2","0.4","1001.9","0.0","0.66","0.0","0.0"
"2026/09/02 21:53:00","26.0","78.7","179","225","134","1.8","3.1","0.5","1001.9","0.0","0.66","0.0","0.0"
"2026/09/02 21:54:00","26.1","78.7","144","190","112","2.0","3.8","0.9","1001.9","0.0","0.66","0.0","0.0"
"2026/09/02 21:55:00","26.0","78.8","144","190","111","2.2","3.8","0.8","1001.9","0.0","0.66","0.0","0.0"
"2026/09/02 21:56:00","26.1","78.8","151","187","128","2.4","3.8","1.2","1001.9","0.0","0.66","0.0","0.0"
"2026/09/02 21:57:00","26.1","78.9","167","201","139","2.9","4.3","1.5","1001.9","0.0","0.66","0.0","0.0"
"2026/09/02 21:58:00","26.1","78.9","164","235","026","1.9","3.7","0.3","1001.9","0.0","0.66","0.0","0.0"
"2026/09/02 21:59:00","26.1","78.9","152","186","086","2.3","3.9","0.7","1001.8","0.0","0.66","0.0","0.0"
"2026/09/02 22:00:00","26.0","79.0","152","197","108","2.1","4.2","0.6","1001.9","0.0","0.66","0.0","0.0"
"2026/09/02 22:01:00","26.0","79.0","154","181","129","1.7","2.5","0.5","1001.8","0.0","0.66","0.0","0.0"
"2026/09/02 22:02:00","26.0","79.1","175","232","122","1.8","3.4","0.6","1001.8","0.0","0.66","0.0","0.0"
"2026/09/02 22:03:00","26.0","79.1","149","177","117","2.2","3.3","1.4","1001.8","0.0","0.66","0.0","0.0"
"2026/09/02 22:04:00","26.0","79.2","150","196","106","1.9","2.9","0.7","1001.8","0.0","0.66","0.0","0.0"
"2026/09/02 22:05:00","26.0","79.3","164","185","142","2.8","3.4","1.9","1001.8","0.0","0.66","0.0","0.0"
"2026/09/02 22:06:00","26.0","79.3","152","185","115","2.4","3.0","1.0","1001.8","0.0","0.66","0.0","0.0"
"2026/09/02 22:07:00","26.0","79.3","149","181","111","2.2","3.5","0.9","1001.8","0.0","0.66","0.0","0.0"
"2026/09/02 22:08:00","26.0","79.4","148","187","127","2.7","3.7","1.5","1001.8","0.0","0.66","0.0","0.0"
"2026/09/02 22:09:00","26.0","79.4","166","191","138","2.5","3.3","1.4","1001.8","0.0","0.66","0.0","0.0"
"2026/09/02 22:10:00","26.0","79.5","159","188","121","1.8","2.6","0.8","1001.8","0.0","0.66","0.0","0.0"
"2026/09/02 22:11:00","26.0","79.6","163","189","138","2.0","2.9","1.1","1001.8","0.0","0.66","0.0","0.0"
"2026/09/02 22:12:00","26.0","79.6","180","216","122","1.0","1.6","0.4","1001.8","0.0","0.66","0.0","0.0"
"2026/09/02 22:13:00","25.9","79.7","162","209","109","1.2","1.9","0.6","1001.8","0.0","0.66","0.0","0.0"
"2026/09/02 22:14:00","25.9","79.7","159","187","127","2.1","3.5","0.8","1001.8","0.0","0.66","0.0","0.0"
"2026/09/02 22:15:00","26.0","79.8","157","189","111","1.8","2.7","0.8","1001.8","0.0","0.66","0.0","0.0"
"2026/09/02 22:16:00","25.9","79.8","163","195","124","1.4","2.4","0.5","1001.8","0.0","0.66","0.0","0.0"
"2026/09/02 22:17:00","25.9","79.8","176","258","143","2.0","2.8","0.5","1001.8","0.0","0.66","0.0","0.0"
"2026/09/02 22:18:00","25.9","79.9","169","219","142","2.6","4.2","1.3","1001.7","0.0","0.66","0.0","0.0"
"2026/09/02 22:19:00","25.9","79.9","173","210","133","2.3","3.4","0.7","1001.7","0.0","0.66","0.0","0.0"
"2026/09/02 22:20:00","25.9","79.9","152","214","053","1.2","1.9","0.3","1001.7","0.0","0.66","0.0","0.0"
"2026/09/02 22:21:00","26.0","79.9","161","212","134","1.8","3.1","0.3","1001.7","0.0","0.66","0.0","0.0"
"2026/09/02 22:22:00","26.0","79.9","165","206","109","3.2","5.2","1.1","1001.7","0.0","0.66","0.0","0.0"
"2026/09/02 22:23:00","26.0","79.9","158","189","137","3.3","5.0","1.8","1001.7","0.0","0.66","0.0","0.0"
"2026/09/02 22:24:00","26.0","79.9","169","200","125","2.8","3.7","1.8","1001.8","0.0","0.66","0.0","0.0"
"2026/09/02 22:25:00","26.0","80.0","152","205","097","1.8","3.1","0.7","1001.8","0.0","0.66","0.0","0.0"
"2026/09/02 22:26:00","25.9","80.0","174","206","129","1.9","2.9","1.0","1001.8","0.0","0.66","0.0","0.0"
"2026/09/02 22:27:00","25.9","80.0","184","213","134","2.0","3.6","0.7","1001.8","0.0","0.66","0.0","0.0"
"2026/09/02 22:28:00","25.9","80.1","183","216","147","1.7","3.1","0.2","1001.8","0.0","0.66","0.0","0.0"
"2026/09/02 22:29:00","25.9","80.1","158","219","075","1.2","2.9","0.3","1001.8","0.0","0.66","0.0","0.0"
"2026/09/02 22:30:00","25.9","80.1","167","200","102","2.2","3.5","0.7","1001.8","0.0","0.66","0.0","0.0"
"2026/09/02 22:31:00","25.9","80.1","157","212","099","2.0","3.8","0.7","1001.8","0.0","0.66","0.0","0.0"
"2026/09/02 22:32:00","25.9","80.1","157","233","115","1.9","3.0","0.6","1001.8","0.0","0.66","0.0","0.0"
"2026/09/02 22:33:00","25.9","80.1","162","224","139","2.2","3.3","0.6","1001.8","0.0","0.66","0.0","0.0"
"2026/09/02 22:34:00","25.9","80.1","160","178","123","1.7","2.6","0.6","1001.8","0.0","0.66","0.0","0.0"
"2026/09/02 22:35:00","25.9","80.1","156","215","094","1.0","1.7","0.3","1001.7","0.0","0.66","0.0","0.0"
"2026/09/02 22:36:00","25.9","80.1","170","213","122","0.9","1.6","0.3","1001.7","0.0","0.66","0.0","0.0"
"2026/09/02 22:37:00","25.9","80.1","151","213","094","1.0","1.7","0.4","1001.7","0.0","0.66","0.0","0.0"
"2026/09/02 22:38:00","25.9","80.2","140","172","104","1.3","1.9","0.5","1001.7","0.0","0.66","0.0","0.0"
"2026/09/02 22:39:00","25.9","80.1","153","219","123","1.4","2.2","0.7","1001.7","0.0","0.66","0.0","0.0"
"2026/09/02 22:40:00","25.9","80.1","169","231","114","1.1","2.1","0.1","1001.7","0.0","0.66","0.0","0.0"
"2026/09/02 22:41:00","25.9","80.1","155","190","086","0.6","0.9","0.2","1001.7","0.0","0.66","0.0","0.0"
"2026/09/02 22:42:00","25.9","80.1","160","218","133","1.1","1.7","0.4","1001.6","0.0","0.66","0.0","0.0"
"2026/09/02 22:43:00","25.9","80.1","139","165","100","1.8","3.1","0.8","1001.6","0.0","0.66","0.0","0.0"
"2026/09/02 22:44:00","25.9","80.0","168","218","128","1.5","2.5","0.8","1001.6","0.0","0.66","0.0","0.0"
"2026/09/02 22:45:00","25.9","80.0","175","196","125","1.5","2.4","0.7","1001.7","0.0","0.66","0.0","0.0"
"2026/09/02 22:46:00","25.9","80.0","184","217","150","1.5","2.6","0.7","1001.6","0.0","0.66","0.0","0.0"
"2026/09/02 22:47:00","25.9","80.1","157","188","118","1.8","2.5","0.5","1001.6","0.0","0.66","0.0","0.0"
"2026/09/02 22:48:00","25.9","80.1","155","181","126","1.4","2.0","0.7","1001.6","0.0","0.66","0.0","0.0"
"2026/09/02 22:49:00","25.9","80.1","147","207","112","0.9","1.6","0.3","1001.6","0.0","0.66","0.0","0.0"
"2026/09/02 22:50:00","25.9","80.1","150","224","118","1.2","1.9","0.1","1001.6","0.0","0.66","0.0","0.0"
"2026/09/02 22:51:00","25.9","80.1","149","180","119","1.6","2.3","1.0","1001.6","0.0","0.66","0.0","0.0"
"2026/09/02 22:52:00","25.9","80.2","151","189","120","1.7","2.6","0.5","1001.6","0.0","0.66","0.0","0.0"
"2026/09/02 22:53:00","25.9","80.1","144","196","109","1.1","1.7","0.3","1001.6","0.0","0.66","0.0","0.0"
"2026/09/02 22:54:00","25.9","80.1","156","205","094","1.2","1.7","0.8","1001.7","0.0","0.66","0.0","0.0"
"2026/09/02 22:55:00","25.9","80.1","158","214","110","1.5","2.4","0.4","1001.7","0.0","0.66","0.0","0.0"
"2026/09/02 22:56:00","25.9","80.1","156","183","106","2.2","2.9","1.2","1001.7","0.0","0.66","0.0","0.0"
"2026/09/02 22:57:00","25.9","80.1","157","226","126","1.8","2.5","0.7","1001.8","0.0","0.66","0.0","0.0"
"2026/09/02 22:58:00","25.9","80.1","158","276","086","1.9","3.0","0.3","1001.7","0.0","0.66","0.0","0.0"
"2026/09/02 22:59:00","25.9","80.1","141","180","109","2.2","3.5","1.3","1001.7","0.0","0.66","0.0","0.0"
"2026/09/02 23:00:00","25.9","80.1","143","167","104","2.4","3.3","0.9","1001.7","0.0","0.66","0.0","0.0"
"2026/09/02 23:01:00","25.9","80.2","151","175","126","2.5","3.3","1.7","1001.7","0.0","0.66","0.0","0.0"
"2026/09/02 23:02:00","25.9","80.2","147","162","121","2.0","3.1","1.1","1001.7","0.0","0.66","0.0","0.0"
"2026/09/02 23:03:00","25.9","80.2","151","182","129","2.6","3.5","1.6","1001.7","0.0","0.66","0.0","0.0"
"2026/09/02 23:04:00","25.9","80.2","153","209","116","2.1","3.5","1.0","1001.8","0.0","0.66","0.0","0.0"
"2026/09/02 23:05:00","25.9","80.2","157","181","125","3.1","4.1","1.6","1001.8","0.0","0.66","0.0","0.0"
"2026/09/02 23:06:00","25.9","80.2","163","195","134","2.6","3.7","1.3","1001.7","0.0","0.66","0.0","0.0"
"2026/09/02 23:07:00","25.9","80.2","172","195","149","2.4","3.8","1.3","1001.8","0.0","0.66","0.0","0.0"
"2026/09/02 23:08:00","25.9","80.2","156","285","074","1.1","2.0","0.2","1001.7","0.0","0.66","0.0","0.0"
"2026/09/02 23:09:00","25.9","80.3","131","200","076","0.9","2.0","0.4","1001.7","0.0","0.66","0.0","0.0"
"2026/09/02 23:10:00","25.9","80.4","148","188","123","1.8","2.7","1.1","1001.7","0.0","0.66","0.0","0.0"
"2026/09/02 23:11:00","25.9","80.4","140","190","096","1.7","2.7","0.4","1001.7","0.0","0.66","0.0","0.0"
"2026/09/02 23:12:00","25.9","80.5","137","163","114","2.2","3.0","1.5","1001.8","0.0","0.66","0.0","0.0"
"2026/09/02 23:13:00","25.9","80.5","142","177","098","1.7","2.6","0.6","1001.8","0.0","0.66","0.0","0.0"
"2026/09/02 23:14:00","25.9","80.5","151","182","128","2.1","2.7","1.0","1001.8","0.0","0.66","0.0","0.0"
"2026/09/02 23:15:00","25.9","80.4","133","168","103","2.1","3.1","0.9","1001.8","0.0","0.66","0.0","0.0"
"2026/09/02 23:16:00","25.9","80.4","148","177","111","2.3","3.4","1.3","1001.8","0.0","0.66","0.0","0.0"
"2026/09/02 23:17:00","25.9","80.4","175","228","116","1.6","2.5","0.6","1001.8","0.0","0.66","0.0","0.0"
"2026/09/02 23:18:00","25.9","80.4","138","206","091","1.5","2.8","0.4","1001.8","0.0","0.66","0.0","0.0"
"2026/09/02 23:19:00","25.9","80.5","154","198","106","1.7","2.4","0.4","1001.8","0.0","0.66","0.0","0.0"
"2026/09/02 23:20:00","25.9","80.5","158","205","116","1.6","2.6","0.6","1001.8","0.0","0.66","0.0","0.0"
"2026/09/02 23:21:00","25.9","80.5","154","194","114","1.8","2.9","0.8","1001.8","0.0","0.66","0.0","0.0"
"2026/09/02 23:22:00","25.9","80.5","151","191","124","2.1","3.2","1.2","1001.8","0.0","0.66","0.0","0.0"
"2026/09/02 23:23:00","25.9","80.6","163","245","079","1.0","1.9","0.2","1001.8","0.0","0.66","0.0","0.0"
"2026/09/02 23:24:00","25.9","80.6","150","191","107","1.8","2.8","0.8","1001.8","0.0","0.66","0.0","0.0"
"2026/09/02 23:25:00","25.8","80.6","153","185","106","1.6","2.5","0.9","1001.7","0.0","0.66","0.0","0.0"
"2026/09/02 23:26:00","25.8","80.6","142","229","087","1.2","2.1","0.3","1001.7","0.0","0.66","0.0","0.0"
"2026/09/02 23:27:00","25.8","80.5","165","198","127","2.6","3.7","1.2","1001.7","0.0","0.66","0.0","0.0"
"2026/09/02 23:28:00","25.8","80.6","165","221","118","1.7","2.4","0.7","1001.7","0.0","0.66","0.0","0.0"
"2026/09/02 23:29:00","25.8","80.5","147","221","101","1.3","2.1","0.3","1001.7","0.0","0.66","0.0","0.0"
"2026/09/02 23:30:00","25.8","80.6","151","176","112","1.7","2.9","0.8","1001.8","0.0","0.66","0.0","0.0"
"2026/09/02 23:31:00","25.8","80.6","163","207","106","1.5","2.4","0.8","1001.8","0.0","0.66","0.0","0.0"
"2026/09/02 23:32:00","25.8","80.6","167","198","130","1.5","2.8","0.6","1001.8","0.0","0.66","0.0","0.0"
"2026/09/02 23:33:00","25.8","80.6","161","209","094","1.8","2.8","0.6","1001.8","0.0","0.66","0.0","0.0"
"2026/09/02 23:34:00","25.8","80.6","158","200","104","1.6","2.1","0.7","1001.8","0.0","0.66","0.0","0.0"
"2026/09/02 23:35:00","25.8","80.6","159","189","126","1.4","2.0","0.7","1001.8","0.0","0.66","0.0","0.0"
"2026/09/02 23:36:00","25.8","80.7","153","203","106","1.4","2.0","0.5","1001.8","0.0","0.66","0.0","0.0"
"2026/09/02 23:37:00","25.8","80.7","161","194","115","1.9","3.4","0.7","1001.8","0.0","0.66","0.0","0.0"
"2026/09/02 23:38:00","25.8","80.7","175","199","146","2.1","2.7","1.3","1001.8","0.0","0.66","0.0","0.0"
"2026/09/02 23:39:00","25.8","80.7","179","222","152","1.8","2.5","0.9","1001.8","0.0","0.66","0.0","0.0"
"2026/09/02 23:40:00","25.8","80.7","173","201","141","1.9","3.0","1.1","1001.7","0.0","0.66","0.0","0.0"
"2026/09/02 23:41:00","25.8","80.7","181","255","122","1.2","1.9","0.7","1001.7","0.0","0.66","0.0","0.0"
"2026/09/02 23:42:00","25.8","80.6","167","205","115","2.2","3.1","0.8","1001.7","0.0","0.66","0.0","0.0"
"2026/09/02 23:43:00","25.8","80.6","175","224","136","1.7","2.8","0.8","1001.7","0.0","0.66","0.0","0.0"
"2026/09/02 23:44:00","25.8","80.7","159","216","110","1.4","2.0","0.6","1001.6","0.0","0.66","0.0","0.0"
"2026/09/02 23:45:00","25.8","80.7","160","218","091","1.0","1.6","0.3","1001.6","0.0","0.66","0.0","0.0"
"2026/09/02 23:46:00","25.8","80.7","162","194","109","1.7","2.3","0.9","1001.6","0.0","0.66","0.0","0.0"
"2026/09/02 23:47:00","25.8","80.7","144","193","101","1.5","2.2","0.5","1001.5","0.0","0.66","0.0","0.0"
"2026/09/02 23:48:00","25.8","80.6","165","202","116","1.4","2.4","0.5","1001.5","0.0","0.66","0.0","0.0"
"2026/09/02 23:49:00","25.8","80.5","155","192","095","1.8","2.8","0.3","1001.5","0.0","0.66","0.0","0.0"
"2026/09/02 23:50:00","25.8","80.6","158","216","114","1.2","2.4","0.3","1001.5","0.0","0.66","0.0","0.0"
"2026/09/02 23:51:00","25.8","80.6","122","184","341","0.7","1.4","0.1","1001.5","0.0","0.66","0.0","0.0"
"2026/09/02 23:52:00","25.8","80.6","144","203","076","1.2","2.2","0.4","1001.5","0.0","0.66","0.0","0.0"
"2026/09/02 23:53:00","25.8","80.6","154","213","090","1.1","1.8","0.4","1001.4","0.0","0.66","0.0","0.0"
"2026/09/02 23:54:00","25.8","80.6","169","219","092","0.9","1.7","0.2","1001.4","0.0","0.66","0.0","0.0"
"2026/09/02 23:55:00","25.8","80.6","189","304","046","0.6","1.6","0.2","1001.4","0.0","0.66","0.0","0.0"
"2026/09/02 23:56:00","25.8","80.6","164","259","052","0.9","1.8","0.2","1001.4","0.0","0.66","0.0","0.0"
"2026/09/02 23:57:00","25.8","80.6","149","243","110","1.1","1.6","0.3","1001.3","0.0","0.66","0.0","0.0"
"2026/09/02 23:58:00","25.8","80.5","165","193","138","1.2","1.7","0.7","1001.3","0.0","0.66","0.0","0.0"
"2026/09/02 23:59:00","25.8","80.5","167","197","115","1.2","1.8","0.3","1001.3","0.0","0.66","0.0","0.0"
"2026/09/03 00:00:00","25.8","80.6","180","224","105","0.8","1.3","0.4","1001.3","0.0","0.66","0.0","0.0"
