"ì˙éû","â∑ìx","éºìx","ïΩãœïóå¸","ç≈ëÂïóå¸","ç≈è¨ïóå¸","ïΩãœïóë¨","ç≈ëÂïóë¨","ç≈è¨ïóë¨","ãCà≥","âJó ã≠ìx","êœéZâJó ","ç~Ëπã≠ìx","ç~ËπêœéZ"
"2026/09/04 00:01:00","24.6","69.9","277","053","179","0.3","0.6","0.0","997.8","0.0","0.00","0.0","0.0"
"2026/09/04 00:02:00","24.6","70.0","258","292","203","0.3","0.6","0.1","997.8","0.0","0.00","0.0","0.0"
"2026/09/04 00:03:00","24.6","70.1","247","273","217","0.3","0.5","0.1","997.8","0.0","0.00","0.0","0.0"
"2026/09/04 00:04:00","24.6","70.1","282","311","254","0.5","0.7","0.3","997.9","0.0","0.00","0.0","0.0"
"2026/09/04 00:05:00","24.6","70.3","317","326","304","1.0","1.7","0.5","997.9","0.0","0.00","0.0","0.0"
"2026/09/04 00:06:00","24.6","70.2","327","337","308","2.0","2.5","1.4","998.0","0.0","0.00","0.0","0.0"
"2026/09/04 00:07:00","24.6","70.2","328","338","315","2.8","3.8","2.3","998.0","0.0","0.00","0.0","0.0"
"2026/09/04 00:08:00","24.6","70.4","356","094","297","2.7","5.1","0.6","998.0","0.0","0.00","0.0","0.0"
"2026/09/04 00:09:00","24.6","71.0","355","023","321","3.9","6.0","1.3","998.1","0.0","0.00","0.0","0.0"
"2026/09/04 00:10:00","24.6","72.1","346","023","309","4.2","5.8","2.2","998.1","0.0","0.00","0.0","0.0"
"2026/09/04 00:11:00","24.5","72.5","331","015","295","3.8","5.7","1.9","998.1","0.0","0.00","0.0","0.0"
"2026/09/04 00:12:00","24.4","73.6","344","031","304","4.3","6.4","1.8","998.0","0.0","0.00","0.0","0.0"
"2026/09/04 00:13:00","24.2","74.9","340","017","293","3.8","6.6","1.2","998.1","0.0","0.00","0.0","0.0"
"2026/09/04 00:14:00","24.0","75.9","353","030","318","3.7","5.5","1.9","998.1","0.0","0.00","0.0","0.0"
"2026/09/04 00:15:00","23.9","76.8","331","352","268","4.3","6.8","1.7","998.0","0.0","0.00","0.0","0.0"
"2026/09/04 00:16:00","23.7","77.4","341","013","300","3.6","5.2","2.1","998.0","0.0","0.00","0.0","0.0"
"2026/09/04 00:17:00","23.6","77.9","332","352","297","3.8","5.3","1.8","998.0","0.0","0.00","0.0","0.0"
"2026/09/04 00:18:00","23.6","78.3","335","009","304","4.0","5.7","2.4","998.0","0.0","0.00","0.0","0.0"
"2026/09/04 00:19:00","23.5","78.6","344","018","291","3.4","5.5","1.6","998.0","0.0","0.00","0.0","0.0"
"2026/09/04 00:20:00","23.5","78.9","350","021","294","2.1","3.4","1.0","998.0","0.0","0.00","0.0","0.0"
"2026/09/04 00:21:00","23.5","79.0","345","066","260","1.7","3.0","0.9","998.0","0.0","0.00","0.0","0.0"
"2026/09/04 00:22:00","23.5","79.1","343","060","240","0.9","2.2","0.1","997.9","0.0","0.00","0.0","0.0"
"2026/09/04 00:23:00","23.5","79.1","347","079","209","0.8","2.2","0.1","997.9","0.0","0.00","0.0","0.0"
"2026/09/04 00:24:00","23.5","79.1","060","125","008","1.4","3.7","0.3","997.8","0.0","0.00","0.0","0.0"
"2026/09/04 00:25:00","23.5","79.1","044","128","004","1.6","2.5","0.5","997.8","0.0","0.00","0.0","0.0"
"2026/09/04 00:26:00","23.5","79.1","026","055","359","2.7","3.9","0.9","997.8","0.0","0.00","0.0","0.0"
"2026/09/04 00:27:00","23.5","79.2","025","151","302","2.4","4.6","0.4","997.8","0.0","0.00","0.0","0.0"
"2026/09/04 00:28:00","23.5","79.3","021","091","316","2.2","3.4","0.7","997.8","0.0","0.00","0.0","0.0"
"2026/09/04 00:29:00","23.5","79.4","009","082","303","1.7","2.8","0.8","997.9","0.0","0.00","0.0","0.0"
"2026/09/04 00:30:00","23.5","79.4","003","059","278","2.0","3.2","0.7","997.9","0.0","0.00","0.0","0.0"
"2026/09/04 00:31:00","23.4","79.4","338","020","286","2.2","3.3","0.7","997.9","0.0","0.00","0.0","0.0"
"2026/09/04 00:32:00","23.4","79.4","029","063","001","2.0","3.4","0.8","997.9","0.0","0.00","0.0","0.0"
"2026/09/04 00:33:00","23.4","79.4","033","096","325","1.4","2.4","0.2","997.9","0.0","0.00","0.0","0.0"
"2026/09/04 00:34:00","23.4","79.4","035","078","349","1.7","3.7","0.3","997.9","0.0","0.00","0.0","0.0"
"2026/09/04 00:35:00","23.4","79.4","029","068","314","2.6","4.0","0.5","997.9","0.0","0.00","0.0","0.0"
"2026/09/04 00:36:00","23.3","79.5","021","092","254","1.2","2.4","0.4","997.9","0.0","0.00","0.0","0.0"
"2026/09/04 00:37:00","23.3","79.5","310","076","237","1.2","2.7","0.1","998.0","0.0","0.00","0.0","0.0"
"2026/09/04 00:38:00","23.3","79.4","357","063","304","1.5","2.9","0.9","997.9","0.0","0.00","0.0","0.0"
"2026/09/04 00:39:00","23.4","79.2","051","078","005","1.8","3.2","0.8","997.9","0.0","0.00","0.0","0.0"
"2026/09/04 00:40:00","23.4","79.1","039","090","354","1.6","2.6","0.2","997.9","0.0","0.00","0.0","0.0"
"2026/09/04 00:41:00","23.4","78.2","031","094","335","1.5","2.3","0.7","997.9","0.0","0.00","0.0","0.0"
"2026/09/04 00:42:00","23.4","78.0","037","080","010","2.1","2.9","1.2","997.9","0.0","0.00","0.0","0.0"
"2026/09/04 00:43:00","23.4","77.8","051","107","348","1.5","2.7","0.3","997.9","0.0","0.00","0.0","0.0"
"2026/09/04 00:44:00","23.4","77.4","025","103","313","1.0","1.6","0.4","997.9","0.0","0.00","0.0","0.0"
"2026/09/04 00:45:00","23.5","77.6","039","113","275","0.9","1.5","0.1","997.9","0.0","0.00","0.0","0.0"
"2026/09/04 00:46:00","23.5","78.1","047","140","273","0.6","1.3","0.1","997.9","0.0","0.00","0.0","0.0"
"2026/09/04 00:47:00","23.5","78.0","334","022","276","0.6","1.2","0.1","997.9","0.0","0.00","0.0","0.0"
"2026/09/04 00:48:00","23.5","77.5","345","017","294","1.5","2.3","0.6","997.9","0.0","0.00","0.0","0.0"
"2026/09/04 00:49:00","23.5","77.2","017","042","352","1.5","2.2","0.4","997.9","0.0","0.00","0.0","0.0"
"2026/09/04 00:50:00","23.6","77.1","019","059","319","1.4","2.1","0.6","997.8","0.0","0.00","0.0","0.0"
"2026/09/04 00:51:00","23.6","77.0","025","097","339","0.8","1.4","0.3","997.8","0.0","0.00","0.0","0.0"
"2026/09/04 00:52:00","23.6","77.0","043","098","346","1.6","2.6","0.1","997.8","0.0","0.00","0.0","0.0"
"2026/09/04 00:53:00","23.6","76.6","043","082","355","1.5","2.0","0.8","997.8","0.0","0.00","0.0","0.0"
"2026/09/04 00:54:00","23.7","76.8","029","091","264","1.2","2.3","0.2","997.8","0.0","0.00","0.0","0.0"
"2026/09/04 00:55:00","23.7","76.7","034","078","331","0.9","2.1","0.3","997.8","0.0","0.00","0.0","0.0"
"2026/09/04 00:56:00","23.7","76.6","031","077","355","1.5","2.5","0.3","997.8","0.0","0.00","0.0","0.0"
"2026/09/04 00:57:00","23.7","76.1","025","051","352","1.9","2.6","0.9","997.8","0.0","0.00","0.0","0.0"
"2026/09/04 00:58:00","23.7","76.3","011","053","339","1.7","2.4","1.0","997.8","0.0","0.00","0.0","0.0"
"2026/09/04 00:59:00","23.7","76.2","336","027","296","0.9","1.5","0.5","997.8","0.0","0.00","0.0","0.0"
"2026/09/04 01:00:00","23.7","76.5","305","330","269","1.5","3.1","0.8","997.8","0.0","0.00","0.0","0.0"
"2026/09/04 01:01:00","23.7","76.1","320","336","291","2.4","3.5","1.2","997.8","0.0","0.00","0.0","0.0"
"2026/09/04 01:02:00","23.8","76.3","311","356","212","1.1","1.7","0.5","997.8","0.0","0.00","0.0","0.0"
"2026/09/04 01:03:00","23.8","76.2","323","354","265","1.7","2.5","1.0","997.8","0.0","0.00","0.0","0.0"
"2026/09/04 01:04:00","23.8","75.9","339","010","304","2.0","2.8","1.0","997.7","0.0","0.00","0.0","0.0"
"2026/09/04 01:05:00","23.8","76.3","316","355","281","1.7","2.4","1.1","997.7","0.0","0.00","0.0","0.0"
"2026/09/04 01:06:00","23.8","76.1","348","070","262","1.2","2.2","0.4","997.7","0.0","0.00","0.0","0.0"
"2026/09/04 01:07:00","23.8","76.3","319","034","248","1.5","2.4","0.7","997.7","0.0","0.00","0.0","0.0"
"2026/09/04 01:08:00","23.8","76.4","307","347","258","1.6","2.8","0.4","997.8","0.0","0.00","0.0","0.0"
"2026/09/04 01:09:00","23.8","76.4","296","014","189","1.8","2.7","0.4","997.8","0.0","0.00","0.0","0.0"
"2026/09/04 01:10:00","23.8","76.5","289","048","147","1.2","2.8","0.3","997.8","0.0","0.00","0.0","0.0"
"2026/09/04 01:11:00","23.7","76.6","296","356","250","1.7","3.2","0.6","997.8","0.0","0.00","0.0","0.0"
"2026/09/04 01:12:00","23.7","76.7","297","048","209","1.1","2.0","0.4","997.8","0.0","0.00","0.0","0.0"
"2026/09/04 01:13:00","23.7","76.7","252","020","121","0.7","1.4","0.1","997.7","0.0","0.00","0.0","0.0"
"2026/09/04 01:14:00","23.7","76.9","204","341","033","0.3","0.6","0.0","997.7","0.0","0.00","0.0","0.0"
"2026/09/04 01:15:00","23.7","77.1","180","317","011","0.5","0.9","0.1","997.6","0.0","0.00","0.0","0.0"
"2026/09/04 01:16:00","23.6","77.3","281","340","156","0.7","1.3","0.1","997.6","0.0","0.00","0.0","0.0"
"2026/09/04 01:17:00","23.6","77.4","263","317","169","1.0","1.9","0.1","997.6","0.0","0.00","0.0","0.0"
"2026/09/04 01:18:00","23.6","77.7","211","327","084","0.7","1.8","0.0","997.7","0.0","0.00","0.0","0.0"
"2026/09/04 01:19:00","23.5","77.8","267","017","192","1.3","2.3","0.4","997.7","0.0","0.00","0.0","0.0"
"2026/09/04 01:20:00","23.5","77.9","260","326","172","1.7","2.8","0.5","997.8","0.0","0.00","0.0","0.0"
"2026/09/04 01:21:00","23.4","78.1","262","068","131","1.5","3.1","0.3","997.8","0.0","0.00","0.0","0.0"
"2026/09/04 01:22:00","23.4","78.3","260","355","112","1.2","2.6","0.2","997.8","0.0","0.00","0.0","0.0"
"2026/09/04 01:23:00","23.4","78.4","264","358","163","0.6","2.0","0.1","997.9","0.0","0.00","0.0","0.0"
"2026/09/04 01:24:00","23.4","78.5","274","359","109","1.8","2.8","0.3","997.9","0.0","0.00","0.0","0.0"
"2026/09/04 01:25:00","23.3","78.5","272","051","173","1.7","2.9","0.4","998.0","0.0","0.00","0.0","0.0"
"2026/09/04 01:26:00","23.3","78.4","280","312","233","2.5","3.8","0.8","998.0","0.0","0.00","0.0","0.0"
"2026/09/04 01:27:00","23.3","78.6","281","006","214","2.2","3.2","0.3","998.0","0.0","0.00","0.0","0.0"
"2026/09/04 01:28:00","23.3","78.8","284","329","237","2.0","3.3","0.6","998.1","0.0","0.00","0.0","0.0"
"2026/09/04 01:29:00","23.3","78.9","288","043","209","1.4","2.3","0.4","998.1","0.0","0.00","0.0","0.0"
"2026/09/04 01:30:00","23.3","78.9","307","056","270","1.9","2.5","0.4","998.1","0.0","0.00","0.0","0.0"
"2026/09/04 01:31:00","23.2","78.8","298","325","264","2.3","3.5","1.0","998.0","0.0","0.00","0.0","0.0"
"2026/09/04 01:32:00","23.2","78.8","307","325","281","2.5","3.3","1.3","998.1","0.0","0.00","0.0","0.0"
"2026/09/04 01:33:00","23.2","78.9","297","323","241","2.3","3.3","1.2","998.0","0.0","0.00","0.0","0.0"
"2026/09/04 01:34:00","23.2","78.8","287","351","231","2.1","3.3","0.7","998.0","0.0","0.00","0.0","0.0"
"2026/09/04 01:35:00","23.2","78.8","296","356","236","1.7","2.9","0.2","997.9","0.0","0.00","0.0","0.0"
"2026/09/04 01:36:00","23.2","78.8","301","354","247","1.6","2.9","0.6","997.9","0.0","0.00","0.0","0.0"
"2026/09/04 01:37:00","23.2","78.8","327","063","260","0.8","1.6","0.2","997.8","0.0","0.00","0.0","0.0"
"2026/09/04 01:38:00","23.2","78.5","330","011","266","1.2","1.6","0.6","997.7","0.0","0.00","0.0","0.0"
"2026/09/04 01:39:00","23.2","78.4","318","348","276","1.5","2.0","0.8","997.7","0.0","0.00","0.0","0.0"
"2026/09/04 01:40:00","23.2","78.5","327","000","257","0.9","1.6","0.5","997.7","0.0","0.00","0.0","0.0"
"2026/09/04 01:41:00","23.2","78.5","335","050","280","0.6","1.3","0.2","997.7","0.0","0.00","0.0","0.0"
"2026/09/04 01:42:00","23.2","78.6","341","016","300","0.9","1.6","0.5","997.7","0.0","0.00","0.0","0.0"
"2026/09/04 01:43:00","23.2","78.4","356","030","321","1.3","2.1","0.4","997.7","0.0","0.00","0.0","0.0"
"2026/09/04 01:44:00","23.2","78.3","021","066","351","0.8","1.3","0.4","997.7","0.0","0.00","0.0","0.0"
"2026/09/04 01:45:00","23.2","78.3","088","196","333","0.3","0.7","0.0","997.7","0.0","0.00","0.0","0.0"
"2026/09/04 01:46:00","23.2","78.3","024","186","268","0.6","1.1","0.1","997.7","0.0","0.00","0.0","0.0"
"2026/09/04 01:47:00","23.2","78.3","318","338","303","1.4","2.3","0.7","997.7","0.0","0.00","0.0","0.0"
"2026/09/04 01:48:00","23.3","78.0","315","333","299","1.8","2.3","1.1","997.7","0.0","0.00","0.0","0.0"
"2026/09/04 01:49:00","23.3","78.1","305","348","273","1.6","2.2","0.5","997.7","0.0","0.00","0.0","0.0"
"2026/09/04 01:50:00","23.3","78.1","286","016","183","0.8","1.6","0.2","997.7","0.0","0.00","0.0","0.0"
"2026/09/04 01:51:00","23.3","78.1","266","040","182","0.6","1.4","0.1","997.7","0.0","0.00","0.0","0.0"
"2026/09/04 01:52:00","23.3","78.1","273","016","180","1.2","2.4","0.4","997.8","0.0","0.00","0.0","0.0"
"2026/09/04 01:53:00","23.3","78.1","277","314","174","2.2","3.6","0.4","997.8","0.0","0.00","0.0","0.0"
"2026/09/04 01:54:00","23.3","78.2","287","325","191","2.1","3.0","1.2","997.8","0.0","0.00","0.0","0.0"
"2026/09/04 01:55:00","23.3","78.3","269","353","195","1.3","2.1","0.4","997.8","0.0","0.00","0.0","0.0"
"2026/09/04 01:56:00","23.3","78.4","280","357","222","1.2","2.3","0.3","997.8","0.0","0.00","0.0","0.0"
"2026/09/04 01:57:00","23.3","78.5","281","316","228","1.5","2.8","0.5","997.8","0.0","0.00","0.0","0.0"
"2026/09/04 01:58:00","23.3","78.7","286","312","230","2.1","3.2","0.7","997.8","0.0","0.00","0.0","0.0"
"2026/09/04 01:59:00","23.2","78.8","288","334","249","1.8","2.9","0.5","997.8","0.0","0.00","0.0","0.0"
"2026/09/04 02:00:00","23.2","79.0","254","018","179","1.0","2.0","0.3","997.8","0.0","0.00","0.0","0.0"
"2026/09/04 02:01:00","23.2","79.0","294","322","229","1.6","2.5","0.7","997.9","0.0","0.00","0.0","0.0"
"2026/09/04 02:02:00","23.1","79.2","286","326","210","1.3","2.0","0.7","997.9","0.0","0.00","0.0","0.0"
"2026/09/04 02:03:00","23.1","79.1","297","321","252","1.9","2.8","1.1","997.8","0.0","0.00","0.0","0.0"
"2026/09/04 02:04:00","23.1","79.2","292","317","266","1.8","2.5","0.9","997.8","0.0","0.00","0.0","0.0"
"2026/09/04 02:05:00","23.1","79.2","264","345","185","1.1","2.0","0.2","997.8","0.0","0.00","0.0","0.0"
"2026/09/04 02:06:00","23.1","79.2","301","347","163","1.1","1.8","0.2","997.8","0.0","0.00","0.0","0.0"
"2026/09/04 02:07:00","23.0","79.3","276","343","230","0.8","1.5","0.1","997.8","0.0","0.00","0.0","0.0"
"2026/09/04 02:08:00","23.1","79.3","230","052","078","0.4","0.9","0.1","997.8","0.0","0.00","0.0","0.0"
"2026/09/04 02:09:00","23.0","79.1","221","350","068","0.6","1.4","0.1","997.9","0.0","0.00","0.0","0.0"
"2026/09/04 02:10:00","23.0","79.1","253","045","095","0.7","1.6","0.1","997.9","0.0","0.00","0.0","0.0"
"2026/09/04 02:11:00","23.0","78.9","265","313","127","1.2","2.1","0.2","997.9","0.0","0.00","0.0","0.0"
"2026/09/04 02:12:00","23.0","78.8","271","089","126","0.8","1.7","0.1","997.9","0.0","0.00","0.0","0.0"
"2026/09/04 02:13:00","23.1","78.7","277","347","185","0.8","1.4","0.1","997.8","0.0","0.00","0.0","0.0"
"2026/09/04 02:14:00","23.1","78.5","293","323","173","0.8","1.4","0.1","997.8","0.0","0.00","0.0","0.0"
"2026/09/04 02:15:00","23.1","78.4","324","351","289","0.8","1.1","0.3","997.8","0.0","0.00","0.0","0.0"
"2026/09/04 02:16:00","23.1","78.5","314","346","255","0.6","0.9","0.3","997.7","0.0","0.00","0.0","0.0"
"2026/09/04 02:17:00","23.1","78.6","309","329","260","0.6","1.1","0.3","997.7","0.0","0.00","0.0","0.0"
"2026/09/04 02:18:00","23.1","78.4","317","343","273","0.7","0.9","0.4","997.7","0.0","0.00","0.0","0.0"
"2026/09/04 02:19:00","23.1","78.5","250","299","150","0.6","1.0","0.1","997.7","0.0","0.00","0.0","0.0"
"2026/09/04 02:20:00","23.1","78.5","266","009","205","0.6","1.0","0.1","997.7","0.0","0.00","0.0","0.0"
"2026/09/04 02:21:00","23.1","78.6","276","040","109","0.6","1.4","0.1","997.6","0.0","0.00","0.0","0.0"
"2026/09/04 02:22:00","23.1","78.5","266","007","177","0.8","1.2","0.2","997.6","0.0","0.00","0.0","0.0"
"2026/09/04 02:23:00","23.1","78.5","277","347","199","0.6","1.0","0.2","997.6","0.0","0.00","0.0","0.0"
"2026/09/04 02:24:00","23.1","78.5","260","315","162","0.6","1.1","0.2","997.6","0.0","0.00","0.0","0.0"
"2026/09/04 02:25:00","23.1","78.5","275","339","152","0.4","0.9","0.0","997.6","0.0","0.00","0.0","0.0"
"2026/09/04 02:26:00","23.1","78.4","258","066","109","0.5","1.2","0.1","997.6","0.0","0.00","0.0","0.0"
"2026/09/04 02:27:00","23.1","78.1","304","328","265","0.8","1.1","0.3","997.6","0.0","0.00","0.0","0.0"
"2026/09/04 02:28:00","23.1","78.2","284","067","167","0.3","0.8","0.0","997.6","0.0","0.00","0.0","0.0"
"2026/09/04 02:29:00","23.1","78.3","253","061","157","0.4","0.9","0.1","997.6","0.0","0.00","0.0","0.0"
"2026/09/04 02:30:00","23.1","78.4","332","058","166","0.3","0.5","0.1","997.6","0.0","0.00","0.0","0.0"
"2026/09/04 02:31:00","23.1","78.5","343","108","183","0.3","1.1","0.0","997.6","0.0","0.00","0.0","0.0"
"2026/09/04 02:32:00","23.1","78.4","256","093","182","0.5","1.1","0.1","997.6","0.0","0.00","0.0","0.0"
"2026/09/04 02:33:00","23.1","78.4","271","006","191","0.7","1.4","0.2","997.6","0.0","0.00","0.0","0.0"
"2026/09/04 02:34:00","23.1","78.4","279","068","195","0.4","0.8","0.0","997.7","0.0","0.00","0.0","0.0"
"2026/09/04 02:35:00","23.1","78.5","270","089","199","0.5","1.2","0.0","997.7","0.0","0.00","0.0","0.0"
"2026/09/04 02:36:00","23.1","78.6","277","068","158","0.3","0.7","0.1","997.7","0.0","0.00","0.0","0.0"
"2026/09/04 02:37:00","23.1","78.6","299","044","207","0.4","1.1","0.1","997.7","0.0","0.00","0.0","0.0"
"2026/09/04 02:38:00","23.1","78.7","296","083","210","0.8","1.6","0.2","997.7","0.0","0.00","0.0","0.0"
"2026/09/04 02:39:00","23.1","78.8","280","082","135","0.5","1.4","0.0","997.8","0.0","0.00","0.0","0.0"
"2026/09/04 02:40:00","23.1","78.9","251","055","110","0.4","0.9","0.1","997.8","0.0","0.00","0.0","0.0"
"2026/09/04 02:41:00","23.1","78.9","167","347","051","0.4","0.8","0.1","997.8","0.0","0.00","0.0","0.0"
"2026/09/04 02:42:00","23.1","79.0","162","301","017","0.4","1.0","0.1","997.9","0.0","0.00","0.0","0.0"
"2026/09/04 02:43:00","23.1","79.0","246","060","158","0.6","1.2","0.1","997.9","0.0","0.00","0.0","0.0"
"2026/09/04 02:44:00","23.1","78.9","239","337","085","0.8","1.5","0.2","997.9","0.0","0.00","0.0","0.0"
"2026/09/04 02:45:00","23.1","78.9","275","066","163","0.4","1.4","0.1","997.9","0.0","0.00","0.0","0.0"
"2026/09/04 02:46:00","23.1","78.7","285","088","121","0.9","2.2","0.1","997.9","0.0","0.00","0.0","0.0"
"2026/09/04 02:47:00","23.1","78.6","283","007","239","1.1","2.2","0.5","997.9","0.0","0.00","0.0","0.0"
"2026/09/04 02:48:00","23.1","78.7","244","327","191","0.7","1.5","0.1","997.9","0.0","0.00","0.0","0.0"
"2026/09/04 02:49:00","23.1","78.8","231","031","089","0.5","1.4","0.1","997.9","0.0","0.00","0.0","0.0"
"2026/09/04 02:50:00","23.1","78.8","261","330","143","0.8","1.8","0.1","997.9","0.0","0.00","0.0","0.0"
"2026/09/04 02:51:00","23.1","78.8","265","324","115","1.2","2.1","0.2","997.8","0.0","0.00","0.0","0.0"
"2026/09/04 02:52:00","23.1","78.8","208","039","067","0.4","1.2","0.0","997.9","0.0","0.00","0.0","0.0"
"2026/09/04 02:53:00","23.1","79.0","227","357","065","0.6","1.8","0.1","997.9","0.0","0.00","0.0","0.0"
"2026/09/04 02:54:00","23.1","79.3","245","308","129","1.0","2.1","0.1","997.9","0.0","0.00","0.0","0.0"
"2026/09/04 02:55:00","23.1","79.4","250","306","165","0.9","1.7","0.2","997.9","0.0","0.00","0.0","0.0"
"2026/09/04 02:56:00","23.1","79.5","197","301","161","0.6","1.1","0.2","997.9","0.0","0.00","0.0","0.0"
"2026/09/04 02:57:00","23.1","79.6","301","019","220","0.9","1.5","0.5","997.9","0.0","0.00","0.0","0.0"
"2026/09/04 02:58:00","23.1","79.7","293","100","145","0.6","1.8","0.1","997.9","0.0","0.00","0.0","0.0"
"2026/09/04 02:59:00","23.1","79.8","275","091","149","0.5","1.0","0.1","997.8","0.0","0.00","0.0","0.0"
"2026/09/04 03:00:00","23.1","79.9","274","102","132","0.3","0.8","0.1","997.9","0.0","0.00","0.0","0.0"
"2026/09/04 03:01:00","23.1","79.9","253","062","154","0.6","1.2","0.1","997.9","0.0","0.00","0.0","0.0"
"2026/09/04 03:02:00","23.1","80.0","218","302","167","0.6","0.9","0.3","997.9","0.0","0.00","0.0","0.0"
"2026/09/04 03:03:00","23.1","80.0","218","258","186","0.8","1.4","0.5","997.9","0.0","0.00","0.0","0.0"
"2026/09/04 03:04:00","23.1","80.0","237","316","144","0.7","1.5","0.0","997.9","0.0","0.00","0.0","0.0"
"2026/09/04 03:05:00","23.0","80.1","257","045","085","0.4","1.1","0.0","998.0","0.0","0.00","0.0","0.0"
"2026/09/04 03:06:00","23.0","80.1","244","020","085","0.4","1.0","0.1","998.0","0.0","0.00","0.0","0.0"
"2026/09/04 03:07:00","23.0","80.1","224","322","087","0.4","1.1","0.1","998.0","0.0","0.00","0.0","0.0"
"2026/09/04 03:08:00","23.0","80.1","260","015","105","0.5","1.3","0.0","998.0","0.0","0.00","0.0","0.0"
"2026/09/04 03:09:00","23.0","80.1","252","065","086","0.3","1.0","0.0","998.1","0.0","0.00","0.0","0.0"
"2026/09/04 03:10:00","23.0","80.1","290","046","155","0.3","0.5","0.0","998.1","0.0","0.00","0.0","0.0"
"2026/09/04 03:11:00","23.0","80.1","231","291","159","0.4","0.8","0.1","998.1","0.0","0.00","0.0","0.0"
"2026/09/04 03:12:00","23.0","80.1","253","343","136","0.2","0.6","0.0","998.1","0.0","0.00","0.0","0.0"
"2026/09/04 03:13:00","23.0","80.1","287","042","132","0.3","0.6","0.0","998.1","0.0","0.00","0.0","0.0"
"2026/09/04 03:14:00","23.0","80.2","291","087","214","0.6","1.1","0.1","998.1","0.0","0.00","0.0","0.0"
"2026/09/04 03:15:00","23.0","80.3","278","067","181","0.8","1.6","0.2","998.1","0.0","0.00","0.0","0.0"
"2026/09/04 03:16:00","23.0","80.3","285","323","206","0.7","1.2","0.2","998.1","0.0","0.00","0.0","0.0"
"2026/09/04 03:17:00","23.0","80.3","291","347","209","0.8","1.4","0.1","998.1","0.0","0.00","0.0","0.0"
"2026/09/04 03:18:00","23.0","80.3","292","324","261","1.0","1.5","0.5","998.1","0.0","0.00","0.0","0.0"
"2026/09/04 03:19:00","23.0","80.3","285","002","201","0.8","1.5","0.2","998.1","0.0","0.00","0.0","0.0"
"2026/09/04 03:20:00","23.0","80.2","275","073","148","0.4","0.9","0.1","998.1","0.0","0.00","0.0","0.0"
"2026/09/04 03:21:00","23.1","80.2","282","064","159","0.5","1.0","0.0","998.1","0.0","0.00","0.0","0.0"
"2026/09/04 03:22:00","23.1","80.1","286","061","168","0.6","1.6","0.1","998.1","0.0","0.00","0.0","0.0"
"2026/09/04 03:23:00","23.1","80.0","262","063","169","0.5","1.0","0.2","998.1","0.0","0.00","0.0","0.0"
"2026/09/04 03:24:00","23.1","80.0","267","342","148","0.8","1.7","0.1","998.0","0.0","0.00","0.0","0.0"
"2026/09/04 03:25:00","23.1","79.9","266","018","198","0.6","1.2","0.1","997.9","0.0","0.00","0.0","0.0"
"2026/09/04 03:26:00","23.1","79.9","292","064","161","0.3","0.9","0.0","997.9","0.0","0.00","0.0","0.0"
"2026/09/04 03:27:00","23.1","79.7","318","359","273","0.9","1.4","0.4","997.8","0.0","0.00","0.0","0.0"
"2026/09/04 03:28:00","23.1","79.6","333","348","312","1.0","1.4","0.3","997.8","0.0","0.00","0.0","0.0"
"2026/09/04 03:29:00","23.1","79.5","334","353","308","1.1","1.6","0.8","997.7","0.0","0.00","0.0","0.0"
"2026/09/04 03:30:00","23.1","79.3","325","338","302","0.9","1.2","0.6","997.7","0.0","0.00","0.0","0.0"
"2026/09/04 03:31:00","23.2","79.2","328","008","305","0.8","1.2","0.4","997.7","0.0","0.00","0.0","0.0"
"2026/09/04 03:32:00","23.2","78.5","346","005","318","0.9","1.2","0.5","997.7","0.0","0.00","0.0","0.0"
"2026/09/04 03:33:00","23.2","78.4","334","009","295","0.8","1.3","0.1","997.7","0.0","0.00","0.0","0.0"
"2026/09/04 03:34:00","23.3","78.1","344","020","290","0.7","1.1","0.3","997.7","0.0","0.00","0.0","0.0"
"2026/09/04 03:35:00","23.3","78.1","315","352","288","0.8","1.1","0.4","997.7","0.0","0.00","0.0","0.0"
"2026/09/04 03:36:00","23.3","77.8","353","013","330","1.1","1.4","0.7","997.7","0.0","0.00","0.0","0.0"
"2026/09/04 03:37:00","23.4","77.6","359","059","305","0.6","1.1","0.2","997.7","0.0","0.00","0.0","0.0"
"2026/09/04 03:38:00","23.4","77.5","356","040","308","0.6","0.9","0.1","997.7","0.0","0.00","0.0","0.0"
"2026/09/04 03:39:00","23.4","77.3","019","047","331","0.6","0.8","0.1","997.7","0.0","0.00","0.0","0.0"
"2026/09/04 03:40:00","23.5","77.3","018","048","339","0.5","0.7","0.3","997.7","0.0","0.00","0.0","0.0"
"2026/09/04 03:41:00","23.5","77.2","019","040","358","0.5","0.7","0.3","997.7","0.0","0.00","0.0","0.0"
"2026/09/04 03:42:00","23.5","77.1","017","043","357","0.7","0.9","0.4","997.7","0.0","0.00","0.0","0.0"
"2026/09/04 03:43:00","23.6","76.8","026","055","355","0.6","0.9","0.3","997.7","0.0","0.00","0.0","0.0"
"2026/09/04 03:44:00","23.6","76.6","045","087","002","0.5","0.8","0.1","997.7","0.0","0.00","0.0","0.0"
"2026/09/04 03:45:00","23.6","76.2","033","069","353","0.5","0.8","0.1","997.7","0.0","0.00","0.0","0.0"
"2026/09/04 03:46:00","23.6","75.9","341","037","282","0.5","0.7","0.2","997.8","0.0","0.00","0.0","0.0"
"2026/09/04 03:47:00","23.7","76.7","268","342","162","0.6","0.9","0.1","997.9","0.0","0.00","0.0","0.0"
"2026/09/04 03:48:00","23.7","76.9","272","023","133","0.5","1.4","0.1","998.0","0.0","0.00","0.0","0.0"
"2026/09/04 03:49:00","23.7","76.9","271","060","124","0.6","1.7","0.1","998.1","0.0","0.00","0.0","0.0"
"2026/09/04 03:50:00","23.7","76.7","299","081","129","0.6","1.6","0.1","998.2","0.0","0.00","0.0","0.0"
"2026/09/04 03:51:00","23.7","76.8","274","093","103","0.6","1.2","0.2","998.2","0.0","0.00","0.0","0.0"
"2026/09/04 03:52:00","23.6","77.0","188","005","039","0.8","1.6","0.3","998.2","0.0","0.00","0.0","0.0"
"2026/09/04 03:53:00","23.6","77.1","252","334","108","1.0","1.7","0.2","998.1","0.0","0.00","0.0","0.0"
"2026/09/04 03:54:00","23.6","77.4","234","028","084","0.8","1.7","0.2","998.1","0.0","0.00","0.0","0.0"
"2026/09/04 03:55:00","23.6","77.7","275","341","131","1.3","2.5","0.3","998.1","0.0","0.00","0.0","0.0"
"2026/09/04 03:56:00","23.5","78.0","260","044","127","1.0","2.8","0.2","998.2","0.0","0.00","0.0","0.0"
"2026/09/04 03:57:00","23.5","78.2","219","003","095","0.8","2.7","0.1","998.2","0.0","0.00","0.0","0.0"
"2026/09/04 03:58:00","23.5","78.4","256","352","127","1.6","2.9","0.2","998.3","0.0","0.00","0.0","0.0"
"2026/09/04 03:59:00","23.5","78.6","242","018","107","0.9","1.6","0.3","998.3","0.0","0.00","0.0","0.0"
"2026/09/04 04:00:00","23.4","78.7","294","087","116","0.7","1.4","0.1","998.4","0.0","0.00","0.0","0.0"
"2026/09/04 04:01:00","23.4","78.9","261","317","195","1.0","1.5","0.1","998.4","0.0","0.00","0.0","0.0"
"2026/09/04 04:02:00","23.4","79.0","265","333","179","1.0","2.1","0.2","998.4","0.0","0.00","0.0","0.0"
"2026/09/04 04:03:00","23.4","79.2","226","351","072","0.4","1.0","0.0","998.5","0.0","0.00","0.0","0.0"
"2026/09/04 04:04:00","23.4","79.3","219","278","102","0.6","1.3","0.2","998.5","0.0","0.00","0.0","0.0"
"2026/09/04 04:05:00","23.4","79.4","228","298","157","0.4","1.0","0.0","998.5","0.0","0.00","0.0","0.0"
"2026/09/04 04:06:00","23.3","79.5","194","320","072","0.3","0.6","0.1","998.5","0.0","0.00","0.0","0.0"
"2026/09/04 04:07:00","23.3","79.5","277","314","180","1.2","2.0","0.3","998.5","0.5","0.01","0.0","0.0"
"2026/09/04 04:08:00","23.3","79.6","280","312","233","0.9","1.5","0.3","998.5","0.1","0.02","0.0","0.0"
"2026/09/04 04:09:00","23.3","79.8","271","325","185","1.0","1.7","0.1","998.5","0.0","0.02","0.0","0.0"
"2026/09/04 04:10:00","23.3","80.0","263","039","092","0.4","1.7","0.1","998.4","0.0","0.02","0.0","0.0"
"2026/09/04 04:11:00","23.3","80.0","280","327","214","1.1","1.7","0.3","998.4","0.1","0.02","0.0","0.0"
"2026/09/04 04:12:00","23.3","80.2","293","050","228","1.1","2.2","0.2","998.4","0.1","0.02","0.0","0.0"
"2026/09/04 04:13:00","23.2","80.2","269","035","193","1.4","2.2","0.2","998.4","0.2","0.03","0.0","0.0"
"2026/09/04 04:14:00","23.2","80.4","253","078","097","0.5","1.0","0.2","998.4","0.2","0.03","0.0","0.0"
"2026/09/04 04:15:00","23.2","80.5","295","049","220","0.7","1.2","0.3","998.3","0.1","0.03","0.0","0.0"
"2026/09/04 04:16:00","23.2","80.6","277","332","207","0.5","1.1","0.1","998.3","0.1","0.03","0.0","0.0"
"2026/09/04 04:17:00","23.2","80.7","292","318","233","0.6","1.3","0.1","998.2","0.1","0.04","0.0","0.0"
"2026/09/04 04:18:00","23.1","80.5","294","318","262","0.7","1.1","0.3","998.2","0.2","0.04","0.0","0.0"
"2026/09/04 04:19:00","23.1","80.6","209","272","146","0.3","0.6","0.1","998.2","0.3","0.05","0.0","0.0"
"2026/09/04 04:20:00","23.1","80.8","194","277","087","0.3","0.7","0.0","998.2","0.1","0.05","0.0","0.0"
"2026/09/04 04:21:00","23.1","80.8","227","250","214","0.3","0.5","0.1","998.2","0.0","0.05","0.0","0.0"
"2026/09/04 04:22:00","23.1","80.7","218","234","215","0.3","0.4","0.1","998.2","0.0","0.05","0.0","0.0"
"2026/09/04 04:23:00","23.1","80.8","254","310","215","0.5","0.8","0.3","998.2","0.0","0.05","0.0","0.0"
"2026/09/04 04:24:00","23.1","81.1","286","330","239","0.6","1.4","0.1","998.3","0.0","0.05","0.0","0.0"
"2026/09/04 04:25:00","23.1","81.2","249","330","108","0.5","1.2","0.1","998.3","0.0","0.05","0.0","0.0"
"2026/09/04 04:26:00","23.1","81.5","199","351","057","0.3","0.6","0.0","998.4","0.0","0.05","0.0","0.0"
"2026/09/04 04:27:00","23.1","81.8","128","273","061","0.3","0.6","0.0","998.5","0.0","0.05","0.0","0.0"
"2026/09/04 04:28:00","23.1","82.0","140","291","331","0.4","0.8","0.1","998.5","0.0","0.05","0.0","0.0"
"2026/09/04 04:29:00","23.0","82.2","263","312","064","1.2","2.0","0.2","998.5","0.0","0.05","0.0","0.0"
"2026/09/04 04:30:00","23.0","82.1","269","290","216","1.8","2.5","1.1","998.5","0.0","0.05","0.0","0.0"
"2026/09/04 04:31:00","23.0","82.2","279","317","237","1.8","2.4","1.0","998.6","0.0","0.05","0.0","0.0"
"2026/09/04 04:32:00","23.0","82.1","298","321","264","1.7","2.3","1.2","998.6","0.0","0.05","0.0","0.0"
"2026/09/04 04:33:00","23.0","82.2","281","311","237","1.5","2.3","0.6","998.6","0.0","0.05","0.0","0.0"
"2026/09/04 04:34:00","23.1","82.3","280","314","239","1.5","2.3","0.6","998.6","0.0","0.05","0.0","0.0"
"2026/09/04 04:35:00","23.1","82.4","275","327","168","1.5","2.2","0.3","998.6","0.0","0.05","0.0","0.0"
"2026/09/04 04:36:00","23.1","82.4","269","024","179","1.5","2.4","0.2","998.7","0.0","0.05","0.0","0.0"
"2026/09/04 04:37:00","23.1","82.3","294","310","273","2.5","3.2","1.8","998.7","0.0","0.05","0.0","0.0"
"2026/09/04 04:38:00","23.1","82.4","290","318","204","2.0","2.8","0.9","998.8","0.0","0.05","0.0","0.0"
"2026/09/04 04:39:00","23.1","82.3","298","321","239","2.1","2.8","1.3","998.8","0.3","0.06","0.0","0.0"
"2026/09/04 04:40:00","23.1","82.4","284","328","239","1.8","2.8","0.8","998.8","0.1","0.06","0.0","0.0"
"2026/09/04 04:41:00","23.1","82.4","277","014","157","1.1","2.3","0.1","998.8","0.4","0.07","0.0","0.0"
"2026/09/04 04:42:00","23.2","82.3","286","003","147","1.2","2.1","0.2","998.8","1.0","0.09","0.0","0.0"
"2026/09/04 04:43:00","23.2","82.1","310","335","279","1.2","2.1","0.6","998.8","0.5","0.09","0.0","0.0"
"2026/09/04 04:44:00","23.2","82.1","321","341","303","1.5","2.2","1.1","998.8","0.3","0.10","0.0","0.0"
"2026/09/04 04:45:00","23.2","82.1","315","335","288","2.0","2.8","1.6","998.9","0.1","0.10","0.0","0.0"
"2026/09/04 04:46:00","23.2","82.2","285","000","187","1.8","2.6","0.5","998.9","0.0","0.10","0.0","0.0"
"2026/09/04 04:47:00","23.2","82.3","311","003","266","2.1","3.1","1.0","998.9","0.0","0.10","0.0","0.0"
"2026/09/04 04:48:00","23.3","82.3","289","343","220","1.6","2.7","0.3","998.9","0.0","0.10","0.0","0.0"
"2026/09/04 04:49:00","23.3","82.2","298","325","267","2.0","2.7","1.2","998.9","0.0","0.10","0.0","0.0"
"2026/09/04 04:50:00","23.3","82.4","309","349","258","1.8","2.6","0.8","998.9","0.1","0.10","0.0","0.0"
"2026/09/04 04:51:00","23.3","82.4","313","337","278","1.7","2.5","0.5","998.8","0.0","0.10","0.0","0.0"
"2026/09/04 04:52:00","23.2","82.3","323","335","310","2.8","3.6","2.2","998.9","0.0","0.11","0.0","0.0"
"2026/09/04 04:53:00","23.2","82.5","318","335","285","2.6","3.4","1.5","998.9","0.0","0.11","0.0","0.0"
"2026/09/04 04:54:00","23.2","82.6","311","334","279","2.5","3.8","1.7","998.9","0.0","0.11","0.0","0.0"
"2026/09/04 04:55:00","23.2","82.6","327","358","273","2.7","4.2","1.1","999.0","0.0","0.11","0.0","0.0"
"2026/09/04 04:56:00","23.2","82.6","332","005","290","2.5","3.8","1.4","998.9","0.0","0.11","0.0","0.0"
"2026/09/04 04:57:00","23.2","82.6","314","358","242","1.7","2.4","0.6","998.9","0.0","0.11","0.0","0.0"
"2026/09/04 04:58:00","23.3","82.4","325","356","290","1.6","2.8","0.6","998.8","0.0","0.11","0.0","0.0"
"2026/09/04 04:59:00","23.3","82.7","303","010","264","1.0","1.7","0.2","998.8","0.0","0.11","0.0","0.0"
"2026/09/04 05:00:00","23.3","82.6","325","345","301","1.3","1.8","0.8","998.8","0.0","0.11","0.0","0.0"
"2026/09/04 05:01:00","23.3","82.5","341","019","268","1.0","1.3","0.5","998.8","0.0","0.11","0.0","0.0"
"2026/09/04 05:02:00","23.3","82.4","353","017","279","1.0","1.5","0.5","998.8","0.0","0.11","0.0","0.0"
"2026/09/04 05:03:00","23.3","82.4","347","010","286","1.2","1.8","0.5","998.8","0.0","0.11","0.0","0.0"
"2026/09/04 05:04:00","23.3","82.5","340","012","302","1.2","1.9","0.8","998.8","0.0","0.11","0.0","0.0"
"2026/09/04 05:05:00","23.3","82.2","347","022","288","1.8","2.5","1.1","998.8","0.0","0.11","0.0","0.0"
"2026/09/04 05:06:00","23.3","82.4","322","024","287","1.2","2.2","0.8","998.8","0.0","0.11","0.0","0.0"
"2026/09/04 05:07:00","23.3","82.0","315","328","296","1.2","1.5","0.8","998.8","0.0","0.11","0.0","0.0"
"2026/09/04 05:08:00","23.3","81.4","322","337","297","1.3","1.9","0.9","998.8","0.0","0.11","0.0","0.0"
"2026/09/04 05:09:00","23.3","81.1","340","350","325","1.3","1.6","0.9","998.9","0.0","0.11","0.0","0.0"
"2026/09/04 05:10:00","23.4","81.0","344","000","325","1.5","2.1","1.0","998.9","0.0","0.11","0.0","0.0"
"2026/09/04 05:11:00","23.4","80.7","333","003","314","1.2","1.8","0.7","998.9","0.0","0.11","0.0","0.0"
"2026/09/04 05:12:00","23.4","80.7","357","031","309","1.2","1.9","0.5","999.0","0.0","0.11","0.0","0.0"
"2026/09/04 05:13:00","23.5","80.9","342","048","305","1.1","1.6","0.5","999.0","0.0","0.11","0.0","0.0"
"2026/09/04 05:14:00","23.5","81.0","343","023","327","1.0","1.4","0.5","999.0","0.0","0.11","0.0","0.0"
"2026/09/04 05:15:00","23.5","80.7","027","054","000","1.0","1.5","0.4","999.0","0.0","0.11","0.0","0.0"
"2026/09/04 05:16:00","23.5","80.9","049","089","015","0.8","1.9","0.4","999.0","0.0","0.11","0.0","0.0"
"2026/09/04 05:17:00","23.6","80.8","050","194","269","1.0","2.3","0.1","999.0","0.0","0.11","0.0","0.0"
"2026/09/04 05:18:00","23.6","80.9","017","207","269","0.4","0.9","0.1","999.0","0.0","0.11","0.0","0.0"
"2026/09/04 05:19:00","23.6","81.0","331","024","267","1.0","2.2","0.3","999.0","0.0","0.11","0.0","0.0"
"2026/09/04 05:20:00","23.6","80.6","005","051","328","1.4","2.1","0.3","999.1","0.0","0.11","0.0","0.0"
"2026/09/04 05:21:00","23.6","80.3","011","040","336","1.0","1.7","0.4","999.1","0.0","0.11","0.0","0.0"
"2026/09/04 05:22:00","23.6","79.9","344","039","287","0.6","1.1","0.1","999.1","0.0","0.11","0.0","0.0"
"2026/09/04 05:23:00","23.6","79.7","027","117","192","0.7","1.2","0.1","999.1","0.0","0.11","0.0","0.0"
"2026/09/04 05:24:00","23.6","79.0","121","215","087","0.7","1.2","0.1","999.1","0.0","0.11","0.0","0.0"
"2026/09/04 05:25:00","23.6","78.9","066","203","334","0.5","1.3","0.0","999.1","0.0","0.11","0.0","0.0"
"2026/09/04 05:26:00","23.6","76.7","011","056","314","0.7","1.1","0.2","999.1","0.0","0.11","0.0","0.0"
"2026/09/04 05:27:00","23.6","77.2","032","069","352","1.1","1.8","0.5","999.1","0.0","0.11","0.0","0.0"
"2026/09/04 05:28:00","23.7","77.4","038","088","354","1.5","2.3","0.9","999.1","0.0","0.11","0.0","0.0"
"2026/09/04 05:29:00","23.7","78.1","071","186","000","0.7","1.4","0.1","999.1","0.0","0.11","0.0","0.0"
"2026/09/04 05:30:00","23.7","77.8","183","280","090","0.3","0.6","0.0","999.1","0.0","0.11","0.0","0.0"
"2026/09/04 05:31:00","23.7","77.8","159","251","059","0.3","0.5","0.0","999.1","0.0","0.11","0.0","0.0"
"2026/09/04 05:32:00","23.7","77.9","166","261","066","0.3","0.7","0.0","999.1","0.0","0.11","0.0","0.0"
"2026/09/04 05:33:00","23.7","78.3","214","237","185","0.7","1.1","0.4","999.1","0.0","0.11","0.0","0.0"
"2026/09/04 05:34:00","23.7","79.8","225","259","206","0.7","1.3","0.3","999.1","0.0","0.11","0.0","0.0"
"2026/09/04 05:35:00","23.7","80.3","250","351","223","0.5","0.8","0.1","999.2","0.0","0.11","0.0","0.0"
"2026/09/04 05:36:00","23.7","80.7","331","075","255","0.4","1.0","0.1","999.2","0.0","0.11","0.0","0.0"
"2026/09/04 05:37:00","23.7","81.4","279","312","214","1.1","1.8","0.4","999.3","0.0","0.11","0.0","0.0"
"2026/09/04 05:38:00","23.6","82.0","292","330","256","1.2","1.6","0.4","999.3","0.0","0.11","0.0","0.0"
"2026/09/04 05:39:00","23.6","82.4","283","326","246","1.0","1.6","0.4","999.4","0.0","0.11","0.0","0.0"
"2026/09/04 05:40:00","23.5","82.6","253","308","188","0.9","1.6","0.3","999.4","0.0","0.11","0.0","0.0"
"2026/09/04 05:41:00","23.5","82.8","247","344","122","0.5","1.0","0.1","999.4","0.0","0.11","0.0","0.0"
"2026/09/04 05:42:00","23.5","83.0","268","035","143","1.0","2.2","0.1","999.4","0.0","0.11","0.0","0.0"
"2026/09/04 05:43:00","23.4","83.3","285","076","216","0.8","1.6","0.1","999.4","0.0","0.11","0.0","0.0"
"2026/09/04 05:44:00","23.4","83.5","283","353","199","0.8","1.6","0.1","999.4","0.0","0.11","0.0","0.0"
"2026/09/04 05:45:00","23.4","83.6","280","012","213","0.8","1.7","0.1","999.4","0.0","0.11","0.0","0.0"
"2026/09/04 05:46:00","23.3","83.5","305","340","270","1.3","2.0","0.8","999.4","0.0","0.11","0.0","0.0"
"2026/09/04 05:47:00","23.3","83.6","282","082","141","0.6","1.5","0.0","999.3","0.0","0.11","0.0","0.0"
"2026/09/04 05:48:00","23.3","83.5","303","356","223","0.6","1.0","0.1","999.3","0.0","0.11","0.0","0.0"
"2026/09/04 05:49:00","23.3","83.7","277","346","204","0.5","1.0","0.2","999.3","0.0","0.11","0.0","0.0"
"2026/09/04 05:50:00","23.3","83.8","312","002","251","0.9","1.6","0.5","999.3","0.0","0.11","0.0","0.0"
"2026/09/04 05:51:00","23.3","83.8","299","338","232","1.0","1.6","0.3","999.4","0.0","0.11","0.0","0.0"
"2026/09/04 05:52:00","23.3","83.9","279","356","222","1.2","2.5","0.3","999.4","0.0","0.11","0.0","0.0"
"2026/09/04 05:53:00","23.3","84.0","280","039","171","1.2","2.1","0.2","999.5","0.0","0.11","0.0","0.0"
"2026/09/04 05:54:00","23.3","84.0","294","019","222","1.2","2.5","0.2","999.5","0.0","0.11","0.0","0.0"
"2026/09/04 05:55:00","23.2","83.6","300","077","248","1.6","2.8","0.3","999.6","0.0","0.11","0.0","0.0"
"2026/09/04 05:56:00","23.2","82.6","307","333","219","2.4","3.5","0.3","999.6","0.0","0.11","0.0","0.0"
"2026/09/04 05:57:00","23.1","80.8","331","001","289","2.3","3.7","0.8","999.7","0.0","0.11","0.0","0.0"
"2026/09/04 05:58:00","23.2","81.1","326","354","306","2.5","3.5","1.8","999.7","0.0","0.11","0.0","0.0"
"2026/09/04 05:59:00","23.2","81.1","354","071","304","1.5","2.3","0.5","999.7","0.0","0.11","0.0","0.0"
"2026/09/04 06:00:00","23.3","81.3","316","015","224","1.1","1.9","0.1","999.7","0.0","0.11","0.0","0.0"
"2026/09/04 06:01:00","23.3","80.9","015","076","335","0.8","1.2","0.2","999.7","0.0","0.11","0.0","0.0"
"2026/09/04 06:02:00","23.3","79.9","012","062","312","1.2","2.2","0.7","999.7","0.0","0.11","0.0","0.0"
"2026/09/04 06:03:00","23.3","79.6","015","057","280","1.3","2.7","0.1","999.7","0.0","0.11","0.0","0.0"
"2026/09/04 06:04:00","23.3","79.7","339","110","222","1.2","2.4","0.3","999.8","0.0","0.11","0.0","0.0"
"2026/09/04 06:05:00","23.3","80.0","301","341","236","3.0","5.0","1.2","999.8","0.0","0.11","0.0","0.0"
"2026/09/04 06:06:00","23.2","80.0","329","358","317","4.0","5.8","2.9","999.8","0.0","0.11","0.0","0.0"
"2026/09/04 06:07:00","23.2","80.5","338","021","296","2.1","3.8","1.0","999.8","0.0","0.11","0.0","0.0"
"2026/09/04 06:08:00","23.1","80.8","327","040","225","1.4","2.1","0.4","999.9","0.0","0.11","0.0","0.0"
"2026/09/04 06:09:00","23.1","81.0","326","011","259","1.8","2.6","0.7","999.9","0.0","0.11","0.0","0.0"
"2026/09/04 06:10:00","23.1","81.2","332","041","293","2.1","3.8","0.9","1000.0","0.0","0.11","0.0","0.0"
"2026/09/04 06:11:00","23.0","81.4","354","026","325","2.0","2.8","0.8","1000.0","0.0","0.11","0.0","0.0"
"2026/09/04 06:12:00","23.0","81.4","334","013","260","2.8","4.7","0.6","1000.1","0.0","0.11","0.0","0.0"
"2026/09/04 06:13:00","22.9","81.6","340","148","302","3.4","9.6","1.1","1000.1","0.0","0.11","0.0","0.0"
"2026/09/04 06:14:00","22.9","82.0","328","082","151","1.5","4.1","0.4","1000.1","1.5","0.13","0.0","0.0"
"2026/09/04 06:15:00","22.9","82.2","317","098","153","2.2","8.8","0.2","1000.1","0.0","0.13","0.0","0.0"
"2026/09/04 06:16:00","22.9","82.2","312","065","184","0.8","1.7","0.1","1000.1","0.2","0.14","0.0","0.0"
"2026/09/04 06:17:00","22.8","82.2","341","043","256","1.4","2.8","0.5","1000.0","0.0","0.14","0.0","0.0"
"2026/09/04 06:18:00","22.8","82.5","311","038","238","1.8","3.4","0.6","1000.1","0.0","0.14","0.0","0.0"
"2026/09/04 06:19:00","22.8","82.4","315","341","266","2.5","3.4","1.2","1000.1","0.0","0.14","0.0","0.0"
"2026/09/04 06:20:00","22.8","82.5","315","335","290","2.9","3.7","1.7","1000.1","0.0","0.14","0.0","0.0"
"2026/09/04 06:21:00","22.8","82.7","325","356","304","2.3","3.7","1.4","1000.1","0.1","0.14","0.0","0.0"
"2026/09/04 06:22:00","22.7","82.7","326","002","287","2.2","3.2","1.0","1000.1","0.0","0.14","0.0","0.0"
"2026/09/04 06:23:00","22.7","82.8","316","028","234","1.7","2.9","0.4","1000.1","0.0","0.14","0.0","0.0"
"2026/09/04 06:24:00","22.7","82.8","256","097","179","0.8","1.7","0.1","1000.1","0.1","0.15","0.0","0.0"
"2026/09/04 06:25:00","22.7","83.1","222","324","048","0.3","0.7","0.1","1000.2","0.0","0.15","0.0","0.0"
"2026/09/04 06:26:00","22.7","83.2","213","359","076","0.7","2.2","0.1","1000.2","0.1","0.15","0.0","0.0"
"2026/09/04 06:27:00","22.7","82.9","291","014","219","2.1","3.3","0.3","1000.3","0.0","0.15","0.0","0.0"
"2026/09/04 06:28:00","22.7","82.6","292","325","230","2.1","3.0","0.6","1000.3","0.2","0.15","0.0","0.0"
"2026/09/04 06:29:00","22.7","82.8","274","021","156","1.3","2.8","0.3","1000.4","0.0","0.16","0.0","0.0"
"2026/09/04 06:30:00","22.7","82.9","253","306","102","1.2","2.8","0.3","1000.4","0.0","0.16","0.0","0.0"
"2026/09/04 06:31:00","22.7","82.8","302","320","276","2.1","2.9","0.7","1000.4","0.0","0.16","0.0","0.0"
"2026/09/04 06:32:00","22.6","83.0","284","019","206","1.0","1.7","0.3","1000.5","0.0","0.16","0.0","0.0"
"2026/09/04 06:33:00","22.7","83.2","245","052","110","0.8","2.3","0.2","1000.6","0.0","0.16","0.0","0.0"
"2026/09/04 06:34:00","22.6","83.3","274","308","220","2.1","3.6","0.7","1000.6","0.0","0.16","0.0","0.0"
"2026/09/04 06:35:00","22.6","83.4","280","325","230","2.2","3.4","1.1","1000.6","0.1","0.16","0.0","0.0"
"2026/09/04 06:36:00","22.6","83.5","277","312","212","2.2","3.1","0.9","1000.6","0.0","0.16","0.0","0.0"
"2026/09/04 06:37:00","22.6","83.5","294","347","217","1.9","3.0","0.5","1000.6","0.0","0.16","0.0","0.0"
"2026/09/04 06:38:00","22.6","83.6","292","331","233","1.7","2.6","0.8","1000.6","0.0","0.16","0.0","0.0"
"2026/09/04 06:39:00","22.5","83.7","291","334","245","1.9","2.9","0.7","1000.5","0.0","0.16","0.0","0.0"
"2026/09/04 06:40:00","22.5","83.9","289","068","203","1.3","3.0","0.2","1000.6","0.0","0.16","0.0","0.0"
"2026/09/04 06:41:00","22.5","83.9","289","334","179","2.3","3.7","0.3","1000.5","0.0","0.16","0.0","0.0"
"2026/09/04 06:42:00","22.5","83.7","306","002","246","2.3","3.5","0.9","1000.5","0.2","0.17","0.0","0.0"
"2026/09/04 06:43:00","22.5","83.7","312","019","214","1.3","2.2","0.3","1000.5","0.2","0.17","0.0","0.0"
"2026/09/04 06:44:00","22.5","83.8","303","048","239","1.7","3.1","0.3","1000.4","0.1","0.17","0.0","0.0"
"2026/09/04 06:45:00","22.5","83.4","311","337","272","2.3","3.1","1.6","1000.4","0.5","0.18","0.0","0.0"
"2026/09/04 06:46:00","22.5","83.4","327","011","281","1.7","2.5","0.5","1000.4","0.3","0.19","0.0","0.0"
"2026/09/04 06:47:00","22.4","83.3","330","025","291","2.5","3.3","1.4","1000.4","0.3","0.19","0.0","0.0"
"2026/09/04 06:48:00","22.4","83.1","309","322","287","2.9","3.5","1.7","1000.3","0.3","0.20","0.0","0.0"
"2026/09/04 06:49:00","22.4","83.6","306","336","264","2.1","2.8","1.1","1000.4","0.2","0.20","0.0","0.0"
"2026/09/04 06:50:00","22.5","83.5","321","346","283","2.2","2.9","1.2","1000.3","0.1","0.20","0.0","0.0"
"2026/09/04 06:51:00","22.5","83.5","320","344","290","2.7","3.7","1.8","1000.3","0.0","0.20","0.0","0.0"
"2026/09/04 06:52:00","22.5","83.6","311","330","286","2.6","3.3","1.7","1000.3","0.2","0.21","0.0","0.0"
"2026/09/04 06:53:00","22.5","83.5","311","335","280","2.9","4.2","1.8","1000.2","0.3","0.21","0.0","0.0"
"2026/09/04 06:54:00","22.4","83.4","318","327","306","2.8","3.5","1.8","1000.2","0.4","0.22","0.0","0.0"
"2026/09/04 06:55:00","22.4","83.5","326","343","308","1.8","2.6","1.2","1000.2","0.2","0.23","0.0","0.0"
"2026/09/04 06:56:00","22.4","83.6","335","020","304","1.4","2.0","0.5","1000.1","0.4","0.23","0.0","0.0"
"2026/09/04 06:57:00","22.4","83.7","313","343","290","1.5","2.3","0.6","1000.1","0.3","0.24","0.0","0.0"
"2026/09/04 06:58:00","22.4","84.0","300","047","233","1.3","2.1","0.2","1000.1","0.2","0.24","0.0","0.0"
"2026/09/04 06:59:00","22.4","84.2","312","342","268","1.3","1.9","0.8","1000.2","0.3","0.25","0.0","0.0"
"2026/09/04 07:00:00","22.5","84.4","288","094","169","1.0","1.9","0.1","1000.2","0.3","0.25","0.0","0.0"
"2026/09/04 07:01:00","22.4","83.8","320","344","294","2.3","3.2","1.5","1000.2","0.0","0.26","0.0","0.0"
"2026/09/04 07:02:00","22.4","83.8","332","340","317","2.0","2.7","1.5","1000.2","0.2","0.26","0.0","0.0"
"2026/09/04 07:03:00","22.4","84.0","292","348","173","1.5","2.4","0.2","1000.2","0.1","0.26","0.0","0.0"
"2026/09/04 07:04:00","22.4","84.1","319","351","277","2.3","3.4","0.6","1000.2","0.3","0.27","0.0","0.0"
"2026/09/04 07:05:00","22.4","83.8","320","330","289","2.5","3.1","1.7","1000.2","0.4","0.28","0.0","0.0"
"2026/09/04 07:06:00","22.4","83.7","322","342","290","2.4","3.2","1.4","1000.2","0.2","0.28","0.0","0.0"
"2026/09/04 07:07:00","22.4","84.1","289","348","226","1.3","2.5","0.3","1000.2","0.1","0.28","0.0","0.0"
"2026/09/04 07:08:00","22.4","84.3","263","325","196","1.4","2.1","0.6","1000.2","0.1","0.29","0.0","0.0"
"2026/09/04 07:09:00","22.4","84.2","287","089","213","0.8","1.5","0.0","1000.2","0.1","0.29","0.0","0.0"
"2026/09/04 07:10:00","22.4","84.2","279","071","214","1.1","1.9","0.1","1000.2","0.1","0.29","0.0","0.0"
"2026/09/04 07:11:00","22.4","84.3","268","335","203","1.0","1.8","0.3","1000.3","0.0","0.29","0.0","0.0"
"2026/09/04 07:12:00","22.4","84.4","303","087","171","0.7","1.6","0.2","1000.3","0.0","0.29","0.0","0.0"
"2026/09/04 07:13:00","22.4","84.6","354","109","184","0.4","0.8","0.1","1000.3","0.0","0.29","0.0","0.0"
"2026/09/04 07:14:00","22.4","84.5","011","189","245","0.6","1.3","0.1","1000.3","0.0","0.29","0.0","0.0"
"2026/09/04 07:15:00","22.4","84.4","279","315","250","1.1","1.5","0.4","1000.3","0.0","0.29","0.0","0.0"
"2026/09/04 07:16:00","22.4","84.4","250","303","181","0.6","1.3","0.1","1000.2","0.0","0.29","0.0","0.0"
"2026/09/04 07:17:00","22.4","84.4","230","282","177","0.7","1.1","0.2","1000.2","0.0","0.29","0.0","0.0"
"2026/09/04 07:18:00","22.4","84.4","229","281","172","0.7","1.0","0.2","1000.1","0.0","0.29","0.0","0.0"
"2026/09/04 07:19:00","22.4","84.6","228","289","187","0.8","1.2","0.4","1000.0","0.0","0.29","0.0","0.0"
"2026/09/04 07:20:00","22.4","84.3","214","228","171","0.9","1.2","0.5","999.9","0.0","0.29","0.0","0.0"
"2026/09/04 07:21:00","22.4","84.1","213","239","192","0.5","0.9","0.2","999.9","0.0","0.29","0.0","0.0"
"2026/09/04 07:22:00","22.3","84.0","220","351","183","0.3","0.6","0.1","999.9","0.1","0.30","0.0","0.0"
"2026/09/04 07:23:00","22.3","84.1","005","133","234","0.2","0.6","0.0","999.9","0.0","0.30","0.0","0.0"
"2026/09/04 07:24:00","22.4","84.4","025","052","352","0.6","1.2","0.1","999.9","0.1","0.30","0.0","0.0"
"2026/09/04 07:25:00","22.4","84.1","019","049","351","0.7","1.0","0.3","1000.0","0.2","0.30","0.0","0.0"
"2026/09/04 07:26:00","22.4","84.3","346","049","292","0.5","0.9","0.1","1000.0","0.1","0.31","0.0","0.0"
"2026/09/04 07:27:00","22.4","84.4","330","052","284","0.9","1.5","0.2","1000.1","0.1","0.31","0.0","0.0"
"2026/09/04 07:28:00","22.4","84.3","325","349","297","1.4","2.0","0.8","1000.2","0.0","0.31","0.0","0.0"
"2026/09/04 07:29:00","22.5","84.2","352","094","283","1.7","3.5","0.6","1000.2","0.0","0.31","0.0","0.0"
"2026/09/04 07:30:00","22.5","84.1","333","087","247","1.6","2.8","0.2","1000.3","0.1","0.31","0.0","0.0"
"2026/09/04 07:31:00","22.5","84.1","316","346","282","1.9","2.7","1.1","1000.3","0.1","0.31","0.0","0.0"
"2026/09/04 07:32:00","22.6","84.2","296","350","223","1.9","2.9","0.7","1000.3","0.0","0.32","0.0","0.0"
"2026/09/04 07:33:00","22.6","83.7","335","037","266","3.0","4.5","1.8","1000.4","0.3","0.32","0.0","0.0"
"2026/09/04 07:34:00","22.6","83.0","005","057","290","2.4","4.2","0.6","1000.4","0.3","0.33","0.0","0.0"
"2026/09/04 07:35:00","22.6","83.1","349","070","259","1.1","2.1","0.2","1000.4","0.1","0.33","0.0","0.0"
"2026/09/04 07:36:00","22.6","83.4","327","028","248","1.0","1.6","0.2","1000.5","0.0","0.33","0.0","0.0"
"2026/09/04 07:37:00","22.6","83.4","306","331","212","1.7","2.8","0.3","1000.5","0.1","0.33","0.0","0.0"
"2026/09/04 07:38:00","22.6","83.2","322","340","295","2.3","3.3","1.4","1000.5","0.1","0.34","0.0","0.0"
"2026/09/04 07:39:00","22.6","83.5","344","069","253","1.0","1.7","0.4","1000.6","0.1","0.34","0.0","0.0"
"2026/09/04 07:40:00","22.6","83.5","343","119","225","0.5","1.0","0.1","1000.6","0.2","0.34","0.0","0.0"
"2026/09/04 07:41:00","22.6","83.7","316","141","170","0.5","1.2","0.1","1000.6","0.2","0.35","0.0","0.0"
"2026/09/04 07:42:00","22.6","83.5","039","122","330","1.0","2.1","0.3","1000.5","0.2","0.35","0.0","0.0"
"2026/09/04 07:43:00","22.6","83.0","060","179","301","0.5","1.5","0.0","1000.5","0.1","0.35","0.0","0.0"
"2026/09/04 07:44:00","22.6","83.3","306","358","242","1.2","2.1","0.2","1000.5","0.0","0.35","0.0","0.0"
"2026/09/04 07:45:00","22.6","83.1","313","347","282","1.9","3.5","1.1","1000.5","0.0","0.35","0.0","0.0"
"2026/09/04 07:46:00","22.6","83.1","328","005","298","2.0","2.7","1.4","1000.6","0.1","0.36","0.0","0.0"
"2026/09/04 07:47:00","22.6","83.3","296","327","245","2.7","4.5","1.0","1000.6","0.1","0.36","0.0","0.0"
"2026/09/04 07:48:00","22.6","83.2","296","323","240","3.1","4.4","0.4","1000.6","0.0","0.36","0.0","0.0"
"2026/09/04 07:49:00","22.6","83.1","303","015","198","2.3","3.7","0.3","1000.6","0.0","0.36","0.0","0.0"
"2026/09/04 07:50:00","22.6","82.8","318","329","269","3.1","3.9","1.7","1000.5","0.0","0.36","0.0","0.0"
"2026/09/04 07:51:00","22.6","83.1","302","337","210","2.0","3.1","0.5","1000.5","0.0","0.36","0.0","0.0"
"2026/09/04 07:52:00","22.6","83.4","298","072","173","1.4","2.7","0.2","1000.5","0.0","0.36","0.0","0.0"
"2026/09/04 07:53:00","22.6","83.0","356","073","244","2.4","4.4","0.6","1000.5","0.4","0.37","0.0","0.0"
"2026/09/04 07:54:00","22.5","82.9","353","047","284","2.9","4.7","1.8","1000.5","0.3","0.38","0.0","0.0"
"2026/09/04 07:55:00","22.5","83.1","332","019","311","2.4","3.9","1.2","1000.6","0.7","0.39","0.0","0.0"
"2026/09/04 07:56:00","22.5","83.2","323","352","286","1.6","2.1","1.2","1000.6","0.2","0.39","0.0","0.0"
"2026/09/04 07:57:00","22.6","83.4","331","027","265","1.2","1.8","0.5","1000.7","0.1","0.40","0.0","0.0"
"2026/09/04 07:58:00","22.5","83.3","289","086","140","0.8","1.8","0.0","1000.7","0.0","0.40","0.0","0.0"
"2026/09/04 07:59:00","22.5","83.5","244","032","089","0.3","0.6","0.0","1000.6","0.0","0.40","0.0","0.0"
"2026/09/04 08:00:00","22.6","83.7","270","017","071","0.7","1.7","0.0","1000.6","0.0","0.40","0.0","0.0"
"2026/09/04 08:01:00","22.6","83.4","318","007","277","1.1","1.9","0.6","1000.7","0.2","0.40","0.0","0.0"
"2026/09/04 08:02:00","22.5","83.2","313","345","276","1.4","2.6","0.5","1000.7","0.2","0.40","0.0","0.0"
"2026/09/04 08:03:00","22.5","83.5","285","329","228","1.7","2.8","0.6","1000.8","0.2","0.41","0.0","0.0"
"2026/09/04 08:04:00","22.5","83.9","304","336","261","2.0","4.2","0.7","1000.8","0.1","0.41","0.0","0.0"
"2026/09/04 08:05:00","22.5","83.3","311","341","267","3.0","4.4","1.9","1000.8","0.0","0.41","0.0","0.0"
"2026/09/04 08:06:00","22.5","83.7","306","332","248","2.7","4.1","1.3","1000.9","0.0","0.41","0.0","0.0"
"2026/09/04 08:07:00","22.5","83.4","317","336","293","3.1","4.3","1.9","1000.9","0.0","0.41","0.0","0.0"
"2026/09/04 08:08:00","22.5","83.4","312","328","283","2.1","3.2","1.2","1000.8","0.0","0.41","0.0","0.0"
"2026/09/04 08:09:00","22.4","83.4","329","018","280","1.9","3.2","0.6","1000.8","0.0","0.41","0.0","0.0"
"2026/09/04 08:10:00","22.4","83.8","294","012","177","1.7","2.5","0.3","1000.7","0.0","0.41","0.0","0.0"
"2026/09/04 08:11:00","22.4","84.0","324","011","285","1.3","2.0","0.8","1000.7","0.0","0.41","0.0","0.0"
"2026/09/04 08:12:00","22.5","84.1","003","046","327","1.8","3.4","0.6","1000.6","0.0","0.41","0.0","0.0"
"2026/09/04 08:13:00","22.4","84.0","333","003","269","1.9","3.9","0.5","1000.5","0.0","0.41","0.0","0.0"
"2026/09/04 08:14:00","22.5","84.2","315","042","237","1.5","2.5","0.3","1000.4","0.0","0.41","0.0","0.0"
"2026/09/04 08:15:00","22.5","84.2","332","354","277","2.1","2.8","0.7","1000.4","0.1","0.42","0.0","0.0"
"2026/09/04 08:16:00","22.5","84.1","334","013","305","2.4","3.3","1.4","1000.4","0.0","0.42","0.0","0.0"
"2026/09/04 08:17:00","22.5","83.8","009","079","296","1.3","2.5","0.3","1000.3","0.0","0.42","0.0","0.0"
"2026/09/04 08:18:00","22.5","83.8","345","051","300","1.4","2.7","0.6","1000.3","0.0","0.42","0.0","0.0"
"2026/09/04 08:19:00","22.5","83.7","019","112","312","1.0","2.1","0.4","1000.2","0.0","0.42","0.0","0.0"
"2026/09/04 08:20:00","22.5","83.4","031","106","315","1.5","2.6","0.4","1000.2","0.1","0.42","0.0","0.0"
"2026/09/04 08:21:00","22.5","82.8","051","103","006","1.9","2.8","0.5","1000.1","0.2","0.43","0.0","0.0"
"2026/09/04 08:22:00","22.5","82.9","046","071","344","2.3","3.5","1.3","1000.1","0.2","0.43","0.0","0.0"
"2026/09/04 08:23:00","22.5","82.8","022","054","322","2.2","3.5","0.7","1000.1","0.3","0.44","0.0","0.0"
"2026/09/04 08:24:00","22.5","82.8","037","089","328","1.3","2.2","0.5","1000.1","0.1","0.44","0.0","0.0"
"2026/09/04 08:25:00","22.5","82.8","032","087","330","1.7","2.9","0.5","1000.1","0.0","0.44","0.0","0.0"
"2026/09/04 08:26:00","22.5","82.5","059","079","032","2.5","3.3","1.3","1000.1","0.1","0.44","0.0","0.0"
"2026/09/04 08:27:00","22.5","82.6","061","091","032","1.6","2.6","0.7","1000.1","0.0","0.44","0.0","0.0"
"2026/09/04 08:28:00","22.5","82.3","042","089","023","2.2","3.1","0.6","1000.1","0.0","0.44","0.0","0.0"
"2026/09/04 08:29:00","22.5","82.2","041","152","347","1.6","2.9","0.4","1000.0","0.0","0.44","0.0","0.0"
"2026/09/04 08:30:00","22.5","81.9","022","065","272","1.0","2.3","0.2","1000.0","0.0","0.44","0.0","0.0"
"2026/09/04 08:31:00","22.4","81.2","005","061","334","1.2","1.6","0.6","1000.0","0.0","0.44","0.0","0.0"
"2026/09/04 08:32:00","22.4","81.1","047","132","352","0.7","1.6","0.1","1000.1","0.0","0.44","0.0","0.0"
"2026/09/04 08:33:00","22.5","81.0","005","114","271","1.0","2.2","0.1","1000.1","0.0","0.44","0.0","0.0"
"2026/09/04 08:34:00","22.5","81.5","334","071","214","1.1","1.9","0.3","1000.1","0.0","0.44","0.0","0.0"
"2026/09/04 08:35:00","22.6","81.3","314","345","234","1.9","3.2","0.8","1000.2","0.0","0.44","0.0","0.0"
"2026/09/04 08:36:00","22.6","81.1","351","036","277","1.4","2.2","0.8","1000.2","0.0","0.44","0.0","0.0"
"2026/09/04 08:37:00","22.6","80.8","345","031","287","2.4","3.6","1.2","1000.2","0.0","0.44","0.0","0.0"
"2026/09/04 08:38:00","22.7","80.5","003","045","332","1.9","3.6","0.8","1000.3","0.0","0.44","0.0","0.0"
"2026/09/04 08:39:00","22.7","80.5","026","128","257","1.0","2.0","0.2","1000.3","0.0","0.44","0.0","0.0"
"2026/09/04 08:40:00","22.7","80.5","332","044","255","1.1","2.0","0.2","1000.3","0.0","0.44","0.0","0.0"
"2026/09/04 08:41:00","22.8","80.1","320","344","291","1.6","2.7","0.8","1000.3","0.0","0.44","0.0","0.0"
"2026/09/04 08:42:00","22.8","80.1","337","018","294","1.6","2.6","0.5","1000.3","0.0","0.44","0.0","0.0"
"2026/09/04 08:43:00","22.8","79.4","004","055","335","2.1","2.8","0.7","1000.4","0.0","0.44","0.0","0.0"
"2026/09/04 08:44:00","22.7","79.7","328","065","255","1.3","2.4","0.5","1000.4","0.0","0.44","0.0","0.0"
"2026/09/04 08:45:00","22.7","79.8","327","351","296","1.8","2.6","0.8","1000.4","0.0","0.44","0.0","0.0"
"2026/09/04 08:46:00","22.7","79.7","300","359","237","1.6","2.6","0.8","1000.5","0.0","0.44","0.0","0.0"
"2026/09/04 08:47:00","22.8","79.8","323","359","290","2.2","3.4","1.3","1000.6","0.0","0.44","0.0","0.0"
"2026/09/04 08:48:00","22.8","80.0","337","084","178","1.1","2.0","0.3","1000.6","0.0","0.44","0.0","0.0"
"2026/09/04 08:49:00","22.8","80.4","267","020","160","0.9","1.9","0.2","1000.7","0.0","0.44","0.0","0.0"
"2026/09/04 08:50:00","22.8","80.3","310","347","236","1.7","2.8","0.6","1000.8","0.0","0.44","0.0","0.0"
"2026/09/04 08:51:00","22.9","79.8","325","341","290","2.6","3.5","1.7","1000.8","0.0","0.44","0.0","0.0"
"2026/09/04 08:52:00","22.9","80.5","306","340","261","2.3","3.3","1.3","1000.7","0.0","0.44","0.0","0.0"
"2026/09/04 08:53:00","22.9","80.9","301","333","225","2.0","2.7","1.2","1000.8","0.0","0.44","0.0","0.0"
"2026/09/04 08:54:00","22.9","81.5","289","071","138","1.6","2.8","0.3","1000.7","0.0","0.44","0.0","0.0"
"2026/09/04 08:55:00","22.9","80.7","309","003","213","2.4","3.6","0.8","1000.7","0.0","0.44","0.0","0.0"
"2026/09/04 08:56:00","22.8","79.8","332","349","322","2.8","3.5","2.1","1000.7","0.0","0.44","0.0","0.0"
"2026/09/04 08:57:00","22.8","79.9","324","347","295","2.2","3.0","1.1","1000.7","0.0","0.44","0.0","0.0"
"2026/09/04 08:58:00","22.8","79.3","334","350","319","3.1","3.7","2.1","1000.7","0.0","0.44","0.0","0.0"
"2026/09/04 08:59:00","22.8","79.7","329","030","207","2.2","3.7","0.2","1000.8","0.0","0.44","0.0","0.0"
"2026/09/04 09:00:00","22.8","80.5","327","108","213","1.1","2.4","0.1","1000.8","0.0","0.44","0.0","0.0"
"2026/09/04 09:01:00","22.8","81.0","313","027","253","1.9","2.8","0.6","1000.8","0.0","0.44","0.0","0.0"
"2026/09/04 09:02:00","22.8","80.8","327","012","282","2.1","3.0","0.8","1000.8","0.2","0.45","0.0","0.0"
"2026/09/04 09:03:00","22.9","81.2","310","124","157","1.5","2.7","0.3","1000.9","0.0","0.45","0.0","0.0"
"2026/09/04 09:04:00","22.9","81.9","247","340","158","1.1","2.3","0.2","1000.8","0.0","0.45","0.0","0.0"
"2026/09/04 09:05:00","22.9","81.9","307","343","251","2.2","3.4","1.2","1000.8","0.1","0.45","0.0","0.0"
"2026/09/04 09:06:00","22.9","81.7","311","022","246","1.2","2.3","0.3","1000.8","0.0","0.45","0.0","0.0"
"2026/09/04 09:07:00","22.9","82.0","234","353","124","0.7","1.6","0.1","1000.8","0.0","0.45","0.0","0.0"
"2026/09/04 09:08:00","23.0","82.0","267","012","099","1.1","2.2","0.1","1000.9","0.0","0.45","0.0","0.0"
"2026/09/04 09:09:00","23.0","82.1","268","358","164","1.1","3.5","0.1","1000.9","0.0","0.45","0.0","0.0"
"2026/09/04 09:10:00","23.0","81.0","279","320","170","2.1","3.8","0.2","1001.0","0.1","0.45","0.0","0.0"
"2026/09/04 09:11:00","23.0","81.4","254","349","119","1.9","3.9","0.4","1001.0","0.0","0.45","0.0","0.0"
"2026/09/04 09:12:00","23.0","81.0","298","035","148","1.9","3.8","0.5","1001.0","0.0","0.46","0.0","0.0"
"2026/09/04 09:13:00","22.9","81.0","295","338","219","1.9","2.8","0.8","1000.9","0.1","0.46","0.0","0.0"
"2026/09/04 09:14:00","22.9","80.5","308","333","235","2.3","3.2","0.5","1000.9","0.2","0.46","0.0","0.0"
"2026/09/04 09:15:00","22.9","81.2","289","011","196","1.6","2.9","0.5","1000.9","0.0","0.46","0.0","0.0"
"2026/09/04 09:16:00","22.9","81.4","272","341","211","1.8","2.8","0.7","1000.9","0.0","0.46","0.0","0.0"
"2026/09/04 09:17:00","22.9","81.5","270","343","185","1.7","3.4","0.5","1000.9","0.0","0.46","0.0","0.0"
"2026/09/04 09:18:00","22.9","81.5","279","073","115","1.3","3.6","0.3","1001.0","0.0","0.46","0.0","0.0"
"2026/09/04 09:19:00","22.9","81.4","251","335","129","1.1","2.4","0.2","1001.0","0.0","0.46","0.0","0.0"
"2026/09/04 09:20:00","22.9","81.4","249","048","103","1.1","2.2","0.4","1001.0","0.0","0.46","0.0","0.0"
"2026/09/04 09:21:00","22.9","80.9","277","015","198","1.8","3.4","0.2","1001.0","0.0","0.46","0.0","0.0"
"2026/09/04 09:22:00","22.9","80.8","291","316","252","1.8","3.1","0.8","1001.0","0.0","0.46","0.0","0.0"
"2026/09/04 09:23:00","22.9","80.9","275","033","205","1.4","2.7","0.5","1001.0","0.0","0.46","0.0","0.0"
"2026/09/04 09:24:00","23.0","81.5","233","005","090","1.0","2.3","0.1","1001.0","0.0","0.46","0.0","0.0"
"2026/09/04 09:25:00","23.0","81.2","258","331","153","1.1","2.2","0.2","1001.0","0.0","0.46","0.0","0.0"
"2026/09/04 09:26:00","23.0","81.1","308","084","194","1.0","2.5","0.1","1001.1","0.0","0.46","0.0","0.0"
"2026/09/04 09:27:00","23.0","81.2","303","343","244","1.2","1.9","0.6","1001.1","0.0","0.46","0.0","0.0"
"2026/09/04 09:28:00","23.0","81.3","295","336","225","1.3","2.0","0.4","1001.1","0.0","0.46","0.0","0.0"
"2026/09/04 09:29:00","23.1","81.6","274","002","221","1.2","2.1","0.5","1001.2","0.0","0.46","0.0","0.0"
"2026/09/04 09:30:00","23.1","81.9","288","102","178","0.4","1.4","0.0","1001.2","0.0","0.46","0.0","0.0"
"2026/09/04 09:31:00","23.1","81.9","277","071","137","0.6","1.4","0.1","1001.1","0.0","0.46","0.0","0.0"
"2026/09/04 09:32:00","23.1","82.0","347","033","266","0.6","1.1","0.1","1001.1","0.0","0.46","0.0","0.0"
"2026/09/04 09:33:00","23.1","81.5","330","032","294","1.1","1.5","0.6","1001.1","0.0","0.46","0.0","0.0"
"2026/09/04 09:34:00","23.1","81.0","313","333","284","1.6","2.7","0.9","1001.1","0.0","0.46","0.0","0.0"
"2026/09/04 09:35:00","23.1","81.0","330","349","299","2.2","3.0","1.1","1001.1","0.0","0.46","0.0","0.0"
"2026/09/04 09:36:00","23.0","81.3","306","322","261","2.9","3.9","1.6","1001.1","0.0","0.46","0.0","0.0"
"2026/09/04 09:37:00","23.0","81.0","319","338","270","3.4","4.4","2.1","1001.1","0.0","0.46","0.0","0.0"
"2026/09/04 09:38:00","23.0","81.4","298","010","220","2.6","4.6","0.3","1001.1","0.0","0.46","0.0","0.0"
"2026/09/04 09:39:00","23.0","81.4","312","353","275","1.9","2.9","0.7","1001.1","0.0","0.46","0.0","0.0"
"2026/09/04 09:40:00","23.1","81.1","316","330","294","2.7","3.4","2.0","1001.1","0.0","0.46","0.0","0.0"
"2026/09/04 09:41:00","23.0","81.2","301","344","224","1.9","3.0","0.5","1001.1","0.0","0.46","0.0","0.0"
"2026/09/04 09:42:00","23.0","81.0","305","018","235","2.3","4.2","0.3","1001.1","0.0","0.46","0.0","0.0"
"2026/09/04 09:43:00","23.0","80.4","323","338","305","2.8","3.7","1.6","1001.1","0.0","0.46","0.0","0.0"
"2026/09/04 09:44:00","23.0","80.4","316","336","289","3.0","4.4","2.0","1001.0","0.0","0.46","0.0","0.0"
"2026/09/04 09:45:00","23.0","80.3","334","355","301","2.1","3.2","1.0","1001.0","0.0","0.47","0.0","0.0"
"2026/09/04 09:46:00","23.0","80.6","307","354","242","1.4","2.2","0.6","1000.9","0.0","0.47","0.0","0.0"
"2026/09/04 09:47:00","23.0","80.7","293","332","159","0.9","1.6","0.2","1000.8","0.0","0.47","0.0","0.0"
"2026/09/04 09:48:00","23.0","80.7","315","335","300","1.2","1.8","0.6","1000.8","0.0","0.47","0.0","0.0"
"2026/09/04 09:49:00","23.0","80.6","333","034","290","0.7","1.1","0.4","1000.8","0.0","0.47","0.0","0.0"
"2026/09/04 09:50:00","23.0","80.8","313","042","217","0.8","1.8","0.1","1000.8","0.0","0.47","0.0","0.0"
"2026/09/04 09:51:00","23.1","81.1","310","034","204","1.3","2.1","0.3","1000.8","0.0","0.47","0.0","0.0"
"2026/09/04 09:52:00","23.1","81.3","307","019","209","1.1","2.1","0.3","1000.7","0.0","0.47","0.0","0.0"
"2026/09/04 09:53:00","23.1","81.2","311","091","219","0.7","1.4","0.1","1000.7","0.0","0.47","0.0","0.0"
"2026/09/04 09:54:00","23.1","81.1","305","052","213","0.7","1.5","0.1","1000.6","0.0","0.47","0.0","0.0"
"2026/09/04 09:55:00","23.1","80.7","001","072","319","0.5","1.0","0.1","1000.6","0.0","0.47","0.0","0.0"
"2026/09/04 09:56:00","23.1","80.7","001","043","324","0.7","1.1","0.2","1000.5","0.0","0.47","0.0","0.0"
"2026/09/04 09:57:00","23.1","80.5","326","349","261","1.3","2.2","0.8","1000.5","0.0","0.47","0.0","0.0"
"2026/09/04 09:58:00","23.1","79.8","319","335","286","2.8","3.6","2.0","1000.5","0.0","0.47","0.0","0.0"
"2026/09/04 09:59:00","23.2","80.5","307","328","286","3.1","4.3","2.2","1000.4","0.0","0.47","0.0","0.0"
"2026/09/04 10:00:00","23.2","80.5","007","087","303","1.9","3.5","0.6","1000.4","0.0","0.47","0.0","0.0"
"2026/09/04 10:01:00","23.2","80.1","032","077","354","2.3","3.8","1.0","1000.4","0.0","0.47","0.0","0.0"
"2026/09/04 10:02:00","23.2","79.7","018","068","279","2.1","3.5","0.3","1000.4","0.0","0.47","0.0","0.0"
"2026/09/04 10:03:00","23.2","80.3","304","011","220","0.8","1.7","0.1","1000.4","0.0","0.47","0.0","0.0"
"2026/09/04 10:04:00","23.2","79.6","347","120","234","0.9","2.3","0.1","1000.4","0.0","0.47","0.0","0.0"
"2026/09/04 10:05:00","23.2","79.8","333","031","280","1.8","3.4","0.4","1000.4","0.0","0.47","0.0","0.0"
"2026/09/04 10:06:00","23.3","80.5","282","321","234","2.1","3.2","0.8","1000.4","0.0","0.47","0.0","0.0"
"2026/09/04 10:07:00","23.3","79.4","332","011","274","2.6","3.8","0.9","1000.4","0.0","0.47","0.0","0.0"
"2026/09/04 10:08:00","23.3","79.3","333","029","209","1.7","3.3","0.4","1000.4","0.0","0.47","0.0","0.0"
"2026/09/04 10:09:00","23.2","79.4","330","026","197","1.8","3.6","0.4","1000.4","0.0","0.47","0.0","0.0"
"2026/09/04 10:10:00","23.3","79.8","296","079","188","1.1","2.9","0.2","1000.4","0.0","0.47","0.0","0.0"
"2026/09/04 10:11:00","23.3","79.5","318","003","284","2.3","3.3","1.3","1000.4","0.0","0.47","0.0","0.0"
"2026/09/04 10:12:00","23.3","80.0","285","334","221","1.5","2.4","0.2","1000.4","0.0","0.47","0.0","0.0"
"2026/09/04 10:13:00","23.3","80.4","274","357","197","1.1","2.2","0.1","1000.4","0.0","0.48","0.0","0.0"
"2026/09/04 10:14:00","23.3","80.7","285","060","171","0.8","1.3","0.2","1000.5","0.0","0.48","0.0","0.0"
"2026/09/04 10:15:00","23.4","80.5","310","110","151","0.9","2.4","0.1","1000.5","0.0","0.48","0.0","0.0"
"2026/09/04 10:16:00","23.4","79.4","328","352","298","1.0","1.8","0.4","1000.5","0.0","0.48","0.0","0.0"
"2026/09/04 10:17:00","23.3","79.6","280","011","174","0.6","1.4","0.1","1000.5","0.0","0.48","0.0","0.0"
"2026/09/04 10:18:00","23.3","79.5","277","330","242","1.0","1.5","0.5","1000.5","0.0","0.48","0.0","0.0"
"2026/09/04 10:19:00","23.3","79.4","239","015","165","0.6","1.3","0.1","1000.5","0.0","0.48","0.0","0.0"
"2026/09/04 10:20:00","23.3","79.2","205","294","129","0.6","1.0","0.1","1000.6","0.1","0.48","0.0","0.0"
"2026/09/04 10:21:00","23.3","79.8","269","326","209","0.5","0.9","0.1","1000.6","0.1","0.48","0.0","0.0"
"2026/09/04 10:22:00","23.4","79.8","261","025","197","0.8","1.3","0.1","1000.6","0.0","0.48","0.0","0.0"
"2026/09/04 10:23:00","23.4","79.5","301","056","256","1.2","2.3","0.1","1000.6","0.1","0.48","0.0","0.0"
"2026/09/04 10:24:00","23.4","79.3","270","323","231","1.8","2.4","0.6","1000.6","0.0","0.49","0.0","0.0"
"2026/09/04 10:25:00","23.3","79.2","293","053","205","0.8","1.7","0.1","1000.6","0.0","0.49","0.0","0.0"
"2026/09/04 10:26:00","23.4","79.8","286","081","186","0.6","1.4","0.1","1000.5","0.1","0.49","0.0","0.0"
"2026/09/04 10:27:00","23.4","80.0","286","044","199","0.6","1.1","0.1","1000.5","0.1","0.49","0.0","0.0"
"2026/09/04 10:28:00","23.4","79.9","302","028","237","0.6","0.9","0.2","1000.6","0.1","0.49","0.0","0.0"
"2026/09/04 10:29:00","23.4","79.7","296","345","239","0.9","1.6","0.3","1000.7","0.1","0.49","0.0","0.0"
"2026/09/04 10:30:00","23.4","79.8","279","002","171","1.2","2.1","0.4","1000.7","0.0","0.49","0.0","0.0"
"2026/09/04 10:31:00","23.4","79.8","254","312","182","1.6","3.0","0.5","1000.7","0.0","0.49","0.0","0.0"
"2026/09/04 10:32:00","23.4","79.8","263","351","084","1.1","2.2","0.2","1000.8","0.0","0.49","0.0","0.0"
"2026/09/04 10:33:00","23.4","79.7","268","021","159","1.5","3.2","0.3","1000.7","0.0","0.49","0.0","0.0"
"2026/09/04 10:34:00","23.4","79.4","286","023","173","1.5","2.4","0.3","1000.7","0.0","0.49","0.0","0.0"
"2026/09/04 10:35:00","23.5","79.7","303","037","134","0.8","1.8","0.2","1000.7","0.0","0.49","0.0","0.0"
"2026/09/04 10:36:00","23.5","79.8","251","027","088","0.5","2.2","0.1","1000.6","0.0","0.49","0.0","0.0"
"2026/09/04 10:37:00","23.5","79.4","278","350","159","1.3","2.4","0.2","1000.6","0.0","0.49","0.0","0.0"
"2026/09/04 10:38:00","23.5","78.6","301","015","214","1.7","2.6","0.3","1000.5","0.0","0.49","0.0","0.0"
"2026/09/04 10:39:00","23.5","78.8","312","325","291","1.8","2.5","1.0","1000.4","0.0","0.49","0.0","0.0"
"2026/09/04 10:40:00","23.4","79.1","293","333","248","1.3","2.0","0.5","1000.4","0.0","0.49","0.0","0.0"
"2026/09/04 10:41:00","23.4","79.3","303","014","224","1.2","1.8","0.2","1000.3","0.2","0.50","0.0","0.0"
"2026/09/04 10:42:00","23.4","79.6","293","092","148","1.0","1.7","0.1","1000.3","0.2","0.50","0.0","0.0"
"2026/09/04 10:43:00","23.4","79.9","264","358","153","0.5","1.2","0.1","1000.3","0.1","0.51","0.0","0.0"
"2026/09/04 10:44:00","23.4","79.8","273","067","099","0.7","2.2","0.1","1000.3","0.0","0.51","0.0","0.0"
"2026/09/04 10:45:00","23.4","79.5","314","059","206","1.0","1.7","0.2","1000.2","0.0","0.51","0.0","0.0"
"2026/09/04 10:46:00","23.4","79.3","296","047","228","1.0","1.9","0.2","1000.2","0.0","0.51","0.0","0.0"
"2026/09/04 10:47:00","23.4","79.2","269","087","121","0.5","1.3","0.1","1000.2","0.0","0.51","0.0","0.0"
"2026/09/04 10:48:00","23.4","79.6","242","014","085","0.5","1.1","0.1","1000.1","0.0","0.51","0.0","0.0"
"2026/09/04 10:49:00","23.4","79.2","312","090","207","0.6","1.3","0.1","1000.1","0.0","0.51","0.0","0.0"
"2026/09/04 10:50:00","23.4","78.9","060","096","001","1.3","2.2","0.4","1000.1","0.0","0.51","0.0","0.0"
"2026/09/04 10:51:00","23.4","79.1","060","092","022","1.4","2.5","0.6","1000.0","0.0","0.51","0.0","0.0"
"2026/09/04 10:52:00","23.4","78.4","055","082","024","1.8","2.5","1.2","1000.0","0.0","0.51","0.0","0.0"
"2026/09/04 10:53:00","23.4","78.8","068","089","032","1.3","2.2","0.7","1000.0","0.2","0.51","0.0","0.0"
"2026/09/04 10:54:00","23.4","78.9","044","101","319","0.8","1.4","0.0","1000.0","0.2","0.52","0.0","0.0"
"2026/09/04 10:55:00","23.4","78.7","020","118","322","1.0","1.7","0.1","999.9","0.2","0.52","0.0","0.0"
"2026/09/04 10:56:00","23.4","78.9","028","100","321","1.2","2.3","0.2","999.9","0.1","0.52","0.0","0.0"
"2026/09/04 10:57:00","23.4","78.5","032","059","310","2.5","3.6","0.5","999.8","0.1","0.53","0.0","0.0"
"2026/09/04 10:58:00","23.3","78.5","025","143","329","1.2","2.3","0.3","999.7","0.2","0.53","0.0","0.0"
"2026/09/04 10:59:00","23.3","78.7","022","164","318","2.0","3.8","0.2","999.7","0.0","0.53","0.0","0.0"
"2026/09/04 11:00:00","23.3","78.5","017","075","323","2.3","3.4","0.8","999.5","0.1","0.53","0.0","0.0"
"2026/09/04 11:01:00","23.4","78.3","026","066","343","2.7","4.1","1.2","999.4","0.1","0.53","0.0","0.0"
"2026/09/04 11:02:00","23.3","78.4","356","058","296","2.2","3.1","1.1","999.4","0.1","0.54","0.0","0.0"
"2026/09/04 11:03:00","23.4","78.6","011","073","327","2.3","4.1","0.9","999.4","0.0","0.54","0.0","0.0"
"2026/09/04 11:04:00","23.4","78.6","083","144","033","1.7","2.4","1.0","999.5","0.2","0.54","0.0","0.0"
"2026/09/04 11:05:00","23.4","78.8","223","277","101","0.9","1.8","0.1","999.6","0.1","0.54","0.0","0.0"
"2026/09/04 11:06:00","23.4","80.0","256","350","186","1.2","2.4","0.1","999.8","0.0","0.55","0.0","0.0"
"2026/09/04 11:07:00","23.5","78.6","225","319","169","1.1","1.7","0.2","999.9","0.0","0.55","0.0","0.0"
"2026/09/04 11:08:00","23.5","78.0","140","215","053","0.9","1.6","0.3","999.9","0.0","0.55","0.0","0.0"
"2026/09/04 11:09:00","23.6","78.9","138","265","058","1.0","2.2","0.1","999.9","0.0","0.55","0.0","0.0"
"2026/09/04 11:10:00","23.7","78.7","197","302","067","0.5","0.9","0.1","999.9","0.0","0.55","0.0","0.0"
"2026/09/04 11:11:00","23.8","79.1","124","228","052","0.8","1.4","0.1","999.9","0.0","0.55","0.0","0.0"
"2026/09/04 11:12:00","23.8","77.6","117","143","076","0.8","1.4","0.3","999.9","0.0","0.55","0.0","0.0"
"2026/09/04 11:13:00","23.8","77.6","049","150","336","0.7","1.7","0.2","999.9","0.0","0.55","0.0","0.0"
"2026/09/04 11:14:00","23.8","76.9","055","095","309","1.3","2.0","0.1","999.9","0.0","0.55","0.0","0.0"
"2026/09/04 11:15:00","23.7","77.1","063","108","022","1.3","2.3","0.4","999.9","0.0","0.55","0.0","0.0"
"2026/09/04 11:16:00","23.7","76.5","063","090","042","1.2","2.1","0.6","999.9","0.0","0.55","0.0","0.0"
"2026/09/04 11:17:00","23.6","77.1","029","064","341","1.3","2.6","0.5","999.9","0.0","0.55","0.0","0.0"
"2026/09/04 11:18:00","23.6","77.8","007","094","195","0.7","1.3","0.2","999.8","0.0","0.55","0.0","0.0"
"2026/09/04 11:19:00","23.6","77.7","103","243","272","0.8","1.3","0.2","999.7","0.0","0.55","0.0","0.0"
"2026/09/04 11:20:00","23.6","77.3","330","357","270","1.1","1.7","0.5","999.6","0.0","0.55","0.0","0.0"
"2026/09/04 11:21:00","23.6","76.9","039","148","322","0.7","1.2","0.1","999.5","0.0","0.55","0.0","0.0"
"2026/09/04 11:22:00","23.7","76.9","008","121","267","1.7","3.2","0.4","999.4","0.0","0.55","0.0","0.0"
"2026/09/04 11:23:00","23.7","76.6","351","029","316","2.3","3.5","1.0","999.4","0.0","0.55","0.0","0.0"
"2026/09/04 11:24:00","23.7","76.3","002","040","293","2.0","2.7","0.8","999.4","0.0","0.55","0.0","0.0"
"2026/09/04 11:25:00","23.7","77.0","327","023","262","1.2","1.9","0.6","999.4","0.0","0.55","0.0","0.0"
"2026/09/04 11:26:00","23.7","76.9","336","024","265","1.4","2.1","0.6","999.4","0.0","0.55","0.0","0.0"
"2026/09/04 11:27:00","23.8","77.7","296","037","186","1.4","2.4","0.3","999.4","0.0","0.55","0.0","0.0"
"2026/09/04 11:28:00","23.8","77.5","274","038","204","1.8","3.4","0.3","999.4","0.0","0.55","0.0","0.0"
"2026/09/04 11:29:00","23.8","77.0","306","332","246","2.5","3.9","1.2","999.4","0.0","0.55","0.0","0.0"
"2026/09/04 11:30:00","23.8","76.8","291","008","230","3.1","4.5","1.3","999.3","0.0","0.55","0.0","0.0"
"2026/09/04 11:31:00","23.8","76.6","294","027","216","2.8","5.2","0.5","999.3","0.0","0.55","0.0","0.0"
"2026/09/04 11:32:00","23.8","75.9","334","359","299","3.1","5.0","1.2","999.4","0.0","0.55","0.0","0.0"
"2026/09/04 11:33:00","23.8","75.5","350","021","273","3.0","4.0","1.2","999.4","0.0","0.55","0.0","0.0"
"2026/09/04 11:34:00","23.7","75.9","334","116","210","1.7","3.7","0.1","999.4","0.0","0.55","0.0","0.0"
"2026/09/04 11:35:00","23.8","76.1","336","059","242","2.0","3.2","0.9","999.4","0.0","0.55","0.0","0.0"
"2026/09/04 11:36:00","23.8","76.4","308","093","182","2.4","5.2","0.3","999.3","0.0","0.55","0.0","0.0"
"2026/09/04 11:37:00","23.8","75.7","314","349","261","3.2","4.1","1.9","999.3","0.0","0.55","0.0","0.0"
"2026/09/04 11:38:00","23.8","76.0","333","009","264","2.5","4.2","0.9","999.3","0.0","0.55","0.0","0.0"
"2026/09/04 11:39:00","23.8","76.0","304","001","222","2.2","3.8","0.4","999.3","0.0","0.55","0.0","0.0"
"2026/09/04 11:40:00","23.8","76.5","303","012","209","1.3","2.2","0.3","999.3","0.0","0.55","0.0","0.0"
"2026/09/04 11:41:00","23.8","77.0","232","317","093","0.8","1.5","0.1","999.4","0.0","0.55","0.0","0.0"
"2026/09/04 11:42:00","23.9","76.2","142","352","020","0.7","1.7","0.1","999.5","0.0","0.55","0.0","0.0"
"2026/09/04 11:43:00","23.9","75.8","230","280","041","1.1","2.0","0.2","999.6","0.0","0.55","0.0","0.0"
"2026/09/04 11:44:00","24.0","75.9","227","061","108","0.6","1.0","0.1","999.6","0.0","0.55","0.0","0.0"
"2026/09/04 11:45:00","24.0","75.9","125","250","349","0.5","1.1","0.0","999.6","0.0","0.55","0.0","0.0"
"2026/09/04 11:46:00","24.0","75.6","088","170","022","1.3","2.2","0.5","999.6","0.0","0.55","0.0","0.0"
"2026/09/04 11:47:00","24.0","74.8","070","157","050","2.4","3.1","0.7","999.5","0.0","0.55","0.0","0.0"
"2026/09/04 11:48:00","24.0","75.2","049","077","020","2.1","3.1","0.8","999.5","0.0","0.55","0.0","0.0"
"2026/09/04 11:49:00","23.9","75.2","028","058","355","2.1","2.7","0.8","999.5","0.0","0.55","0.0","0.0"
"2026/09/04 11:50:00","23.8","75.8","349","036","306","2.1","3.1","1.1","999.4","0.0","0.55","0.0","0.0"
"2026/09/04 11:51:00","23.8","75.8","334","356","295","2.3","3.0","1.0","999.4","0.0","0.55","0.0","0.0"
"2026/09/04 11:52:00","23.8","76.5","311","329","273","3.1","4.1","1.6","999.5","0.0","0.55","0.0","0.0"
"2026/09/04 11:53:00","23.8","75.9","315","330","297","3.1","3.9","2.2","999.6","0.1","0.55","0.0","0.0"
"2026/09/04 11:54:00","23.8","76.2","317","348","283","2.6","3.6","1.6","999.8","0.0","0.55","0.0","0.0"
"2026/09/04 11:55:00","23.8","76.3","312","341","270","3.5","4.8","1.9","999.7","0.0","0.55","0.0","0.0"
"2026/09/04 11:56:00","23.8","76.2","319","337","282","3.4","4.3","2.4","999.7","0.0","0.55","0.0","0.0"
"2026/09/04 11:57:00","23.8","76.7","309","359","232","2.7","3.8","1.4","999.7","0.1","0.56","0.0","0.0"
"2026/09/04 11:58:00","23.9","77.3","294","074","170","2.1","4.3","0.4","999.7","0.3","0.56","0.0","0.0"
"2026/09/04 11:59:00","23.9","76.6","308","023","256","3.9","5.4","1.3","999.7","0.1","0.56","0.0","0.0"
"2026/09/04 12:00:00","23.8","76.6","316","340","284","4.2","5.3","2.9","999.7","0.1","0.57","0.0","0.0"
"2026/09/04 12:01:00","23.8","76.6","316","339","266","3.6","5.1","1.7","999.8","0.0","0.57","0.0","0.0"
"2026/09/04 12:02:00","23.8","76.5","327","341","311","3.7","5.0","2.9","999.7","0.0","0.57","0.0","0.0"
"2026/09/04 12:03:00","23.8","77.0","328","037","247","2.4","4.3","0.7","999.7","0.0","0.57","0.0","0.0"
"2026/09/04 12:04:00","23.8","76.5","332","008","265","3.7","5.5","1.1","999.7","0.0","0.57","0.0","0.0"
"2026/09/04 12:05:00","23.7","76.6","317","044","204","4.6","6.3","0.7","999.5","0.1","0.57","0.0","0.0"
"2026/09/04 12:06:00","23.8","77.2","334","053","267","2.1","3.7","0.9","999.5","0.5","0.58","0.0","0.0"
"2026/09/04 12:07:00","23.8","77.2","324","032","226","2.2","3.4","0.3","999.5","0.3","0.58","0.0","0.0"
"2026/09/04 12:08:00","23.8","77.1","356","036","291","2.9","4.7","1.3","999.5","0.1","0.59","0.0","0.0"
"2026/09/04 12:09:00","23.8","77.2","005","049","337","1.8","2.9","0.7","999.4","0.3","0.59","0.0","0.0"
"2026/09/04 12:10:00","23.9","78.2","278","032","131","0.8","1.4","0.2","999.3","0.0","0.59","0.0","0.0"
"2026/09/04 12:11:00","23.9","78.2","141","300","018","0.8","1.8","0.2","999.2","0.0","0.59","0.0","0.0"
"2026/09/04 12:12:00","24.0","77.3","088","157","029","1.7","3.0","0.7","999.1","0.0","0.59","0.0","0.0"
"2026/09/04 12:13:00","24.0","76.7","071","105","025","1.9","3.2","1.2","999.1","0.0","0.59","0.0","0.0"
"2026/09/04 12:14:00","24.0","77.2","108","149","044","1.9","2.6","0.9","999.1","0.0","0.59","0.0","0.0"
"2026/09/04 12:15:00","24.0","77.1","099","140","058","1.8","3.0","0.6","999.1","0.0","0.59","0.0","0.0"
"2026/09/04 12:16:00","23.9","76.2","070","084","057","2.5","3.9","1.7","999.1","0.0","0.59","0.0","0.0"
"2026/09/04 12:17:00","23.9","76.8","093","115","066","2.1","3.1","1.0","999.1","0.0","0.59","0.0","0.0"
"2026/09/04 12:18:00","23.9","76.9","114","206","015","1.0","2.0","0.1","999.1","0.0","0.59","0.0","0.0"
"2026/09/04 12:19:00","24.0","76.3","112","173","079","2.3","4.0","1.0","999.2","0.0","0.59","0.0","0.0"
"2026/09/04 12:20:00","24.0","76.7","118","283","349","0.7","2.0","0.1","999.3","0.0","0.59","0.0","0.0"
"2026/09/04 12:21:00","24.0","76.0","014","235","283","1.0","1.8","0.0","999.4","0.0","0.59","0.0","0.0"
"2026/09/04 12:22:00","24.1","75.7","330","032","279","1.9","2.8","0.7","999.4","0.0","0.59","0.0","0.0"
"2026/09/04 12:23:00","24.1","75.6","353","026","329","1.5","2.3","0.7","999.4","0.0","0.59","0.0","0.0"
"2026/09/04 12:24:00","24.1","76.0","028","109","338","1.4","2.3","0.4","999.4","0.0","0.59","0.0","0.0"
"2026/09/04 12:25:00","24.2","75.5","033","112","315","1.1","2.2","0.1","999.4","0.0","0.59","0.0","0.0"
"2026/09/04 12:26:00","24.2","75.0","313","059","282","2.1","3.0","0.2","999.3","0.0","0.59","0.0","0.0"
"2026/09/04 12:27:00","24.2","74.8","268","332","202","1.0","1.9","0.3","999.3","0.0","0.59","0.0","0.0"
"2026/09/04 12:28:00","24.3","74.8","310","037","193","1.2","2.4","0.2","999.3","0.0","0.59","0.0","0.0"
"2026/09/04 12:29:00","24.3","74.6","316","005","277","1.6","2.3","0.7","999.4","0.0","0.59","0.0","0.0"
"2026/09/04 12:30:00","24.3","74.1","338","359","303","2.2","3.4","1.3","999.4","0.0","0.59","0.0","0.0"
"2026/09/04 12:31:00","24.3","73.8","357","050","335","1.7","2.4","0.8","999.4","0.0","0.59","0.0","0.0"
"2026/09/04 12:32:00","24.3","73.6","023","065","356","1.5","2.2","0.9","999.3","0.0","0.59","0.0","0.0"
"2026/09/04 12:33:00","24.3","74.1","042","076","011","1.7","2.8","0.4","999.2","0.0","0.59","0.0","0.0"
"2026/09/04 12:34:00","24.3","74.3","054","071","028","1.7","2.5","0.8","999.2","0.0","0.59","0.0","0.0"
"2026/09/04 12:35:00","24.4","73.6","058","073","040","1.8","2.7","1.2","999.2","0.0","0.59","0.0","0.0"
"2026/09/04 12:36:00","24.4","72.7","038","071","007","2.3","3.1","0.7","999.2","0.0","0.59","0.0","0.0"
"2026/09/04 12:37:00","24.4","73.1","341","119","224","0.9","2.5","0.0","999.3","0.0","0.59","0.0","0.0"
"2026/09/04 12:38:00","24.4","73.5","313","090","195","2.6","4.0","0.4","999.3","0.0","0.59","0.0","0.0"
"2026/09/04 12:39:00","24.4","73.4","332","352","314","1.9","3.1","1.0","999.4","0.0","0.59","0.0","0.0"
"2026/09/04 12:40:00","24.4","73.2","353","019","317","2.5","4.2","1.3","999.4","0.0","0.59","0.0","0.0"
"2026/09/04 12:41:00","24.4","73.2","358","013","319","2.9","4.0","1.9","999.3","0.0","0.59","0.0","0.0"
"2026/09/04 12:42:00","24.5","73.7","341","059","316","1.4","2.5","0.4","999.4","0.0","0.59","0.0","0.0"
"2026/09/04 12:43:00","24.5","73.2","020","067","347","1.0","1.5","0.3","999.4","0.0","0.59","0.0","0.0"
"2026/09/04 12:44:00","24.6","73.2","054","121","001","0.6","1.1","0.1","999.4","0.0","0.59","0.0","0.0"
"2026/09/04 12:45:00","24.6","73.0","016","058","340","1.1","1.7","0.5","999.4","0.0","0.59","0.0","0.0"
"2026/09/04 12:46:00","24.7","72.7","050","094","358","1.0","1.8","0.3","999.4","0.0","0.59","0.0","0.0"
"2026/09/04 12:47:00","24.7","72.9","003","106","256","0.5","0.9","0.1","999.5","0.0","0.59","0.0","0.0"
"2026/09/04 12:48:00","24.7","72.1","039","098","001","0.9","1.5","0.4","999.5","0.0","0.59","0.0","0.0"
"2026/09/04 12:49:00","24.7","71.8","015","091","333","0.9","1.7","0.2","999.5","0.0","0.59","0.0","0.0"
"2026/09/04 12:50:00","24.7","72.0","017","154","299","0.7","1.3","0.2","999.5","0.0","0.59","0.0","0.0"
"2026/09/04 12:51:00","24.8","71.6","047","094","003","1.9","3.2","0.3","999.5","0.0","0.59","0.0","0.0"
"2026/09/04 12:52:00","24.8","72.0","334","033","271","1.0","1.7","0.3","999.5","0.0","0.59","0.0","0.0"
"2026/09/04 12:53:00","24.8","71.8","000","087","287","1.0","1.7","0.2","999.4","0.0","0.59","0.0","0.0"
"2026/09/04 12:54:00","24.8","71.5","035","082","342","1.0","1.7","0.4","999.3","0.0","0.59","0.0","0.0"
"2026/09/04 12:55:00","24.9","71.7","068","168","333","0.8","2.1","0.2","999.3","0.0","0.59","0.0","0.0"
"2026/09/04 12:56:00","24.9","71.0","068","091","041","2.1","3.2","1.1","999.2","0.0","0.59","0.0","0.0"
"2026/09/04 12:57:00","24.8","70.7","067","117","031","1.5","2.5","0.5","999.2","0.0","0.59","0.0","0.0"
"2026/09/04 12:58:00","24.8","71.1","077","167","037","1.0","1.7","0.3","999.2","0.0","0.59","0.0","0.0"
"2026/09/04 12:59:00","24.8","70.8","353","171","261","0.4","0.9","0.0","999.2","0.0","0.59","0.0","0.0"
"2026/09/04 13:00:00","24.9","71.1","077","181","301","0.7","1.4","0.1","999.2","0.0","0.59","0.0","0.0"
"2026/09/04 13:01:00","25.0","71.0","020","214","250","0.3","0.8","0.1","999.2","0.0","0.59","0.0","0.0"
"2026/09/04 13:02:00","25.0","71.0","350","044","301","1.4","3.0","0.6","999.2","0.0","0.59","0.0","0.0"
"2026/09/04 13:03:00","25.1","70.1","042","078","013","1.6","3.0","0.3","999.2","0.0","0.59","0.0","0.0"
"2026/09/04 13:04:00","25.1","70.0","335","021","284","1.6","3.0","0.5","999.1","0.0","0.59","0.0","0.0"
"2026/09/04 13:05:00","25.0","70.1","337","027","223","2.0","3.8","0.4","999.0","0.0","0.59","0.0","0.0"
"2026/09/04 13:06:00","25.0","69.5","021","062","331","2.3","3.7","1.2","999.0","0.0","0.59","0.0","0.0"
"2026/09/04 13:07:00","25.0","69.3","031","105","357","2.7","4.8","1.3","998.9","0.0","0.59","0.0","0.0"
"2026/09/04 13:08:00","24.9","69.4","024","051","350","3.2","4.8","2.0","998.9","0.0","0.59","0.0","0.0"
"2026/09/04 13:09:00","24.8","69.5","041","058","020","2.8","4.1","1.1","998.9","0.0","0.59","0.0","0.0"
"2026/09/04 13:10:00","24.7","70.0","359","033","320","2.4","3.2","1.5","998.9","0.0","0.59","0.0","0.0"
"2026/09/04 13:11:00","24.7","69.9","013","042","341","2.6","3.7","1.7","998.9","0.0","0.59","0.0","0.0"
"2026/09/04 13:12:00","24.7","70.2","353","082","311","1.6","2.8","0.3","998.9","0.0","0.59","0.0","0.0"
"2026/09/04 13:13:00","24.7","70.3","031","069","317","1.6","3.3","0.2","998.9","0.0","0.59","0.0","0.0"
"2026/09/04 13:14:00","24.7","70.5","035","107","293","1.7","2.9","0.5","998.8","0.0","0.59","0.0","0.0"
"2026/09/04 13:15:00","24.8","70.4","009","076","233","1.8","3.6","0.2","998.8","0.0","0.59","0.0","0.0"
"2026/09/04 13:16:00","24.8","70.2","010","045","345","3.5","4.6","2.3","998.8","0.0","0.59","0.0","0.0"
"2026/09/04 13:17:00","24.8","70.6","342","051","272","2.1","3.3","0.5","998.7","0.0","0.59","0.0","0.0"
"2026/09/04 13:18:00","24.8","70.6","344","071","294","2.9","4.4","0.8","998.7","0.0","0.59","0.0","0.0"
"2026/09/04 13:19:00","24.8","70.9","347","098","275","2.0","3.4","0.3","998.6","0.0","0.59","0.0","0.0"
"2026/09/04 13:20:00","24.8","70.8","346","103","293","1.7","2.9","0.5","998.5","0.0","0.59","0.0","0.0"
"2026/09/04 13:21:00","24.9","70.8","047","130","263","1.8","4.1","0.2","998.5","0.0","0.59","0.0","0.0"
"2026/09/04 13:22:00","24.9","70.8","049","083","354","3.1","5.0","0.6","998.4","0.0","0.59","0.0","0.0"
"2026/09/04 13:23:00","24.8","71.0","041","092","006","3.0","4.1","1.3","998.4","0.0","0.59","0.0","0.0"
"2026/09/04 13:24:00","24.7","71.4","035","060","001","2.8","3.9","1.1","998.3","0.0","0.59","0.0","0.0"
"2026/09/04 13:25:00","24.6","71.7","044","090","003","2.1","3.0","1.1","998.4","0.0","0.59","0.0","0.0"
"2026/09/04 13:26:00","24.6","71.9","043","068","000","1.9","2.9","0.6","998.5","0.0","0.59","0.0","0.0"
"2026/09/04 13:27:00","24.6","72.1","020","064","321","1.1","2.3","0.3","998.7","0.0","0.59","0.0","0.0"
"2026/09/04 13:28:00","24.7","72.3","079","203","296","0.5","1.2","0.0","998.9","0.0","0.59","0.0","0.0"
"2026/09/04 13:29:00","24.7","72.3","318","129","247","0.6","1.2","0.1","999.0","0.0","0.59","0.0","0.0"
"2026/09/04 13:30:00","24.8","72.1","330","088","115","0.7","1.3","0.1","999.0","0.0","0.59","0.0","0.0"
"2026/09/04 13:31:00","24.8","72.1","342","094","288","0.9","1.5","0.3","999.1","0.0","0.59","0.0","0.0"
"2026/09/04 13:32:00","24.9","71.7","321","108","224","1.3","2.6","0.1","999.2","0.0","0.59","0.0","0.0"
"2026/09/04 13:33:00","24.9","71.9","339","116","212","0.8","2.1","0.2","999.4","0.0","0.59","0.0","0.0"
"2026/09/04 13:34:00","24.9","71.4","313","065","191","1.6","2.5","0.2","999.6","0.0","0.59","0.0","0.0"
"2026/09/04 13:35:00","24.9","71.7","309","343","243","1.6","2.6","0.6","999.7","0.0","0.59","0.0","0.0"
"2026/09/04 13:36:00","24.9","71.4","340","352","308","1.6","2.3","1.0","999.7","0.0","0.59","0.0","0.0"
"2026/09/04 13:37:00","24.8","71.5","350","013","328","1.1","1.8","0.3","999.7","0.0","0.59","0.0","0.0"
"2026/09/04 13:38:00","24.8","71.8","305","341","245","1.6","2.9","0.8","999.7","0.0","0.59","0.0","0.0"
"2026/09/04 13:39:00","24.9","71.8","302","330","278","2.7","4.0","1.7","999.7","0.0","0.59","0.0","0.0"
"2026/09/04 13:40:00","24.9","72.1","303","344","241","1.8","3.3","0.5","999.7","0.0","0.59","0.0","0.0"
"2026/09/04 13:41:00","24.9","71.7","344","104","283","1.5","2.9","0.5","999.8","0.0","0.59","0.0","0.0"
"2026/09/04 13:42:00","24.9","71.4","029","094","308","0.7","1.3","0.1","999.8","0.0","0.59","0.0","0.0"
"2026/09/04 13:43:00","24.9","71.2","025","083","323","1.2","2.4","0.1","999.8","0.0","0.59","0.0","0.0"
"2026/09/04 13:44:00","24.9","70.7","050","075","358","1.8","2.5","1.1","999.9","0.0","0.59","0.0","0.0"
"2026/09/04 13:45:00","24.8","71.1","014","089","307","1.3","2.8","0.3","1000.0","0.0","0.59","0.0","0.0"
"2026/09/04 13:46:00","24.8","71.8","323","052","214","0.8","1.8","0.2","1000.1","0.0","0.59","0.0","0.0"
"2026/09/04 13:47:00","24.9","71.5","315","006","279","1.4","2.2","0.8","1000.1","0.0","0.59","0.0","0.0"
"2026/09/04 13:48:00","24.9","71.4","316","032","266","1.9","2.7","0.6","1000.0","0.0","0.59","0.0","0.0"
"2026/09/04 13:49:00","24.9","71.8","299","344","264","1.8","2.4","0.8","999.9","0.0","0.59","0.0","0.0"
"2026/09/04 13:50:00","24.9","72.0","304","341","266","2.1","3.7","1.0","999.8","0.0","0.59","0.0","0.0"
"2026/09/04 13:51:00","24.9","70.6","323","334","298","3.0","3.8","1.9","999.9","0.0","0.59","0.0","0.0"
"2026/09/04 13:52:00","24.9","70.8","309","007","202","1.5","2.3","0.6","999.9","0.0","0.59","0.0","0.0"
"2026/09/04 13:53:00","24.9","71.2","291","336","202","1.8","3.2","0.4","1000.0","0.0","0.59","0.0","0.0"
"2026/09/04 13:54:00","24.9","71.4","306","327","271","1.8","2.6","0.6","999.9","0.0","0.59","0.0","0.0"
"2026/09/04 13:55:00","24.9","71.7","270","000","197","1.2","2.6","0.4","999.9","0.0","0.59","0.0","0.0"
"2026/09/04 13:56:00","24.9","71.9","265","072","131","1.1","3.0","0.2","999.8","0.0","0.59","0.0","0.0"
"2026/09/04 13:57:00","24.9","71.2","296","345","189","1.7","2.8","0.6","999.8","0.0","0.59","0.0","0.0"
"2026/09/04 13:58:00","24.9","71.2","284","083","183","1.3","2.4","0.4","999.8","0.0","0.59","0.0","0.0"
"2026/09/04 13:59:00","24.9","70.7","285","059","162","1.8","2.8","0.2","999.8","0.1","0.60","0.0","0.0"
"2026/09/04 14:00:00","24.9","70.4","286","340","175","2.0","3.5","0.3","999.8","0.0","0.60","0.0","0.0"
"2026/09/04 14:01:00","24.9","70.7","296","055","190","0.9","1.9","0.1","999.8","0.0","0.60","0.0","0.0"
"2026/09/04 14:02:00","24.9","70.7","313","093","121","0.3","0.6","0.0","999.7","0.0","0.60","0.0","0.0"
"2026/09/04 14:03:00","24.9","70.8","353","142","051","0.5","0.9","0.1","999.6","0.0","0.60","0.0","0.0"
"2026/09/04 14:04:00","24.9","71.5","054","072","035","1.0","1.6","0.4","999.6","0.0","0.60","0.0","0.0"
"2026/09/04 14:05:00","24.8","70.8","024","059","349","1.7","2.6","1.2","999.6","0.0","0.60","0.0","0.0"
"2026/09/04 14:06:00","24.8","70.2","002","023","330","2.1","3.6","0.8","999.6","0.0","0.60","0.0","0.0"
"2026/09/04 14:07:00","24.8","70.1","016","072","354","1.7","2.7","0.4","999.7","0.0","0.60","0.0","0.0"
"2026/09/04 14:08:00","24.8","70.2","049","084","350","1.0","1.6","0.5","999.7","0.0","0.60","0.0","0.0"
"2026/09/04 14:09:00","24.8","71.0","003","083","252","0.6","1.2","0.0","999.7","0.0","0.60","0.0","0.0"
"2026/09/04 14:10:00","24.8","70.7","022","084","330","0.5","0.9","0.1","999.6","0.0","0.60","0.0","0.0"
"2026/09/04 14:11:00","24.8","71.0","297","044","240","0.5","0.8","0.1","999.6","0.0","0.60","0.0","0.0"
"2026/09/04 14:12:00","24.8","71.2","298","332","235","1.0","1.7","0.3","999.5","0.0","0.60","0.0","0.0"
"2026/09/04 14:13:00","24.8","70.4","298","336","265","1.5","2.8","0.8","999.5","0.0","0.60","0.0","0.0"
"2026/09/04 14:14:00","24.8","70.6","307","338","279","1.4","2.3","0.8","999.5","0.0","0.60","0.0","0.0"
"2026/09/04 14:15:00","24.8","70.6","340","071","258","0.9","1.9","0.1","999.5","0.1","0.60","0.0","0.0"
"2026/09/04 14:16:00","24.8","70.7","313","033","243","1.7","2.7","0.6","999.5","0.2","0.61","0.0","0.0"
"2026/09/04 14:17:00","24.9","70.8","289","329","225","2.3","3.9","0.7","999.5","0.1","0.61","0.0","0.0"
"2026/09/04 14:18:00","24.8","71.2","292","339","215","2.2","3.3","0.5","999.5","0.1","0.61","0.0","0.0"
"2026/09/04 14:19:00","24.8","70.8","303","350","197","2.8","4.2","1.0","999.5","0.0","0.61","0.0","0.0"
"2026/09/04 14:20:00","24.8","70.2","298","327","229","3.1","5.5","1.2","999.4","0.0","0.61","0.0","0.0"
"2026/09/04 14:21:00","24.7","69.9","322","029","192","2.6","4.1","0.5","999.5","0.0","0.61","0.0","0.0"
"2026/09/04 14:22:00","24.7","70.1","334","012","273","2.7","4.2","1.7","999.5","0.0","0.61","0.0","0.0"
"2026/09/04 14:23:00","24.7","71.0","296","326","240","2.1","3.2","0.8","999.4","0.0","0.61","0.0","0.0"
"2026/09/04 14:24:00","24.7","72.0","279","334","215","1.2","2.5","0.1","999.4","0.0","0.61","0.0","0.0"
"2026/09/04 14:25:00","24.7","70.3","006","097","248","1.3","2.4","0.4","999.3","0.0","0.61","0.0","0.0"
"2026/09/04 14:26:00","24.7","70.4","072","221","251","0.5","1.2","0.1","999.3","0.1","0.61","0.0","0.0"
"2026/09/04 14:27:00","24.6","70.2","044","108","280","1.2","2.1","0.0","999.3","0.1","0.62","0.0","0.0"
"2026/09/04 14:28:00","24.7","70.6","062","086","022","1.8","2.6","1.2","999.3","0.0","0.62","0.0","0.0"
"2026/09/04 14:29:00","24.7","69.5","055","080","008","2.2","3.6","1.1","999.3","0.0","0.62","0.0","0.0"
"2026/09/04 14:30:00","24.7","70.2","075","143","345","1.6","2.7","0.1","999.2","0.0","0.62","0.0","0.0"
"2026/09/04 14:31:00","24.6","69.8","041","063","014","2.2","3.0","1.1","999.2","0.0","0.62","0.0","0.0"
"2026/09/04 14:32:00","24.6","70.3","089","127","054","1.5","2.1","0.9","999.1","0.0","0.62","0.0","0.0"
"2026/09/04 14:33:00","24.6","70.2","103","124","080","1.7","2.5","0.8","999.1","0.0","0.62","0.0","0.0"
"2026/09/04 14:34:00","24.6","70.3","086","112","055","1.9","2.6","1.2","999.0","0.1","0.62","0.0","0.0"
"2026/09/04 14:35:00","24.6","70.3","055","088","034","2.2","2.6","1.5","999.0","0.2","0.62","0.0","0.0"
"2026/09/04 14:36:00","24.6","70.4","049","121","323","1.2","2.5","0.1","999.0","0.5","0.63","0.0","0.0"
"2026/09/04 14:37:00","24.6","70.5","042","166","348","1.3","2.0","0.3","999.0","1.0","0.65","0.0","0.0"
"2026/09/04 14:38:00","24.6","70.5","058","105","014","1.5","2.1","1.0","999.0","0.5","0.66","0.0","0.0"
"2026/09/04 14:39:00","24.6","70.6","086","107","071","1.6","2.2","0.9","999.1","0.6","0.67","0.0","0.0"
"2026/09/04 14:40:00","24.5","70.6","072","094","044","1.6","2.4","1.1","999.1","0.2","0.67","0.0","0.0"
"2026/09/04 14:41:00","24.5","70.5","078","098","068","1.9","2.4","1.1","999.1","0.2","0.68","0.0","0.0"
"2026/09/04 14:42:00","24.5","70.7","084","102","062","1.6","2.0","0.9","999.0","0.8","0.69","0.0","0.0"
"2026/09/04 14:43:00","24.5","71.0","085","126","046","1.3","1.9","0.1","998.9","0.2","0.69","0.0","0.0"
"2026/09/04 14:44:00","24.5","71.0","067","099","042","1.6","2.2","1.0","998.8","0.4","0.70","0.0","0.0"
"2026/09/04 14:45:00","24.5","71.8","050","096","355","1.3","2.1","0.6","998.7","0.1","0.70","0.0","0.0"
"2026/09/04 14:46:00","24.5","72.4","029","123","317","0.8","1.6","0.2","998.6","0.2","0.71","0.0","0.0"
"2026/09/04 14:47:00","24.5","71.5","014","078","320","1.7","2.9","0.7","998.6","0.8","0.72","0.0","0.0"
"2026/09/04 14:48:00","24.5","70.7","043","068","002","2.4","3.6","0.4","998.7","0.8","0.73","0.0","0.0"
"2026/09/04 14:49:00","24.5","71.6","024","069","347","1.5","2.9","0.7","998.7","0.8","0.75","0.0","0.0"
"2026/09/04 14:50:00","24.5","71.7","059","110","347","1.2","1.8","0.4","998.8","0.6","0.76","0.0","0.0"
"2026/09/04 14:51:00","24.4","71.5","048","101","012","1.2","2.3","0.3","998.9","1.3","0.78","0.0","0.0"
"2026/09/04 14:52:00","24.4","71.6","054","069","350","1.8","2.3","0.6","999.0","0.9","0.80","0.0","0.0"
"2026/09/04 14:53:00","24.4","72.6","354","127","286","1.0","1.8","0.2","999.0","0.7","0.81","0.0","0.0"
"2026/09/04 14:54:00","24.4","71.5","358","019","326","1.5","2.3","0.7","999.0","0.8","0.82","0.0","0.0"
"2026/09/04 14:55:00","24.4","71.5","350","011","338","1.6","2.5","0.8","999.0","0.8","0.84","0.0","0.0"
"2026/09/04 14:56:00","24.4","71.8","000","069","288","1.5","2.5","0.7","999.0","0.5","0.85","0.0","0.0"
"2026/09/04 14:57:00","24.3","72.9","325","045","247","0.8","1.5","0.1","999.1","0.4","0.86","0.0","0.0"
"2026/09/04 14:58:00","24.3","72.9","031","067","334","1.2","2.3","0.4","999.1","0.5","0.87","0.0","0.0"
"2026/09/04 14:59:00","24.3","72.3","031","053","353","1.9","2.5","0.6","999.1","0.7","0.88","0.0","0.0"
"2026/09/04 15:00:00","24.3","73.1","021","058","314","1.1","2.0","0.3","999.1","0.8","0.89","0.0","0.0"
"2026/09/04 15:01:00","24.3","73.3","359","154","281","1.0","2.2","0.2","999.1","0.4","0.90","0.0","0.0"
"2026/09/04 15:02:00","24.3","73.1","346","001","269","2.0","2.7","0.7","999.1","0.7","0.91","0.0","0.0"
"2026/09/04 15:03:00","24.3","73.2","345","054","284","1.2","1.8","0.1","999.1","0.4","0.92","0.0","0.0"
"2026/09/04 15:04:00","24.3","73.4","330","357","269","1.2","2.0","0.2","999.1","0.5","0.93","0.0","0.0"
"2026/09/04 15:05:00","24.3","73.0","022","053","281","1.4","2.1","0.5","999.1","0.2","0.93","0.0","0.0"
"2026/09/04 15:06:00","24.3","73.5","346","042","272","1.1","1.9","0.1","999.1","0.0","0.93","0.0","0.0"
"2026/09/04 15:07:00","24.3","73.5","013","065","340","1.3","2.3","0.4","999.1","0.0","0.93","0.0","0.0"
"2026/09/04 15:08:00","24.3","74.0","355","035","255","1.4","2.3","0.4","999.2","0.5","0.94","0.0","0.0"
"2026/09/04 15:09:00","24.3","73.5","001","058","324","1.3","2.0","0.4","999.3","0.2","0.95","0.0","0.0"
"2026/09/04 15:10:00","24.3","73.2","355","077","274","1.2","2.7","0.2","999.3","0.3","0.95","0.0","0.0"
"2026/09/04 15:11:00","24.3","73.7","313","016","249","1.5","2.6","0.3","999.4","0.5","0.96","0.0","0.0"
"2026/09/04 15:12:00","24.3","74.1","290","349","220","1.9","2.9","0.6","999.4","0.7","0.98","0.0","0.0"
"2026/09/04 15:13:00","24.3","74.0","320","094","210","1.1","2.4","0.1","999.5","0.7","0.99","0.0","0.0"
"2026/09/04 15:14:00","24.3","74.5","303","093","148","0.8","2.2","0.1","999.5","0.7","1.00","0.0","0.0"
"2026/09/04 15:15:00","24.3","74.5","300","059","180","0.9","2.0","0.0","999.6","0.3","1.01","0.0","0.0"
"2026/09/04 15:16:00","24.2","73.4","025","107","205","0.9","2.2","0.1","999.6","1.0","1.03","0.0","0.0"
"2026/09/04 15:17:00","24.2","73.8","025","147","264","0.3","0.8","0.0","999.7","1.0","1.04","0.0","0.0"
"2026/09/04 15:18:00","24.2","74.1","301","075","230","1.0","1.9","0.2","999.7","0.6","1.05","0.0","0.0"
"2026/09/04 15:19:00","24.2","74.6","292","019","257","0.9","1.8","0.3","999.8","1.0","1.07","0.0","0.0"
"2026/09/04 15:20:00","24.2","74.6","232","316","147","0.6","1.2","0.2","999.8","0.6","1.08","0.0","0.0"
"2026/09/04 15:21:00","24.2","75.0","232","278","169","0.8","1.3","0.2","999.8","0.1","1.08","0.0","0.0"
"2026/09/04 15:22:00","24.2","75.0","261","323","211","0.8","1.3","0.4","999.8","0.1","1.09","0.0","0.0"
"2026/09/04 15:23:00","24.2","75.5","244","356","128","0.5","1.1","0.1","999.8","0.1","1.09","0.0","0.0"
"2026/09/04 15:24:00","24.2","75.0","193","294","112","0.7","1.2","0.1","999.8","0.2","1.09","0.0","0.0"
"2026/09/04 15:25:00","24.2","75.5","164","190","142","1.0","1.5","0.6","999.8","0.0","1.09","0.0","0.0"
"2026/09/04 15:26:00","24.3","73.7","168","221","140","1.0","1.6","0.6","999.9","0.1","1.09","0.0","0.0"
"2026/09/04 15:27:00","24.3","73.8","249","314","199","0.8","1.2","0.4","999.9","0.0","1.09","0.0","0.0"
"2026/09/04 15:28:00","24.3","74.7","190","239","110","0.6","1.1","0.1","999.9","0.0","1.09","0.0","0.0"
"2026/09/04 15:29:00","24.3","74.4","178","219","159","1.4","1.9","0.8","999.8","0.0","1.09","0.0","0.0"
"2026/09/04 15:30:00","24.3","74.5","172","204","139","1.6","2.4","0.8","999.8","0.0","1.10","0.0","0.0"
"2026/09/04 15:31:00","24.3","75.3","178","202","144","1.0","1.4","0.6","999.8","0.1","1.10","0.0","0.0"
"2026/09/04 15:32:00","24.4","75.1","176","197","149","1.0","1.4","0.5","999.8","0.1","1.10","0.0","0.0"
"2026/09/04 15:33:00","24.4","75.1","150","192","093","0.6","0.9","0.1","999.8","0.4","1.11","0.0","0.0"
"2026/09/04 15:34:00","24.4","74.4","110","174","025","0.5","1.0","0.2","999.8","0.1","1.11","0.0","0.0"
"2026/09/04 15:35:00","24.3","73.9","140","235","056","0.5","1.1","0.1","999.7","0.1","1.11","0.0","0.0"
"2026/09/04 15:36:00","24.3","73.4","156","190","130","0.9","1.3","0.4","999.7","0.0","1.11","0.0","0.0"
"2026/09/04 15:37:00","24.3","72.8","161","195","112","0.6","1.0","0.3","999.7","0.0","1.11","0.0","0.0"
"2026/09/04 15:38:00","24.4","73.1","106","296","013","0.5","0.9","0.0","999.7","0.1","1.11","0.0","0.0"
"2026/09/04 15:39:00","24.4","73.3","104","184","296","0.7","1.4","0.1","999.7","0.0","1.11","0.0","0.0"
"2026/09/04 15:40:00","24.4","72.9","149","264","060","0.4","0.9","0.1","999.6","0.0","1.11","0.0","0.0"
"2026/09/04 15:41:00","24.4","72.5","117","180","063","1.0","1.8","0.3","999.6","0.0","1.11","0.0","0.0"
"2026/09/04 15:42:00","24.3","72.5","087","107","071","1.1","1.6","0.6","999.6","0.0","1.11","0.0","0.0"
"2026/09/04 15:43:00","24.3","72.8","093","111","068","1.0","1.4","0.7","999.6","0.0","1.12","0.0","0.0"
"2026/09/04 15:44:00","24.3","72.7","102","119","091","1.0","1.3","0.6","999.6","0.0","1.12","0.0","0.0"
"2026/09/04 15:45:00","24.3","73.7","103","161","080","0.9","1.4","0.4","999.6","0.0","1.12","0.0","0.0"
"2026/09/04 15:46:00","24.3","74.2","108","234","302","0.3","0.8","0.1","999.6","0.0","1.12","0.0","0.0"
"2026/09/04 15:47:00","24.3","74.1","144","187","072","1.1","1.7","0.2","999.6","0.0","1.12","0.0","0.0"
"2026/09/04 15:48:00","24.3","74.1","105","158","046","0.7","1.0","0.3","999.6","0.0","1.12","0.0","0.0"
"2026/09/04 15:49:00","24.3","74.2","070","129","031","0.6","1.0","0.2","999.6","0.0","1.12","0.0","0.0"
"2026/09/04 15:50:00","24.3","73.3","046","135","351","0.6","0.9","0.1","999.6","0.0","1.12","0.0","0.0"
"2026/09/04 15:51:00","24.2","73.5","054","094","329","0.5","0.8","0.2","999.6","0.0","1.12","0.0","0.0"
"2026/09/04 15:52:00","24.2","73.5","008","192","222","0.1","0.4","0.0","999.6","0.0","1.12","0.0","0.0"
"2026/09/04 15:53:00","24.2","74.1","023","153","184","0.2","0.4","0.0","999.6","0.0","1.12","0.0","0.0"
"2026/09/04 15:54:00","24.2","74.7","075","141","320","0.4","0.6","0.1","999.6","0.0","1.12","0.0","0.0"
"2026/09/04 15:55:00","24.2","74.2","125","195","066","0.5","1.0","0.1","999.6","0.0","1.12","0.0","0.0"
"2026/09/04 15:56:00","24.2","74.6","163","325","099","0.6","1.1","0.1","999.6","0.0","1.12","0.0","0.0"
"2026/09/04 15:57:00","24.2","74.5","119","169","079","0.8","1.3","0.4","999.5","0.0","1.12","0.0","0.0"
"2026/09/04 15:58:00","24.2","74.5","145","220","069","0.6","1.2","0.1","999.5","0.0","1.12","0.0","0.0"
"2026/09/04 15:59:00","24.2","74.1","160","214","114","0.8","1.2","0.2","999.5","0.0","1.12","0.0","0.0"
"2026/09/04 16:00:00","24.2","73.9","118","193","059","0.7","1.3","0.3","999.5","0.0","1.12","0.0","0.0"
"2026/09/04 16:01:00","24.2","72.7","104","115","092","0.5","0.8","0.3","999.5","0.0","1.12","0.0","0.0"
"2026/09/04 16:02:00","24.2","73.0","099","135","065","0.3","0.6","0.1","999.5","0.0","1.12","0.0","0.0"
"2026/09/04 16:03:00","24.2","73.3","155","205","102","0.2","0.4","0.0","999.5","0.0","1.12","0.0","0.0"
"2026/09/04 16:04:00","24.2","73.7","160","345","356","0.2","0.4","0.0","999.5","0.0","1.12","0.0","0.0"
"2026/09/04 16:05:00","24.2","73.8","029","070","336","0.3","0.6","0.1","999.5","0.0","1.12","0.0","0.0"
"2026/09/04 16:06:00","24.1","73.9","061","091","044","0.5","0.7","0.3","999.4","0.0","1.12","0.0","0.0"
"2026/09/04 16:07:00","24.1","74.2","104","154","059","0.9","1.3","0.3","999.4","0.0","1.12","0.0","0.0"
"2026/09/04 16:08:00","24.1","74.5","078","120","040","0.9","1.4","0.5","999.4","0.0","1.12","0.0","0.0"
"2026/09/04 16:09:00","24.1","73.9","053","070","031","0.9","1.1","0.6","999.4","0.0","1.12","0.0","0.0"
"2026/09/04 16:10:00","24.1","74.0","066","084","037","1.2","1.9","0.6","999.4","0.0","1.12","0.0","0.0"
"2026/09/04 16:11:00","24.1","73.1","061","073","044","1.1","1.4","0.8","999.4","0.1","1.12","0.0","0.0"
"2026/09/04 16:12:00","24.1","73.1","046","067","027","0.7","1.0","0.5","999.4","0.0","1.12","0.0","0.0"
"2026/09/04 16:13:00","24.1","73.4","035","067","001","0.8","1.2","0.4","999.4","0.0","1.12","0.0","0.0"
"2026/09/04 16:14:00","24.2","74.0","030","052","006","0.7","1.1","0.3","999.4","0.0","1.12","0.0","0.0"
"2026/09/04 16:15:00","24.2","73.5","009","037","325","0.6","1.1","0.1","999.4","0.0","1.12","0.0","0.0"
"2026/09/04 16:16:00","24.2","74.0","351","060","300","0.5","0.8","0.1","999.4","0.0","1.12","0.0","0.0"
"2026/09/04 16:17:00","24.2","73.9","012","064","346","0.9","1.8","0.1","999.4","0.0","1.12","0.0","0.0"
"2026/09/04 16:18:00","24.1","73.1","355","019","316","1.4","1.8","0.9","999.4","0.0","1.12","0.0","0.0"
"2026/09/04 16:19:00","24.1","73.3","018","094","331","0.9","1.6","0.3","999.4","0.0","1.12","0.0","0.0"
"2026/09/04 16:20:00","24.1","73.7","339","035","297","1.3","2.0","0.3","999.4","0.0","1.12","0.0","0.0"
"2026/09/04 16:21:00","24.1","73.6","333","023","254","1.8","2.8","0.5","999.4","0.0","1.12","0.0","0.0"
"2026/09/04 16:22:00","24.1","73.8","354","015","320","1.5","2.0","0.9","999.3","0.0","1.12","0.0","0.0"
"2026/09/04 16:23:00","24.1","73.3","001","031","328","1.8","3.0","1.0","999.3","0.0","1.12","0.0","0.0"
"2026/09/04 16:24:00","24.1","73.8","027","075","350","1.6","2.2","0.5","999.3","0.0","1.12","0.0","0.0"
"2026/09/04 16:25:00","24.1","73.6","028","051","005","1.4","2.2","0.8","999.3","0.0","1.12","0.0","0.0"
"2026/09/04 16:26:00","24.1","73.8","012","050","343","1.3","2.0","0.4","999.3","0.0","1.12","0.0","0.0"
"2026/09/04 16:27:00","24.1","74.0","043","095","344","1.0","1.5","0.5","999.3","0.0","1.12","0.0","0.0"
"2026/09/04 16:28:00","24.1","74.3","039","105","315","0.8","1.4","0.2","999.3","0.0","1.12","0.0","0.0"
"2026/09/04 16:29:00","24.1","74.3","035","074","354","1.1","1.9","0.2","999.3","0.0","1.12","0.0","0.0"
"2026/09/04 16:30:00","24.0","74.3","028","047","342","1.0","1.5","0.5","999.4","0.0","1.12","0.0","0.0"
"2026/09/04 16:31:00","24.1","74.6","031","050","004","1.3","1.6","0.9","999.4","0.0","1.12","0.0","0.0"
"2026/09/04 16:32:00","24.0","74.4","032","100","305","1.1","1.9","0.0","999.5","0.0","1.12","0.0","0.0"
"2026/09/04 16:33:00","24.1","74.9","350","037","289","0.9","1.5","0.1","999.5","0.0","1.12","0.0","0.0"
"2026/09/04 16:34:00","24.1","74.4","009","038","317","1.0","1.5","0.1","999.5","0.0","1.12","0.0","0.0"
"2026/09/04 16:35:00","24.0","74.0","009","046","318","1.0","1.6","0.5","999.6","0.0","1.12","0.0","0.0"
"2026/09/04 16:36:00","24.0","73.9","051","096","013","0.9","1.5","0.4","999.6","0.0","1.13","0.0","0.0"
"2026/09/04 16:37:00","24.0","73.5","069","085","054","1.1","1.3","0.9","999.5","0.1","1.13","0.0","0.0"
"2026/09/04 16:38:00","24.1","74.1","061","094","023","0.8","1.3","0.5","999.5","0.0","1.13","0.0","0.0"
"2026/09/04 16:39:00","24.1","74.3","074","175","004","0.5","0.9","0.2","999.5","0.0","1.13","0.0","0.0"
"2026/09/04 16:40:00","24.1","74.4","087","224","011","0.5","1.0","0.1","999.4","0.1","1.13","0.0","0.0"
"2026/09/04 16:41:00","24.1","74.6","081","132","052","0.5","0.8","0.2","999.4","0.0","1.13","0.0","0.0"
"2026/09/04 16:42:00","24.0","73.8","077","100","061","1.1","1.5","0.6","999.4","0.2","1.13","0.0","0.0"
"2026/09/04 16:43:00","24.0","73.6","069","087","052","1.2","1.6","0.9","999.3","0.1","1.14","0.0","0.0"
"2026/09/04 16:44:00","24.1","73.7","056","085","013","0.9","1.3","0.6","999.3","0.1","1.14","0.0","0.0"
"2026/09/04 16:45:00","24.1","74.5","013","147","300","0.4","1.2","0.1","999.4","0.0","1.14","0.0","0.0"
"2026/09/04 16:46:00","24.1","74.6","081","091","065","1.0","1.4","0.3","999.4","0.0","1.14","0.0","0.0"
"2026/09/04 16:47:00","24.1","74.7","079","208","033","2.1","10.2","0.7","999.4","0.0","1.14","0.0","0.0"
"2026/09/04 16:48:00","24.1","74.8","069","208","052","1.0","6.0","0.6","999.4","0.2","1.15","0.0","0.0"
"2026/09/04 16:49:00","24.0","75.1","075","135","048","0.8","1.2","0.2","999.4","0.0","1.15","0.0","0.0"
"2026/09/04 16:50:00","24.0","74.9","101","137","078","1.0","1.3","0.6","999.4","0.0","1.15","0.0","0.0"
"2026/09/04 16:51:00","24.0","75.4","133","246","336","0.6","1.1","0.1","999.4","0.0","1.15","0.0","0.0"
"2026/09/04 16:52:00","24.1","75.2","108","135","299","0.7","1.1","0.1","999.4","0.0","1.15","0.0","0.0"
"2026/09/04 16:53:00","24.1","74.9","111","159","070","0.6","1.0","0.3","999.3","0.0","1.15","0.0","0.0"
"2026/09/04 16:54:00","24.1","75.1","120","214","040","0.5","0.9","0.1","999.3","0.0","1.15","0.0","0.0"
"2026/09/04 16:55:00","24.1","75.0","092","144","016","0.8","1.4","0.1","999.3","0.0","1.15","0.0","0.0"
"2026/09/04 16:56:00","24.1","74.5","093","104","076","1.1","1.3","0.8","999.3","0.0","1.15","0.0","0.0"
"2026/09/04 16:57:00","24.0","74.9","110","126","092","1.1","1.4","0.8","999.3","0.0","1.15","0.0","0.0"
"2026/09/04 16:58:00","24.0","74.8","106","215","045","0.8","1.5","0.1","999.4","0.0","1.15","0.0","0.0"
"2026/09/04 16:59:00","24.0","74.0","072","079","065","1.1","1.4","0.9","999.4","0.0","1.15","0.0","0.0"
"2026/09/04 17:00:00","24.0","74.4","076","085","061","1.0","1.2","0.6","999.5","0.0","1.15","0.0","0.0"
"2026/09/04 17:01:00","24.0","74.6","068","084","043","0.8","1.2","0.4","999.5","0.0","1.15","0.0","0.0"
"2026/09/04 17:02:00","24.0","74.7","059","104","017","0.5","0.7","0.2","999.6","0.0","1.15","0.0","0.0"
"2026/09/04 17:03:00","24.0","75.0","041","056","024","0.6","0.9","0.3","999.6","0.0","1.15","0.0","0.0"
"2026/09/04 17:04:00","24.0","75.4","319","023","241","0.6","1.2","0.1","999.7","0.0","1.15","0.0","0.0"
"2026/09/04 17:05:00","24.0","75.0","315","326","282","0.8","1.1","0.6","999.7","0.0","1.15","0.0","0.0"
"2026/09/04 17:06:00","24.0","74.9","307","321","290","0.5","0.9","0.2","999.7","0.0","1.15","0.0","0.0"
"2026/09/04 17:07:00","23.9","75.0","272","339","229","0.3","0.5","0.1","999.8","0.0","1.15","0.0","0.0"
"2026/09/04 17:08:00","23.9","75.4","311","013","236","0.2","0.6","0.1","999.8","0.0","1.15","0.0","0.0"
"2026/09/04 17:09:00","23.9","74.8","347","071","232","0.7","1.4","0.1","999.8","0.0","1.15","0.0","0.0"
"2026/09/04 17:10:00","23.9","74.9","338","002","315","0.9","1.4","0.5","999.8","0.0","1.15","0.0","0.0"
"2026/09/04 17:11:00","24.0","74.9","001","030","335","0.8","1.2","0.4","999.8","0.0","1.15","0.0","0.0"
"2026/09/04 17:12:00","24.0","75.1","010","180","199","0.4","0.9","0.0","999.8","0.0","1.15","0.0","0.0"
"2026/09/04 17:13:00","24.0","75.6","333","349","312","0.7","1.0","0.4","999.8","0.0","1.15","0.0","0.0"
"2026/09/04 17:14:00","24.0","76.0","303","338","249","0.4","0.9","0.1","999.8","0.0","1.15","0.0","0.0"
"2026/09/04 17:15:00","24.0","76.7","014","076","263","0.7","1.3","0.0","999.8","0.0","1.15","0.0","0.0"
"2026/09/04 17:16:00","24.0","76.1","043","093","006","1.2","2.4","0.6","999.8","0.1","1.15","0.0","0.0"
"2026/09/04 17:17:00","23.9","73.9","037","098","009","2.1","3.0","0.8","999.8","0.0","1.15","0.0","0.0"
"2026/09/04 17:18:00","23.9","73.4","022","068","317","1.7","2.5","0.3","999.7","0.3","1.16","0.0","0.0"
"2026/09/04 17:19:00","23.9","72.2","041","059","025","2.0","2.6","1.2","999.7","0.3","1.16","0.0","0.0"
"2026/09/04 17:20:00","23.9","73.1","004","058","283","0.9","1.5","0.1","999.7","0.7","1.17","0.0","0.0"
"2026/09/04 17:21:00","24.0","73.7","327","016","266","1.0","1.9","0.4","999.6","0.5","1.18","0.0","0.0"
"2026/09/04 17:22:00","24.0","72.8","335","007","277","1.8","2.5","0.9","999.6","0.1","1.19","0.0","0.0"
"2026/09/04 17:23:00","23.9","73.1","344","127","268","1.5","2.2","0.3","999.5","0.1","1.19","0.0","0.0"
"2026/09/04 17:24:00","23.9","73.4","031","093","322","1.3","2.0","0.3","999.5","0.0","1.19","0.0","0.0"
"2026/09/04 17:25:00","24.0","73.9","358","077","234","0.8","1.6","0.2","999.5","0.0","1.19","0.0","0.0"
"2026/09/04 17:26:00","23.9","74.3","028","079","347","1.5","2.4","0.9","999.5","0.0","1.19","0.0","0.0"
"2026/09/04 17:27:00","23.9","73.9","018","068","343","1.9","3.0","0.7","999.5","0.0","1.19","0.0","0.0"
"2026/09/04 17:28:00","23.9","72.5","021","060","341","2.0","3.2","0.8","999.5","0.0","1.19","0.0","0.0"
"2026/09/04 17:29:00","23.9","72.3","021","085","354","2.3","3.3","0.4","999.5","0.0","1.19","0.0","0.0"
"2026/09/04 17:30:00","23.9","72.8","018","041","341","1.9","3.0","0.9","999.5","0.0","1.19","0.0","0.0"
"2026/09/04 17:31:00","23.9","73.0","017","046","356","1.4","2.2","0.8","999.5","0.0","1.19","0.0","0.0"
"2026/09/04 17:32:00","23.9","73.2","356","052","317","1.3","2.2","0.3","999.5","0.0","1.19","0.0","0.0"
"2026/09/04 17:33:00","23.9","73.5","022","060","311","1.0","1.6","0.4","999.6","0.0","1.19","0.0","0.0"
"2026/09/04 17:34:00","23.9","74.0","055","086","031","1.6","2.1","1.2","999.6","0.0","1.19","0.0","0.0"
"2026/09/04 17:35:00","23.9","74.2","039","083","349","0.9","1.5","0.2","999.7","0.0","1.19","0.0","0.0"
"2026/09/04 17:36:00","23.9","73.3","060","192","274","0.9","1.5","0.0","999.7","0.0","1.19","0.0","0.0"
"2026/09/04 17:37:00","23.8","73.5","080","218","276","0.8","1.5","0.0","999.8","0.0","1.19","0.0","0.0"
"2026/09/04 17:38:00","23.8","73.0","046","107","355","1.3","1.9","0.5","999.8","0.0","1.19","0.0","0.0"
"2026/09/04 17:39:00","23.8","72.9","023","078","354","1.0","1.5","0.4","999.8","0.0","1.19","0.0","0.0"
"2026/09/04 17:40:00","23.8","74.0","103","123","046","1.3","1.7","0.9","999.8","0.0","1.19","0.0","0.0"
"2026/09/04 17:41:00","23.8","72.7","100","152","055","1.2","1.9","0.5","999.8","0.1","1.19","0.0","0.0"
"2026/09/04 17:42:00","23.8","72.3","109","153","048","1.7","2.7","0.8","999.7","0.7","1.21","0.0","0.0"
"2026/09/04 17:43:00","23.8","71.7","081","097","067","2.1","2.4","1.2","999.7","0.9","1.22","0.0","0.0"
"2026/09/04 17:44:00","23.8","72.5","090","107","067","1.3","1.9","0.8","999.7","0.4","1.23","0.0","0.0"
"2026/09/04 17:45:00","23.8","73.6","102","188","061","1.4","2.3","0.6","999.7","0.6","1.24","0.0","0.0"
"2026/09/04 17:46:00","23.8","73.6","087","112","061","1.4","2.1","1.0","999.7","0.2","1.25","0.0","0.0"
"2026/09/04 17:47:00","23.8","74.2","086","120","011","1.0","1.4","0.4","999.8","0.1","1.25","0.0","0.0"
"2026/09/04 17:48:00","23.8","74.2","073","091","030","1.0","1.4","0.5","999.8","0.0","1.25","0.0","0.0"
"2026/09/04 17:49:00","23.8","74.3","090","143","060","0.8","1.4","0.3","999.8","0.2","1.25","0.0","0.0"
"2026/09/04 17:50:00","23.7","74.3","136","169","087","0.6","1.2","0.3","999.8","0.3","1.26","0.0","0.0"
"2026/09/04 17:51:00","23.7","74.6","114","171","055","0.4","0.9","0.1","999.8","0.3","1.27","0.0","0.0"
"2026/09/04 17:52:00","23.7","74.6","102","228","335","0.4","0.8","0.0","999.8","0.2","1.27","0.0","0.0"
"2026/09/04 17:53:00","23.7","74.6","086","103","052","0.6","1.0","0.4","999.8","0.1","1.27","0.0","0.0"
"2026/09/04 17:54:00","23.7","74.6","044","084","004","0.6","0.9","0.4","999.8","0.3","1.28","0.0","0.0"
"2026/09/04 17:55:00","23.6","74.6","035","058","354","0.5","0.8","0.3","999.8","0.3","1.28","0.0","0.0"
"2026/09/04 17:56:00","23.6","75.1","066","105","003","0.7","1.2","0.2","999.7","0.3","1.29","0.0","0.0"
"2026/09/04 17:57:00","23.6","75.2","076","100","057","0.8","1.5","0.4","999.7","0.3","1.30","0.0","0.0"
"2026/09/04 17:58:00","23.6","75.4","077","091","063","1.5","2.3","0.7","999.6","0.7","1.31","0.0","0.0"
"2026/09/04 17:59:00","23.6","75.5","057","084","009","1.6","2.1","0.9","999.5","1.2","1.33","0.0","0.0"
"2026/09/04 18:00:00","23.6","75.9","049","070","015","1.4","1.8","0.6","999.4","1.2","1.35","0.0","0.0"
"2026/09/04 18:01:00","23.6","76.3","033","081","323","1.0","2.0","0.2","999.4","0.9","1.36","0.0","0.0"
"2026/09/04 18:02:00","23.6","76.5","054","097","318","1.1","1.8","0.1","999.3","0.6","1.37","0.0","0.0"
"2026/09/04 18:03:00","23.6","77.0","052","078","027","1.4","2.1","0.8","999.3","1.1","1.39","0.0","0.0"
"2026/09/04 18:04:00","23.6","77.0","035","063","015","1.4","2.1","0.7","999.3","1.0","1.41","0.0","0.0"
"2026/09/04 18:05:00","23.5","77.2","042","059","022","1.6","2.0","1.1","999.2","1.1","1.43","0.0","0.0"
"2026/09/04 18:06:00","23.5","77.7","041","066","007","1.2","1.8","0.6","999.2","0.8","1.44","0.0","0.0"
"2026/09/04 18:07:00","23.5","77.8","034","060","009","1.1","1.6","0.8","999.2","0.6","1.46","0.0","0.0"
"2026/09/04 18:08:00","23.4","78.2","046","123","021","0.7","1.2","0.1","999.2","0.8","1.47","0.0","0.0"
"2026/09/04 18:09:00","23.4","78.4","013","048","357","0.5","0.9","0.2","999.2","0.7","1.48","0.0","0.0"
"2026/09/04 18:10:00","23.4","78.7","058","102","338","0.5","0.8","0.1","999.2","0.3","1.49","0.0","0.0"
"2026/09/04 18:11:00","23.4","79.0","107","124","089","0.6","0.9","0.2","999.3","0.7","1.50","0.0","0.0"
"2026/09/04 18:12:00","23.4","78.5","096","114","083","1.1","1.4","0.7","999.3","0.9","1.52","0.0","0.0"
"2026/09/04 18:13:00","23.3","78.6","082","142","015","0.7","1.1","0.3","999.4","0.9","1.53","0.0","0.0"
"2026/09/04 18:14:00","23.3","79.1","123","228","305","0.5","1.3","0.0","999.4","0.9","1.55","0.0","0.0"
"2026/09/04 18:15:00","23.3","79.2","122","197","071","0.7","1.2","0.2","999.5","0.4","1.56","0.0","0.0"
"2026/09/04 18:16:00","23.3","79.4","156","279","050","0.4","1.0","0.1","999.6","0.6","1.57","0.0","0.0"
"2026/09/04 18:17:00","23.3","79.6","286","063","078","0.3","0.6","0.1","999.7","0.6","1.58","0.0","0.0"
"2026/09/04 18:18:00","23.3","79.9","311","033","201","0.7","0.9","0.1","999.7","0.3","1.58","0.0","0.0"
"2026/09/04 18:19:00","23.3","80.3","305","328","286","0.8","1.1","0.6","999.8","0.5","1.59","0.0","0.0"
"2026/09/04 18:20:00","23.3","79.7","336","002","317","0.6","1.0","0.4","999.8","0.4","1.60","0.0","0.0"
"2026/09/04 18:21:00","23.3","79.8","316","345","277","0.6","1.3","0.4","999.8","0.3","1.61","0.0","0.0"
"2026/09/04 18:22:00","23.3","80.7","303","100","213","0.9","2.3","0.2","999.8","0.5","1.62","0.0","0.0"
"2026/09/04 18:23:00","23.3","79.9","336","350","313","1.6","2.1","0.9","999.9","0.7","1.63","0.0","0.0"
"2026/09/04 18:24:00","23.3","79.2","002","025","340","1.0","1.6","0.6","999.9","1.2","1.65","0.0","0.0"
"2026/09/04 18:25:00","23.3","79.6","001","021","330","1.0","1.8","0.6","999.9","1.4","1.67","0.0","0.0"
"2026/09/04 18:26:00","23.4","80.3","315","021","251","1.2","2.0","0.5","999.9","0.6","1.69","0.0","0.0"
"2026/09/04 18:27:00","23.4","79.7","288","321","243","1.0","1.7","0.4","1000.0","0.8","1.70","0.0","0.0"
"2026/09/04 18:28:00","23.4","80.4","286","326","224","1.7","2.2","0.9","1000.1","0.6","1.71","0.0","0.0"
"2026/09/04 18:29:00","23.4","80.8","286","312","221","1.9","2.7","0.7","1000.2","0.7","1.72","0.0","0.0"
"2026/09/04 18:30:00","23.3","81.0","274","301","218","1.9","2.8","0.8","1000.2","0.3","1.73","0.0","0.0"
"2026/09/04 18:31:00","23.3","81.2","295","319","249","2.0","2.5","1.6","1000.2","0.3","1.73","0.0","0.0"
"2026/09/04 18:32:00","23.3","81.4","306","015","276","1.7","2.5","0.3","1000.2","0.4","1.74","0.0","0.0"
"2026/09/04 18:33:00","23.2","81.7","276","329","196","1.3","1.9","0.7","1000.3","0.3","1.75","0.0","0.0"
"2026/09/04 18:34:00","23.2","81.9","275","313","182","1.3","2.0","0.3","1000.3","0.3","1.75","0.0","0.0"
"2026/09/04 18:35:00","23.2","82.1","272","324","192","1.2","2.0","0.3","1000.4","0.3","1.76","0.0","0.0"
"2026/09/04 18:36:00","23.2","82.3","284","306","236","1.5","2.2","0.6","1000.4","0.2","1.76","0.0","0.0"
"2026/09/04 18:37:00","23.1","82.3","289","324","237","1.8","2.9","0.4","1000.5","0.6","1.78","0.0","0.0"
"2026/09/04 18:38:00","23.1","82.5","284","316","246","1.9","2.7","1.1","1000.5","0.7","1.79","0.0","0.0"
"2026/09/04 18:39:00","23.1","82.7","286","081","242","1.5","2.7","0.2","1000.6","0.7","1.80","0.0","0.0"
"2026/09/04 18:40:00","23.1","82.7","280","315","225","1.8","3.0","0.8","1000.7","0.8","1.82","0.0","0.0"
"2026/09/04 18:41:00","23.1","82.8","291","311","263","2.0","2.9","1.2","1000.7","0.7","1.83","0.0","0.0"
"2026/09/04 18:42:00","23.1","83.0","284","311","233","2.0","2.8","1.2","1000.7","0.8","1.84","0.0","0.0"
"2026/09/04 18:43:00","23.1","82.9","291","327","122","1.6","2.5","0.4","1000.7","1.4","1.87","0.0","0.0"
"2026/09/04 18:44:00","23.1","82.9","295","313","262","2.0","2.4","1.5","1000.7","0.7","1.88","0.0","0.0"
"2026/09/04 18:45:00","23.0","82.7","305","331","261","1.8","2.8","1.0","1000.7","0.8","1.89","0.0","0.0"
"2026/09/04 18:46:00","23.0","83.0","284","021","201","1.1","2.1","0.2","1000.7","0.5","1.90","0.0","0.0"
"2026/09/04 18:47:00","23.0","83.4","272","013","178","0.7","1.1","0.1","1000.8","1.2","1.93","0.0","0.0"
"2026/09/04 18:48:00","23.0","83.5","221","311","089","0.4","1.1","0.0","1000.8","1.0","1.94","0.0","0.0"
"2026/09/04 18:49:00","23.0","83.6","236","284","204","0.6","1.0","0.3","1000.8","1.4","1.97","0.0","0.0"
"2026/09/04 18:50:00","23.0","83.6","227","288","119","0.5","1.0","0.1","1000.8","0.7","1.98","0.0","0.0"
"2026/09/04 18:51:00","23.0","83.6","270","023","150","0.6","1.2","0.1","1000.8","1.0","2.00","0.0","0.0"
"2026/09/04 18:52:00","23.0","83.8","284","082","125","0.5","1.3","0.1","1000.8","0.4","2.00","0.0","0.0"
"2026/09/04 18:53:00","23.0","83.8","207","294","085","0.5","1.0","0.1","1000.8","0.6","2.01","0.0","0.0"
"2026/09/04 18:54:00","22.9","83.8","276","332","150","0.5","1.0","0.1","1000.7","0.4","2.02","0.0","0.0"
"2026/09/04 18:55:00","22.9","83.7","317","017","208","0.5","0.8","0.1","1000.7","0.7","2.03","0.0","0.0"
"2026/09/04 18:56:00","22.9","82.9","012","036","359","0.5","0.8","0.2","1000.6","0.9","2.05","0.0","0.0"
"2026/09/04 18:57:00","22.8","82.9","002","082","199","0.4","0.8","0.0","1000.5","0.6","2.06","0.0","0.0"
"2026/09/04 18:58:00","22.8","83.0","282","084","156","0.2","0.4","0.0","1000.5","0.8","2.07","0.0","0.0"
"2026/09/04 18:59:00","22.8","83.2","328","036","296","0.4","0.8","0.0","1000.5","1.4","2.10","0.0","0.0"
"2026/09/04 19:00:00","22.8","83.4","287","353","242","0.6","1.2","0.1","1000.5","1.0","2.12","0.0","0.0"
"2026/09/04 19:01:00","22.8","83.4","286","334","196","0.8","1.6","0.1","1000.5","0.8","2.13","0.0","0.0"
"2026/09/04 19:02:00","22.8","83.6","292","324","258","1.1","1.6","0.5","1000.5","0.9","2.14","0.0","0.0"
"2026/09/04 19:03:00","22.8","83.9","278","050","151","0.6","1.2","0.2","1000.5","0.5","2.15","0.0","0.0"
"2026/09/04 19:04:00","22.8","84.0","270","076","120","0.6","1.4","0.1","1000.4","0.2","2.16","0.0","0.0"
"2026/09/04 19:05:00","22.8","83.7","347","019","286","1.2","1.6","0.6","1000.4","0.4","2.17","0.0","0.0"
"2026/09/04 19:06:00","22.8","83.8","045","099","001","0.8","1.3","0.3","1000.3","0.3","2.17","0.0","0.0"
"2026/09/04 19:07:00","22.9","84.2","081","104","038","0.7","1.1","0.3","1000.3","0.9","2.19","0.0","0.0"
"2026/09/04 19:08:00","22.9","84.2","084","110","070","0.7","1.0","0.4","1000.3","0.3","2.19","0.0","0.0"
"2026/09/04 19:09:00","22.8","84.0","118","159","079","0.5","0.8","0.2","1000.4","0.1","2.20","0.0","0.0"
"2026/09/04 19:10:00","22.8","84.2","164","203","125","0.9","1.3","0.5","1000.5","0.2","2.20","0.0","0.0"
"2026/09/04 19:11:00","22.9","84.2","164","188","151","1.1","1.6","0.8","1000.6","0.3","2.21","0.0","0.0"
"2026/09/04 19:12:00","22.9","83.0","133","160","114","1.1","1.6","0.7","1000.7","0.6","2.22","0.0","0.0"
"2026/09/04 19:13:00","22.8","82.1","157","257","109","0.5","0.9","0.1","1000.7","0.3","2.22","0.0","0.0"
"2026/09/04 19:14:00","22.9","82.7","168","211","136","0.6","1.0","0.4","1000.7","0.7","2.24","0.0","0.0"
"2026/09/04 19:15:00","22.9","83.1","229","312","159","0.3","0.6","0.1","1000.7","1.3","2.26","0.0","0.0"
"2026/09/04 19:16:00","22.9","83.0","178","274","045","0.3","0.8","0.0","1000.6","1.2","2.28","0.0","0.0"
"2026/09/04 19:17:00","22.8","81.6","091","181","010","0.5","1.2","0.1","1000.6","0.7","2.29","0.0","0.0"
"2026/09/04 19:18:00","22.8","80.3","113","149","051","1.3","2.0","0.6","1000.5","1.1","2.31","0.0","0.0"
"2026/09/04 19:19:00","22.8","80.1","083","097","062","2.1","2.8","1.0","1000.5","1.2","2.33","0.0","0.0"
"2026/09/04 19:20:00","22.8","80.2","089","111","061","1.6","2.4","0.8","1000.5","0.9","2.35","0.0","0.0"
"2026/09/04 19:21:00","22.8","79.9","101","115","059","1.7","2.4","0.9","1000.5","0.7","2.36","0.0","0.0"
"2026/09/04 19:22:00","22.8","79.4","074","098","063","1.9","2.4","1.1","1000.5","0.6","2.37","0.0","0.0"
"2026/09/04 19:23:00","22.8","77.4","074","086","060","2.0","2.6","1.4","1000.5","0.3","2.38","0.0","0.0"
"2026/09/04 19:24:00","22.8","79.4","098","121","068","1.5","1.9","1.1","1000.5","0.2","2.38","0.0","0.0"
"2026/09/04 19:25:00","22.9","79.0","105","131","077","1.2","1.5","0.8","1000.5","0.3","2.39","0.0","0.0"
"2026/09/04 19:26:00","22.8","78.9","095","128","031","1.3","2.4","0.4","1000.6","0.2","2.39","0.0","0.0"
"2026/09/04 19:27:00","22.8","78.6","094","122","066","1.5","2.4","0.6","1000.6","0.1","2.40","0.0","0.0"
"2026/09/04 19:28:00","22.7","77.3","082","093","067","1.9","2.5","1.1","1000.7","0.0","2.40","0.0","0.0"
"2026/09/04 19:29:00","22.7","76.7","084","108","054","1.8","2.4","1.4","1000.8","0.2","2.40","0.0","0.0"
"2026/09/04 19:30:00","22.7","76.8","081","098","071","1.5","2.0","0.9","1000.9","0.1","2.40","0.0","0.0"
"2026/09/04 19:31:00","22.7","77.3","091","160","070","1.0","1.7","0.3","1000.9","0.3","2.41","0.0","0.0"
"2026/09/04 19:32:00","22.7","77.6","103","166","067","0.8","1.3","0.3","1001.0","0.0","2.41","0.0","0.0"
"2026/09/04 19:33:00","22.7","78.0","120","199","080","0.4","0.8","0.1","1001.1","0.2","2.41","0.0","0.0"
"2026/09/04 19:34:00","22.7","78.3","175","274","351","0.3","0.6","0.0","1001.1","0.2","2.42","0.0","0.0"
"2026/09/04 19:35:00","22.7","78.5","167","207","133","0.5","0.9","0.3","1001.2","0.0","2.42","0.0","0.0"
"2026/09/04 19:36:00","22.7","78.8","154","315","076","0.2","0.6","0.0","1001.2","0.0","2.42","0.0","0.0"
"2026/09/04 19:37:00","22.7","78.8","144","318","335","0.3","0.5","0.0","1001.2","0.0","2.42","0.0","0.0"
"2026/09/04 19:38:00","22.6","78.9","157","212","093","0.3","0.6","0.0","1001.3","0.0","2.42","0.0","0.0"
"2026/09/04 19:39:00","22.6","79.0","171","000","024","0.4","0.7","0.0","1001.3","0.0","2.42","0.0","0.0"
"2026/09/04 19:40:00","22.6","79.3","065","098","022","0.4","0.7","0.2","1001.3","0.0","2.42","0.0","0.0"
"2026/09/04 19:41:00","22.6","79.0","017","060","340","0.5","0.9","0.1","1001.4","0.0","2.42","0.0","0.0"
"2026/09/04 19:42:00","22.5","78.8","018","127","271","0.4","0.9","0.1","1001.4","0.0","2.42","0.0","0.0"
"2026/09/04 19:43:00","22.5","77.9","031","073","317","1.0","1.6","0.2","1001.4","0.1","2.42","0.0","0.0"
"2026/09/04 19:44:00","22.5","76.7","041","071","016","1.0","1.9","0.4","1001.4","0.1","2.42","0.0","0.0"
"2026/09/04 19:45:00","22.5","76.1","037","070","016","1.2","1.8","0.8","1001.4","0.2","2.43","0.0","0.0"
"2026/09/04 19:46:00","22.5","75.6","044","071","020","1.1","1.7","0.8","1001.5","0.2","2.43","0.0","0.0"
"2026/09/04 19:47:00","22.6","75.6","025","048","002","0.9","1.2","0.6","1001.5","0.3","2.44","0.0","0.0"
"2026/09/04 19:48:00","22.6","75.4","010","038","332","1.0","1.5","0.4","1001.6","0.2","2.44","0.0","0.0"
"2026/09/04 19:49:00","22.6","75.0","019","043","357","1.0","1.4","0.6","1001.6","0.3","2.45","0.0","0.0"
"2026/09/04 19:50:00","22.6","75.6","033","061","003","0.9","1.5","0.4","1001.6","0.5","2.46","0.0","0.0"
"2026/09/04 19:51:00","22.6","75.4","035","086","326","1.1","1.7","0.1","1001.6","0.6","2.47","0.0","0.0"
"2026/09/04 19:52:00","22.7","75.6","046","071","008","1.1","2.1","0.6","1001.6","0.5","2.48","0.0","0.0"
"2026/09/04 19:53:00","22.7","75.5","035","057","359","2.1","2.7","1.3","1001.6","0.8","2.49","0.0","0.0"
"2026/09/04 19:54:00","22.7","74.8","017","052","354","1.9","2.6","0.9","1001.7","0.5","2.50","0.0","0.0"
"2026/09/04 19:55:00","22.7","75.0","021","061","331","1.5","2.0","0.6","1001.7","0.4","2.51","0.0","0.0"
"2026/09/04 19:56:00","22.7","75.3","054","080","032","1.7","2.3","0.7","1001.7","0.5","2.52","0.0","0.0"
"2026/09/04 19:57:00","22.7","75.3","057","074","039","1.8","2.1","1.5","1001.7","0.3","2.52","0.0","0.0"
"2026/09/04 19:58:00","22.8","75.7","050","070","034","1.9","2.6","0.8","1001.7","0.5","2.53","0.0","0.0"
"2026/09/04 19:59:00","22.8","75.7","057","082","025","1.6","2.4","1.0","1001.7","1.0","2.55","0.0","0.0"
"2026/09/04 20:00:00","22.8","75.6","040","060","019","1.7","2.3","0.8","1001.8","0.5","2.56","0.0","0.0"
"2026/09/04 20:01:00","22.7","75.0","054","075","025","1.4","2.0","0.7","1001.8","0.7","2.57","0.0","0.0"
"2026/09/04 20:02:00","22.7","75.3","043","073","000","1.0","1.4","0.3","1001.8","0.5","2.58","0.0","0.0"
"2026/09/04 20:03:00","22.7","75.9","066","099","037","1.0","1.3","0.5","1001.7","0.3","2.59","0.0","0.0"
"2026/09/04 20:04:00","22.7","76.3","053","084","031","1.0","1.3","0.6","1001.8","0.7","2.60","0.0","0.0"
"2026/09/04 20:05:00","22.7","77.0","083","100","065","1.2","1.7","0.6","1001.7","0.4","2.60","0.0","0.0"
"2026/09/04 20:06:00","22.7","78.3","077","094","057","2.1","2.9","1.0","1001.7","0.8","2.62","0.0","0.0"
"2026/09/04 20:07:00","22.7","78.8","066","093","041","2.0","2.5","1.5","1001.7","1.2","2.65","0.0","0.0"
"2026/09/04 20:08:00","22.7","79.2","092","143","070","1.5","2.3","0.6","1001.7","1.6","2.67","0.0","0.0"
"2026/09/04 20:09:00","22.7","79.7","085","138","029","1.3","2.2","0.6","1001.7","1.1","2.69","0.0","0.0"
"2026/09/04 20:10:00","22.6","79.9","062","083","035","2.0","2.7","1.3","1001.7","1.2","2.71","0.0","0.0"
"2026/09/04 20:11:00","22.6","80.1","063","078","042","1.9","2.4","1.3","1001.7","1.8","2.74","0.0","0.0"
"2026/09/04 20:12:00","22.6","79.4","030","082","340","1.7","2.5","0.7","1001.6","1.7","2.77","0.0","0.0"
"2026/09/04 20:13:00","22.5","80.2","058","084","345","1.6","2.5","0.4","1001.6","1.3","2.79","0.0","0.0"
"2026/09/04 20:14:00","22.5","80.6","063","089","044","1.6","2.4","1.0","1001.5","0.8","2.80","0.0","0.0"
"2026/09/04 20:15:00","22.4","80.2","064","089","038","1.8","2.3","1.2","1001.5","1.0","2.82","0.0","0.0"
"2026/09/04 20:16:00","22.4","79.5","057","077","034","2.3","3.0","1.8","1001.4","1.4","2.85","0.0","0.0"
"2026/09/04 20:17:00","22.4","79.8","065","082","042","1.5","2.2","0.9","1001.4","1.0","2.86","0.0","0.0"
"2026/09/04 20:18:00","22.3","79.6","043","073","358","1.5","2.4","0.4","1001.4","0.9","2.88","0.0","0.0"
"2026/09/04 20:19:00","22.3","79.7","086","159","040","1.5","2.3","0.7","1001.4","0.7","2.89","0.0","0.0"
"2026/09/04 20:20:00","22.2","78.7","088","113","064","2.2","3.3","1.4","1001.4","0.8","2.90","0.0","0.0"
"2026/09/04 20:21:00","22.2","79.1","063","102","035","1.8","2.4","0.8","1001.4","0.6","2.92","0.0","0.0"
"2026/09/04 20:22:00","22.2","78.9","072","112","038","1.7","2.4","1.0","1001.5","0.6","2.93","0.0","0.0"
"2026/09/04 20:23:00","22.2","78.6","054","084","018","2.0","2.5","1.1","1001.5","0.4","2.93","0.0","0.0"
"2026/09/04 20:24:00","22.1","78.2","057","080","011","1.6","2.4","1.0","1001.5","0.4","2.94","0.0","0.0"
"2026/09/04 20:25:00","22.1","78.9","034","087","330","0.6","1.3","0.1","1001.5","0.9","2.96","0.0","0.0"
"2026/09/04 20:26:00","22.1","79.2","080","105","054","1.1","1.7","0.3","1001.5","1.0","2.98","0.0","0.0"
"2026/09/04 20:27:00","22.1","79.6","059","086","025","1.3","1.9","0.7","1001.6","1.1","3.00","0.0","0.0"
"2026/09/04 20:28:00","22.1","78.1","041","079","021","1.8","2.5","1.1","1001.6","1.9","3.03","0.0","0.0"
"2026/09/04 20:29:00","22.1","78.4","071","104","018","1.6","2.6","0.2","1001.7","2.4","3.07","0.0","0.0"
"2026/09/04 20:30:00","22.1","77.7","059","098","022","1.4","2.4","0.7","1001.7","2.5","3.12","0.0","0.0"
"2026/09/04 20:31:00","22.1","78.4","077","122","054","2.1","3.3","1.2","1001.7","2.3","3.15","0.0","0.0"
"2026/09/04 20:32:00","22.1","78.0","063","095","047","2.1","2.8","1.3","1001.7","3.3","3.21","0.0","0.0"
"2026/09/04 20:33:00","22.1","77.5","054","084","031","1.6","2.8","0.9","1001.6","3.6","3.27","0.0","0.0"
"2026/09/04 20:34:00","22.1","78.3","060","067","049","2.6","3.2","2.1","1001.6","3.1","3.33","0.0","0.0"
"2026/09/04 20:35:00","22.1","78.5","057","074","033","2.0","2.8","1.3","1001.5","2.4","3.37","0.0","0.0"
"2026/09/04 20:36:00","22.1","78.5","053","078","004","1.6","2.6","1.0","1001.5","2.3","3.40","0.0","0.0"
"2026/09/04 20:37:00","22.1","78.7","035","142","330","1.5","2.5","0.1","1001.5","2.7","3.46","0.0","0.0"
"2026/09/04 20:38:00","22.1","78.9","046","066","024","2.0","2.8","0.7","1001.5","4.4","3.53","0.0","0.0"
"2026/09/04 20:39:00","22.0","78.3","036","071","359","1.8","2.9","0.5","1001.5","5.0","3.62","0.0","0.0"
"2026/09/04 20:40:00","22.0","78.9","039","080","354","1.1","1.6","0.7","1001.5","4.7","3.70","0.0","0.0"
"2026/09/04 20:41:00","22.0","79.2","022","083","310","1.1","1.6","0.4","1001.5","3.9","3.76","0.0","0.0"
"2026/09/04 20:42:00","22.0","79.7","024","093","325","0.6","1.1","0.2","1001.5","3.7","3.82","0.0","0.0"
"2026/09/04 20:43:00","21.9","79.7","044","109","000","1.4","3.1","0.2","1001.5","2.2","3.86","0.0","0.0"
"2026/09/04 20:44:00","21.9","79.7","024","087","345","1.5","2.2","0.7","1001.5","3.5","3.93","0.0","0.0"
"2026/09/04 20:45:00","21.9","79.1","040","081","323","1.7","2.9","0.6","1001.5","4.3","3.99","0.0","0.0"
"2026/09/04 20:46:00","21.9","80.1","003","029","202","0.7","1.4","0.1","1001.5","2.6","4.04","0.0","0.0"
"2026/09/04 20:47:00","21.9","80.0","011","101","286","0.6","1.5","0.2","1001.5","4.1","4.11","0.0","0.0"
"2026/09/04 20:48:00","21.9","80.0","006","028","341","1.6","2.5","0.6","1001.4","5.2","4.20","0.0","0.0"
"2026/09/04 20:49:00","21.9","80.4","033","096","330","1.2","2.0","0.3","1001.4","3.4","4.25","0.0","0.0"
"2026/09/04 20:50:00","21.9","80.6","033","059","357","2.1","2.9","1.0","1001.4","3.7","4.32","0.0","0.0"
"2026/09/04 20:51:00","21.9","80.7","037","103","340","1.1","2.4","0.3","1001.3","2.9","4.36","0.0","0.0"
"2026/09/04 20:52:00","21.9","81.0","028","085","318","1.3","2.3","0.1","1001.3","1.7","4.38","0.0","0.0"
"2026/09/04 20:53:00","21.9","81.2","013","117","266","0.9","2.2","0.2","1001.4","1.0","4.40","0.0","0.0"
"2026/09/04 20:54:00","21.9","81.4","029","083","342","1.2","2.3","0.5","1001.4","1.1","4.43","0.0","0.0"
"2026/09/04 20:55:00","21.9","81.5","038","084","341","1.1","2.1","0.3","1001.5","1.5","4.45","0.0","0.0"
"2026/09/04 20:56:00","21.9","81.6","018","118","276","0.9","2.0","0.1","1001.5","1.3","4.47","0.0","0.0"
"2026/09/04 20:57:00","21.9","81.6","075","156","341","1.3","2.5","0.1","1001.6","2.2","4.51","0.0","0.0"
"2026/09/04 20:58:00","21.9","81.8","062","098","024","1.4","2.2","0.5","1001.6","2.4","4.55","0.0","0.0"
"2026/09/04 20:59:00","21.9","81.9","061","095","035","1.8","2.7","0.9","1001.6","1.5","4.57","0.0","0.0"
"2026/09/04 21:00:00","21.9","82.1","056","082","358","1.6","2.2","0.7","1001.6","0.8","4.59","0.0","0.0"
"2026/09/04 21:01:00","21.9","82.5","324","082","260","1.0","1.9","0.2","1001.6","1.1","4.61","0.0","0.0"
"2026/09/04 21:02:00","21.9","82.8","319","061","264","0.6","1.3","0.1","1001.6","1.0","4.62","0.0","0.0"
"2026/09/04 21:03:00","21.8","82.2","038","102","355","1.0","1.8","0.2","1001.6","0.7","4.64","0.0","0.0"
"2026/09/04 21:04:00","21.7","81.8","044","085","352","1.2","1.8","0.7","1001.6","1.2","4.66","0.0","0.0"
"2026/09/04 21:05:00","21.7","81.2","046","069","352","1.4","1.9","0.7","1001.6","1.1","4.68","0.0","0.0"
"2026/09/04 21:06:00","21.7","80.8","043","075","354","1.5","2.8","0.7","1001.5","0.8","4.69","0.0","0.0"
"2026/09/04 21:07:00","21.7","80.3","047","094","016","1.5","2.4","0.2","1001.5","0.6","4.70","0.0","0.0"
"2026/09/04 21:08:00","21.7","80.6","037","081","352","1.4","2.0","0.6","1001.5","0.8","4.72","0.0","0.0"
"2026/09/04 21:09:00","21.7","80.3","052","069","029","1.1","1.4","0.5","1001.4","0.8","4.73","0.0","0.0"
"2026/09/04 21:10:00","21.7","80.5","070","096","046","1.0","1.8","0.7","1001.4","0.9","4.75","0.0","0.0"
"2026/09/04 21:11:00","21.7","80.5","053","074","029","1.8","2.4","1.4","1001.3","1.2","4.77","0.0","0.0"
"2026/09/04 21:12:00","21.7","80.4","053","124","345","1.1","2.0","0.2","1001.3","0.9","4.78","0.0","0.0"
"2026/09/04 21:13:00","21.7","80.4","059","091","030","1.5","2.4","0.9","1001.3","0.4","4.79","0.0","0.0"
"2026/09/04 21:14:00","21.7","81.0","037","078","358","1.6","2.1","0.6","1001.3","0.1","4.79","0.0","0.0"
"2026/09/04 21:15:00","21.8","81.3","023","114","263","0.8","1.8","0.1","1001.3","0.3","4.80","0.0","0.0"
"2026/09/04 21:16:00","21.7","81.3","047","101","334","0.6","1.1","0.1","1001.4","0.2","4.80","0.0","0.0"
"2026/09/04 21:17:00","21.7","81.2","059","084","019","0.5","0.9","0.2","1001.5","0.2","4.81","0.0","0.0"
"2026/09/04 21:18:00","21.7","81.7","301","081","211","0.4","0.7","0.1","1001.6","0.3","4.81","0.0","0.0"
"2026/09/04 21:19:00","21.7","82.1","270","008","166","0.5","0.9","0.1","1001.7","0.8","4.83","0.0","0.0"
"2026/09/04 21:20:00","21.7","82.5","289","023","214","0.5","1.0","0.1","1001.7","0.6","4.84","0.0","0.0"
"2026/09/04 21:21:00","21.7","83.1","294","061","235","0.7","1.6","0.2","1001.8","0.4","4.85","0.0","0.0"
"2026/09/04 21:22:00","21.6","83.6","299","099","196","0.5","1.4","0.1","1001.8","0.5","4.86","0.0","0.0"
"2026/09/04 21:23:00","21.6","84.1","295","069","200","0.8","2.0","0.2","1001.8","1.0","4.87","0.0","0.0"
"2026/09/04 21:24:00","21.6","84.4","272","319","220","1.1","2.0","0.1","1001.8","0.9","4.89","0.0","0.0"
"2026/09/04 21:25:00","21.6","84.8","247","342","095","0.8","1.9","0.1","1001.8","0.6","4.90","0.0","0.0"
"2026/09/04 21:26:00","21.6","85.1","270","056","162","0.7","1.7","0.1","1001.8","0.4","4.91","0.0","0.0"
"2026/09/04 21:27:00","21.6","85.4","238","025","107","0.8","1.7","0.2","1001.8","1.3","4.93","0.0","0.0"
"2026/09/04 21:28:00","21.6","85.6","252","321","196","0.8","1.3","0.2","1001.8","0.9","4.94","0.0","0.0"
"2026/09/04 21:29:00","21.5","85.9","269","021","131","0.9","1.6","0.2","1001.8","0.7","4.96","0.0","0.0"
"2026/09/04 21:30:00","21.5","86.1","274","045","172","0.4","1.0","0.0","1001.8","0.8","4.97","0.0","0.0"
"2026/09/04 21:31:00","21.5","86.3","242","307","196","0.8","1.3","0.2","1001.8","0.8","4.99","0.0","0.0"
"2026/09/04 21:32:00","21.5","86.3","273","315","218","1.0","2.1","0.1","1001.7","1.2","5.01","0.0","0.0"
"2026/09/04 21:33:00","21.5","86.4","044","160","284","0.4","0.7","0.0","1001.7","1.0","5.02","0.0","0.0"
"2026/09/04 21:34:00","21.4","86.4","018","218","235","0.4","0.7","0.1","1001.6","0.6","5.03","0.0","0.0"
"2026/09/04 21:35:00","21.4","86.2","313","337","287","0.4","0.7","0.1","1001.5","0.7","5.04","0.0","0.0"
"2026/09/04 21:36:00","21.3","85.9","357","024","312","0.4","0.6","0.2","1001.4","0.8","5.06","0.0","0.0"
"2026/09/04 21:37:00","21.3","85.8","051","087","004","0.5","0.7","0.2","1001.3","0.4","5.07","0.0","0.0"
"2026/09/04 21:38:00","21.3","85.9","085","119","072","0.6","0.7","0.4","1001.2","1.4","5.09","0.0","0.0"
"2026/09/04 21:39:00","21.3","85.8","089","110","074","0.7","0.9","0.4","1001.2","1.6","5.12","0.0","0.0"
"2026/09/04 21:40:00","21.3","85.9","096","126","066","0.6","1.0","0.2","1001.1","1.6","5.15","0.0","0.0"
"2026/09/04 21:41:00","21.3","86.0","141","216","032","0.5","1.2","0.2","1001.1","1.7","5.17","0.0","0.0"
"2026/09/04 21:42:00","21.3","86.0","124","233","050","0.6","1.1","0.0","1001.1","1.5","5.20","0.0","0.0"
"2026/09/04 21:43:00","21.3","86.1","140","311","075","0.8","1.5","0.1","1001.0","2.6","5.25","0.0","0.0"
"2026/09/04 21:44:00","21.3","86.2","122","228","097","1.0","1.6","0.1","1001.0","2.1","5.28","0.0","0.0"
"2026/09/04 21:45:00","21.4","86.3","145","293","035","0.7","1.4","0.1","1001.0","2.3","5.32","0.0","0.0"
"2026/09/04 21:46:00","21.4","86.3","121","247","066","1.2","2.0","0.1","1001.1","1.8","5.35","0.0","0.0"
"2026/09/04 21:47:00","21.4","86.5","128","161","073","1.1","1.5","0.2","1001.1","1.3","5.38","0.0","0.0"
"2026/09/04 21:48:00","21.4","86.6","173","295","133","0.6","1.0","0.1","1001.2","1.7","5.40","0.0","0.0"
"2026/09/04 21:49:00","21.4","86.6","179","215","135","0.7","1.1","0.3","1001.2","1.3","5.42","0.0","0.0"
"2026/09/04 21:50:00","21.4","86.7","168","210","135","0.7","1.1","0.5","1001.3","0.7","5.44","0.0","0.0"
"2026/09/04 21:51:00","21.4","86.7","172","213","115","0.5","0.9","0.2","1001.3","2.7","5.48","0.0","0.0"
"2026/09/04 21:52:00","21.4","86.6","167","186","144","0.5","0.9","0.4","1001.3","4.0","5.55","0.0","0.0"
"2026/09/04 21:53:00","21.3","86.6","210","328","081","0.3","0.6","0.1","1001.3","3.0","5.60","0.0","0.0"
"2026/09/04 21:54:00","21.3","86.7","256","071","226","0.3","0.7","0.1","1001.3","1.5","5.63","0.0","0.0"
"2026/09/04 21:55:00","21.3","86.9","298","080","191","0.3","0.7","0.0","1001.4","1.3","5.65","0.0","0.0"
"2026/09/04 21:56:00","21.3","87.0","317","086","152","0.3","0.8","0.0","1001.4","1.1","5.67","0.0","0.0"
"2026/09/04 21:57:00","21.3","87.1","265","039","196","0.5","1.1","0.0","1001.5","0.7","5.68","0.0","0.0"
"2026/09/04 21:58:00","21.3","87.2","270","065","120","0.6","1.4","0.1","1001.5","1.5","5.71","0.0","0.0"
"2026/09/04 21:59:00","21.3","87.2","228","294","111","0.4","1.0","0.1","1001.5","1.5","5.73","0.0","0.0"
"2026/09/04 22:00:00","21.3","87.3","225","256","193","0.7","1.0","0.3","1001.6","1.9","5.76","0.0","0.0"
"2026/09/04 22:01:00","21.3","87.4","232","267","209","0.8","1.2","0.4","1001.6","1.9","5.80","0.0","0.0"
"2026/09/04 22:02:00","21.3","87.5","205","254","174","0.8","1.1","0.4","1001.6","2.7","5.85","0.0","0.0"
"2026/09/04 22:03:00","21.3","87.5","221","276","185","0.6","1.2","0.2","1001.5","2.6","5.89","0.0","0.0"
"2026/09/04 22:04:00","21.3","87.6","220","283","155","0.5","0.8","0.0","1001.5","1.5","5.91","0.0","0.0"
"2026/09/04 22:05:00","21.3","87.6","248","333","143","0.3","0.6","0.0","1001.5","0.9","5.93","0.0","0.0"
"2026/09/04 22:06:00","21.3","87.7","187","312","090","0.4","0.8","0.1","1001.5","1.3","5.95","0.0","0.0"
"2026/09/04 22:07:00","21.3","87.7","198","296","167","0.7","1.4","0.1","1001.5","1.4","5.98","0.0","0.0"
"2026/09/04 22:08:00","21.3","87.8","191","265","145","0.9","1.3","0.2","1001.5","2.7","6.02","0.0","0.0"
"2026/09/04 22:09:00","21.3","87.9","213","284","150","0.7","1.4","0.2","1001.5","2.4","6.07","0.0","0.0"
"2026/09/04 22:10:00","21.3","87.9","194","248","143","1.1","1.6","0.6","1001.5","3.2","6.12","0.0","0.0"
"2026/09/04 22:11:00","21.2","88.0","191","242","143","1.0","1.5","0.4","1001.5","3.2","6.18","0.0","0.0"
"2026/09/04 22:12:00","21.2","88.0","184","254","133","1.0","1.9","0.4","1001.5","2.9","6.22","0.0","0.0"
"2026/09/04 22:13:00","21.2","88.1","205","257","141","1.0","1.7","0.1","1001.5","3.0","6.27","0.0","0.0"
"2026/09/04 22:14:00","21.1","88.1","191","336","107","0.6","1.3","0.1","1001.4","1.3","6.30","0.0","0.0"
"2026/09/04 22:15:00","21.1","88.1","191","265","089","0.7","1.3","0.0","1001.4","2.8","6.34","0.0","0.0"
"2026/09/04 22:16:00","21.1","88.0","190","221","129","0.9","1.6","0.3","1001.4","2.4","6.39","0.0","0.0"
"2026/09/04 22:17:00","21.1","88.0","189","224","106","1.0","1.7","0.2","1001.4","2.9","6.43","0.0","0.0"
"2026/09/04 22:18:00","21.0","88.1","191","214","108","0.9","1.6","0.3","1001.4","2.1","6.47","0.0","0.0"
"2026/09/04 22:19:00","21.0","88.1","189","217","124","0.8","1.5","0.2","1001.4","0.9","6.48","0.0","0.0"
"2026/09/04 22:20:00","21.0","88.1","190","234","140","0.8","1.4","0.2","1001.4","1.1","6.50","0.0","0.0"
"2026/09/04 22:21:00","21.0","88.1","223","294","187","0.7","1.4","0.1","1001.4","1.5","6.53","0.0","0.0"
"2026/09/04 22:22:00","21.0","88.1","187","213","145","0.7","1.2","0.3","1001.4","1.2","6.55","0.0","0.0"
"2026/09/04 22:23:00","21.0","88.2","199","272","109","0.4","0.7","0.0","1001.4","2.0","6.58","0.0","0.0"
"2026/09/04 22:24:00","21.0","88.2","225","298","165","0.3","0.8","0.1","1001.4","1.7","6.62","0.0","0.0"
"2026/09/04 22:25:00","21.0","88.3","199","292","094","0.4","1.0","0.0","1001.4","2.2","6.65","0.0","0.0"
"2026/09/04 22:26:00","21.0","88.3","249","297","188","0.4","0.8","0.1","1001.4","1.7","6.68","0.0","0.0"
"2026/09/04 22:27:00","21.0","88.3","201","229","172","0.5","1.2","0.0","1001.4","1.8","6.71","0.0","0.0"
"2026/09/04 22:28:00","21.0","88.3","234","310","158","0.5","0.9","0.0","1001.5","1.4","6.73","0.0","0.0"
"2026/09/04 22:29:00","21.0","88.3","192","336","071","0.2","0.5","0.0","1001.5","1.1","6.75","0.0","0.0"
"2026/09/04 22:30:00","21.0","88.4","139","248","061","0.3","0.8","0.0","1001.5","0.9","6.77","0.0","0.0"
"2026/09/04 22:31:00","21.0","88.3","262","351","213","0.7","1.5","0.1","1001.5","1.0","6.79","0.0","0.0"
"2026/09/04 22:32:00","20.9","88.1","302","028","178","0.4","0.9","0.1","1001.5","1.7","6.81","0.0","0.0"
"2026/09/04 22:33:00","20.9","88.0","266","077","101","0.3","0.8","0.1","1001.5","1.3","6.84","0.0","0.0"
"2026/09/04 22:34:00","20.8","88.0","262","068","091","0.5","1.3","0.1","1001.5","1.3","6.86","0.0","0.0"
"2026/09/04 22:35:00","20.8","88.0","258","337","123","0.5","1.1","0.0","1001.6","1.0","6.88","0.0","0.0"
"2026/09/04 22:36:00","20.8","88.0","256","304","171","0.7","1.3","0.2","1001.6","1.0","6.90","0.0","0.0"
"2026/09/04 22:37:00","20.8","88.0","259","004","153","0.6","1.1","0.1","1001.6","1.8","6.92","0.0","0.0"
"2026/09/04 22:38:00","20.8","88.1","249","058","116","0.7","1.3","0.2","1001.6","1.6","6.95","0.0","0.0"
"2026/09/04 22:39:00","20.8","88.2","264","017","213","1.0","1.7","0.4","1001.6","1.3","6.97","0.0","0.0"
"2026/09/04 22:40:00","20.8","88.3","253","031","189","0.9","1.5","0.3","1001.6","2.0","7.01","0.0","0.0"
"2026/09/04 22:41:00","20.8","88.3","255","304","161","0.8","1.4","0.1","1001.6","1.7","7.04","0.0","0.0"
"2026/09/04 22:42:00","20.8","88.3","291","056","216","0.6","1.2","0.0","1001.5","1.5","7.06","0.0","0.0"
"2026/09/04 22:43:00","20.8","88.4","274","340","171","0.3","0.7","0.1","1001.5","0.8","7.08","0.0","0.0"
"2026/09/04 22:44:00","20.8","88.4","221","297","180","0.5","0.9","0.1","1001.4","0.7","7.09","0.0","0.0"
"2026/09/04 22:45:00","20.8","88.4","221","267","179","0.6","1.0","0.3","1001.4","0.9","7.11","0.0","0.0"
"2026/09/04 22:46:00","20.8","88.4","198","231","169","0.7","0.9","0.3","1001.3","1.5","7.13","0.0","0.0"
"2026/09/04 22:47:00","20.8","88.4","197","209","177","0.8","1.1","0.3","1001.3","1.3","7.15","0.0","0.0"
"2026/09/04 22:48:00","20.8","88.4","166","216","101","0.7","1.1","0.2","1001.2","1.4","7.18","0.0","0.0"
"2026/09/04 22:49:00","20.8","88.3","163","216","117","0.7","1.3","0.2","1001.2","0.8","7.19","0.0","0.0"
"2026/09/04 22:50:00","20.7","88.3","125","184","097","0.7","1.1","0.2","1001.1","0.7","7.20","0.0","0.0"
"2026/09/04 22:51:00","20.8","88.4","161","222","124","0.9","1.4","0.4","1001.1","0.5","7.21","0.0","0.0"
"2026/09/04 22:52:00","20.8","88.4","149","186","125","1.2","1.5","0.6","1001.0","0.4","7.22","0.0","0.0"
"2026/09/04 22:53:00","20.8","88.5","149","189","114","1.0","1.9","0.5","1001.0","0.3","7.23","0.0","0.0"
"2026/09/04 22:54:00","20.8","88.6","144","176","110","1.4","1.9","0.7","1000.9","0.4","7.23","0.0","0.0"
"2026/09/04 22:55:00","20.8","88.6","149","233","062","0.6","1.1","0.1","1000.9","0.2","7.24","0.0","0.0"
"2026/09/04 22:56:00","20.8","88.6","136","179","109","0.8","1.4","0.1","1000.9","0.5","7.25","0.0","0.0"
"2026/09/04 22:57:00","20.8","88.5","133","191","091","0.7","1.3","0.2","1000.9","0.8","7.26","0.0","0.0"
"2026/09/04 22:58:00","20.7","88.3","126","159","102","0.9","1.4","0.6","1000.8","1.7","7.29","0.0","0.0"
"2026/09/04 22:59:00","20.7","88.1","117","229","305","0.5","1.0","0.0","1000.8","1.5","7.32","0.0","0.0"
"2026/09/04 23:00:00","20.6","87.9","121","157","090","0.7","1.1","0.4","1000.8","1.3","7.34","0.0","0.0"
"2026/09/04 23:01:00","20.5","87.6","119","151","072","0.9","1.4","0.5","1000.8","1.6","7.37","0.0","0.0"
"2026/09/04 23:02:00","20.5","87.1","118","162","091","0.6","1.0","0.4","1000.7","1.2","7.39","0.0","0.0"
"2026/09/04 23:03:00","20.4","86.8","126","184","093","0.6","0.9","0.2","1000.7","0.7","7.40","0.0","0.0"
"2026/09/04 23:04:00","20.4","86.7","156","264","073","0.2","0.5","0.0","1000.6","0.7","7.41","0.0","0.0"
"2026/09/04 23:05:00","20.5","86.7","245","017","071","0.2","0.4","0.0","1000.6","0.9","7.43","0.0","0.0"
"2026/09/04 23:06:00","20.5","86.7","094","298","025","0.2","0.5","0.0","1000.6","0.5","7.44","0.0","0.0"
"2026/09/04 23:07:00","20.5","86.7","142","290","358","0.2","0.5","0.0","1000.5","0.2","7.44","0.0","0.0"
"2026/09/04 23:08:00","20.5","86.6","158","189","135","0.4","0.8","0.1","1000.5","0.4","7.45","0.0","0.0"
"2026/09/04 23:09:00","20.5","86.6","111","153","053","0.5","0.9","0.1","1000.4","1.1","7.47","0.0","0.0"
"2026/09/04 23:10:00","20.5","86.7","094","119","057","0.8","1.1","0.4","1000.3","1.4","7.50","0.0","0.0"
"2026/09/04 23:11:00","20.6","86.7","093","107","057","1.1","1.5","0.6","1000.2","2.1","7.53","0.0","0.0"
"2026/09/04 23:12:00","20.6","86.6","083","131","046","0.8","1.3","0.2","1000.2","1.8","7.56","0.0","0.0"
"2026/09/04 23:13:00","20.6","86.6","092","123","067","1.0","1.7","0.4","1000.1","2.8","7.61","0.0","0.0"
"2026/09/04 23:14:00","20.6","86.5","106","143","070","1.1","1.7","0.5","1000.1","1.6","7.64","0.0","0.0"
"2026/09/04 23:15:00","20.6","86.4","110","146","047","1.0","1.5","0.3","1000.1","1.2","7.66","0.0","0.0"
"2026/09/04 23:16:00","20.6","86.4","101","122","073","1.2","2.0","0.7","1000.0","0.9","7.67","0.0","0.0"
"2026/09/04 23:17:00","20.6","86.3","109","167","070","1.2","1.6","0.6","1000.1","0.5","7.68","0.0","0.0"
"2026/09/04 23:18:00","20.6","86.1","097","121","085","1.5","1.9","1.0","1000.1","0.7","7.70","0.0","0.0"
"2026/09/04 23:19:00","20.6","86.1","102","156","066","1.1","1.6","0.4","1000.1","0.5","7.70","0.0","0.0"
"2026/09/04 23:20:00","20.7","86.1","102","119","078","0.9","1.6","0.3","1000.1","1.2","7.72","0.0","0.0"
"2026/09/04 23:21:00","20.7","86.0","085","149","043","0.7","1.2","0.2","1000.1","1.2","7.75","0.0","0.0"
"2026/09/04 23:22:00","20.7","86.0","068","205","303","0.4","0.8","0.0","1000.1","1.5","7.77","0.0","0.0"
"2026/09/04 23:23:00","20.7","85.8","072","086","039","0.7","1.1","0.5","1000.2","1.6","7.80","0.0","0.0"
"2026/09/04 23:24:00","20.6","85.3","036","155","297","0.2","0.6","0.0","1000.2","1.3","7.82","0.0","0.0"
"2026/09/04 23:25:00","20.6","85.4","283","320","149","0.3","0.6","0.0","1000.2","1.0","7.84","0.0","0.0"
"2026/09/04 23:26:00","20.6","85.7","186","285","084","0.2","0.6","0.0","1000.2","0.9","7.86","0.0","0.0"
"2026/09/04 23:27:00","20.6","85.9","213","301","138","0.2","0.5","0.0","1000.2","0.5","7.86","0.0","0.0"
"2026/09/04 23:28:00","20.6","86.1","228","303","183","0.3","0.6","0.1","1000.2","0.2","7.87","0.0","0.0"
"2026/09/04 23:29:00","20.6","86.2","191","224","153","0.4","0.6","0.2","1000.2","0.2","7.87","0.0","0.0"
"2026/09/04 23:30:00","20.6","86.3","202","229","181","0.5","0.7","0.3","1000.2","0.2","7.87","0.0","0.0"
"2026/09/04 23:31:00","20.6","86.2","211","233","191","0.6","0.8","0.4","1000.2","0.1","7.88","0.0","0.0"
"2026/09/04 23:32:00","20.6","86.1","200","218","172","0.6","0.9","0.4","1000.1","0.0","7.88","0.0","0.0"
"2026/09/04 23:33:00","20.5","85.8","172","191","150","0.6","0.9","0.4","1000.1","0.0","7.88","0.0","0.0"
"2026/09/04 23:34:00","20.5","85.4","155","175","143","0.5","0.8","0.3","1000.1","0.0","7.88","0.0","0.0"
"2026/09/04 23:35:00","20.4","85.2","154","184","122","0.4","0.8","0.2","1000.1","0.0","7.88","0.0","0.0"
"2026/09/04 23:36:00","20.5","85.2","175","201","141","0.4","0.7","0.1","1000.1","0.1","7.88","0.0","0.0"
"2026/09/04 23:37:00","20.5","85.2","192","229","156","0.5","0.8","0.2","1000.1","0.2","7.88","0.0","0.0"
"2026/09/04 23:38:00","20.5","85.5","203","244","172","0.7","1.0","0.4","1000.1","0.2","7.89","0.0","0.0"
"2026/09/04 23:39:00","20.6","85.7","184","236","084","0.6","1.0","0.0","1000.1","0.0","7.89","0.0","0.0"
"2026/09/04 23:40:00","20.6","85.9","200","265","124","0.6","1.0","0.2","1000.1","0.0","7.89","0.0","0.0"
