"ì˙éû","â∑ìx","éºìx","ïΩãœïóå¸","ç≈ëÂïóå¸","ç≈è¨ïóå¸","ïΩãœïóë¨","ç≈ëÂïóë¨","ç≈è¨ïóë¨","ãCà≥","âJó ã≠ìx","êœéZâJó ","ç~Ëπã≠ìx","ç~ËπêœéZ"
"2026/09/03 00:01:00","25.8","80.6","159","187","076","1.0","1.6","0.2","1001.3","0.0","0.00","0.0","0.0"
"2026/09/03 00:02:00","25.8","80.5","142","170","100","1.4","2.2","0.7","1001.3","0.0","0.00","0.0","0.0"
"2026/09/03 00:03:00","25.8","80.5","154","205","110","1.4","2.1","0.5","1001.3","0.0","0.00","0.0","0.0"
"2026/09/03 00:04:00","25.8","80.5","157","200","093","0.9","1.4","0.3","1001.3","0.0","0.00","0.0","0.0"
"2026/09/03 00:05:00","25.8","80.5","140","171","100","1.1","1.6","0.5","1001.2","0.0","0.00","0.0","0.0"
"2026/09/03 00:06:00","25.8","80.5","132","191","098","1.0","1.7","0.2","1001.2","0.0","0.00","0.0","0.0"
"2026/09/03 00:07:00","25.8","80.5","153","174","133","1.2","1.7","0.7","1001.3","0.0","0.00","0.0","0.0"
"2026/09/03 00:08:00","25.8","80.6","137","155","119","1.2","1.8","0.5","1001.3","0.0","0.00","0.0","0.0"
"2026/09/03 00:09:00","25.8","80.6","138","177","112","0.9","1.5","0.3","1001.3","0.0","0.00","0.0","0.0"
"2026/09/03 00:10:00","25.7","80.6","144","212","109","1.2","2.1","0.5","1001.3","0.0","0.00","0.0","0.0"
"2026/09/03 00:11:00","25.7","80.4","145","174","110","1.4","2.6","0.7","1001.3","0.0","0.00","0.0","0.0"
"2026/09/03 00:12:00","25.7","80.4","163","212","102","1.1","2.4","0.6","1001.3","0.0","0.00","0.0","0.0"
"2026/09/03 00:13:00","25.7","80.4","161","226","121","1.4","2.3","0.5","1001.3","0.0","0.00","0.0","0.0"
"2026/09/03 00:14:00","25.7","80.4","171","208","153","1.9","2.5","0.8","1001.4","0.0","0.00","0.0","0.0"
"2026/09/03 00:15:00","25.7","80.3","161","188","126","1.7","2.6","0.9","1001.4","0.0","0.00","0.0","0.0"
"2026/09/03 00:16:00","25.7","80.4","164","188","137","1.9","2.6","0.9","1001.4","0.0","0.00","0.0","0.0"
"2026/09/03 00:17:00","25.7","80.4","158","228","115","1.3","2.2","0.2","1001.4","0.0","0.00","0.0","0.0"
"2026/09/03 00:18:00","25.7","80.3","166","198","126","2.5","4.0","0.7","1001.4","0.0","0.00","0.0","0.0"
"2026/09/03 00:19:00","25.7","80.3","158","198","107","2.0","2.8","0.8","1001.4","0.0","0.00","0.0","0.0"
"2026/09/03 00:20:00","25.7","80.3","152","181","126","1.9","2.8","1.0","1001.5","0.0","0.00","0.0","0.0"
"2026/09/03 00:21:00","25.7","80.4","158","234","109","1.2","2.3","0.4","1001.5","0.0","0.00","0.0","0.0"
"2026/09/03 00:22:00","25.7","80.4","165","225","124","1.3","2.2","0.2","1001.5","0.0","0.00","0.0","0.0"
"2026/09/03 00:23:00","25.7","80.4","159","196","118","1.6","2.4","0.8","1001.5","0.0","0.00","0.0","0.0"
"2026/09/03 00:24:00","25.7","80.5","165","213","120","1.3","2.2","0.3","1001.4","0.0","0.00","0.0","0.0"
"2026/09/03 00:25:00","25.7","80.5","157","190","123","2.0","3.7","0.6","1001.4","0.0","0.00","0.0","0.0"
"2026/09/03 00:26:00","25.7","80.5","147","174","114","2.1","2.8","1.3","1001.4","0.0","0.00","0.0","0.0"
"2026/09/03 00:27:00","25.7","80.5","149","173","124","2.0","2.7","1.2","1001.4","0.0","0.00","0.0","0.0"
"2026/09/03 00:28:00","25.7","80.5","155","194","135","1.8","2.5","1.1","1001.3","0.0","0.00","0.0","0.0"
"2026/09/03 00:29:00","25.7","80.6","158","183","129","1.7","2.5","1.0","1001.3","0.0","0.00","0.0","0.0"
"2026/09/03 00:30:00","25.7","80.6","159","190","139","1.7","2.2","0.9","1001.3","0.0","0.00","0.0","0.0"
"2026/09/03 00:31:00","25.7","80.6","153","190","119","1.8","2.6","0.4","1001.3","0.0","0.00","0.0","0.0"
"2026/09/03 00:32:00","25.7","80.7","156","188","110","1.4","2.4","0.7","1001.3","0.0","0.00","0.0","0.0"
"2026/09/03 00:33:00","25.7","80.7","167","197","136","1.4","2.4","0.4","1001.3","0.0","0.00","0.0","0.0"
"2026/09/03 00:34:00","25.7","80.7","159","186","135","1.9","2.7","1.0","1001.3","0.0","0.00","0.0","0.0"
"2026/09/03 00:35:00","25.7","80.7","157","186","127","1.9","2.8","0.6","1001.3","0.0","0.00","0.0","0.0"
"2026/09/03 00:36:00","25.7","80.7","162","193","120","2.2","2.9","1.0","1001.3","0.0","0.00","0.0","0.0"
"2026/09/03 00:37:00","25.7","80.7","154","207","117","1.6","2.6","0.5","1001.3","0.0","0.00","0.0","0.0"
"2026/09/03 00:38:00","25.7","80.7","157","209","131","1.4","2.0","0.5","1001.3","0.0","0.00","0.0","0.0"
"2026/09/03 00:39:00","25.7","80.8","153","199","111","0.9","1.5","0.1","1001.3","0.0","0.00","0.0","0.0"
"2026/09/03 00:40:00","25.7","80.8","158","279","113","0.9","1.5","0.3","1001.3","0.0","0.00","0.0","0.0"
"2026/09/03 00:41:00","25.7","80.9","158","188","123","1.0","1.6","0.3","1001.3","0.0","0.00","0.0","0.0"
"2026/09/03 00:42:00","25.7","80.9","162","184","134","1.0","1.4","0.5","1001.3","0.0","0.00","0.0","0.0"
"2026/09/03 00:43:00","25.6","80.9","173","218","128","0.6","1.4","0.2","1001.3","0.0","0.00","0.0","0.0"
"2026/09/03 00:44:00","25.6","81.0","163","186","138","1.2","1.7","0.7","1001.3","0.0","0.00","0.0","0.0"
"2026/09/03 00:45:00","25.6","81.1","164","206","137","1.2","1.8","0.9","1001.3","0.0","0.00","0.0","0.0"
"2026/09/03 00:46:00","25.6","81.1","170","191","150","1.4","2.2","1.0","1001.3","0.0","0.00","0.0","0.0"
"2026/09/03 00:47:00","25.6","81.2","166","235","138","1.4","2.0","0.8","1001.2","0.0","0.00","0.0","0.0"
"2026/09/03 00:48:00","25.6","81.2","165","200","117","0.7","1.4","0.1","1001.2","0.0","0.00","0.0","0.0"
"2026/09/03 00:49:00","25.6","81.3","173","273","125","1.0","1.5","0.2","1001.2","0.0","0.00","0.0","0.0"
"2026/09/03 00:50:00","25.6","81.3","176","219","150","1.1","1.6","0.5","1001.2","0.0","0.00","0.0","0.0"
"2026/09/03 00:51:00","25.6","81.4","163","199","113","1.2","1.8","0.4","1001.2","0.0","0.00","0.0","0.0"
"2026/09/03 00:52:00","25.6","81.4","177","215","126","0.9","1.5","0.3","1001.3","0.0","0.00","0.0","0.0"
"2026/09/03 00:53:00","25.6","81.4","162","210","120","0.7","1.3","0.3","1001.3","0.0","0.00","0.0","0.0"
"2026/09/03 00:54:00","25.6","81.5","158","241","083","1.1","1.7","0.4","1001.3","0.0","0.00","0.0","0.0"
"2026/09/03 00:55:00","25.6","81.5","173","222","140","0.9","1.7","0.3","1001.3","0.0","0.00","0.0","0.0"
"2026/09/03 00:56:00","25.6","81.5","174","230","145","1.2","1.7","0.2","1001.3","0.0","0.00","0.0","0.0"
"2026/09/03 00:57:00","25.6","81.6","175","200","153","1.0","1.4","0.6","1001.2","0.0","0.00","0.0","0.0"
"2026/09/03 00:58:00","25.6","81.6","175","214","118","0.7","1.4","0.3","1001.2","0.0","0.00","0.0","0.0"
"2026/09/03 00:59:00","25.5","81.6","169","217","087","0.6","1.0","0.2","1001.2","0.0","0.00","0.0","0.0"
"2026/09/03 01:00:00","25.5","81.7","154","249","095","0.6","1.0","0.2","1001.2","0.0","0.00","0.0","0.0"
"2026/09/03 01:01:00","25.5","81.7","163","205","118","1.3","2.1","0.5","1001.1","0.0","0.00","0.0","0.0"
"2026/09/03 01:02:00","25.5","81.7","150","173","119","1.4","1.9","0.9","1001.1","0.0","0.00","0.0","0.0"
"2026/09/03 01:03:00","25.5","81.7","148","190","076","1.0","1.9","0.2","1001.1","0.0","0.00","0.0","0.0"
"2026/09/03 01:04:00","25.5","81.7","168","214","120","0.8","1.4","0.3","1001.1","0.0","0.00","0.0","0.0"
"2026/09/03 01:05:00","25.5","81.8","145","198","099","1.0","1.8","0.1","1001.1","0.0","0.00","0.0","0.0"
"2026/09/03 01:06:00","25.5","81.8","149","188","105","1.3","1.8","0.8","1001.1","0.0","0.00","0.0","0.0"
"2026/09/03 01:07:00","25.5","81.8","153","179","117","1.5","2.1","0.9","1001.1","0.0","0.00","0.0","0.0"
"2026/09/03 01:08:00","25.5","81.8","153","199","122","1.0","1.7","0.4","1001.1","0.0","0.00","0.0","0.0"
"2026/09/03 01:09:00","25.6","81.8","164","194","119","0.9","1.6","0.3","1001.1","0.0","0.00","0.0","0.0"
"2026/09/03 01:10:00","25.6","81.7","146","174","110","1.0","1.5","0.2","1001.1","0.0","0.00","0.0","0.0"
"2026/09/03 01:11:00","25.6","81.6","152","195","115","1.8","3.0","0.6","1001.0","0.0","0.00","0.0","0.0"
"2026/09/03 01:12:00","25.6","81.6","151","222","109","1.7","2.5","0.8","1001.1","0.0","0.00","0.0","0.0"
"2026/09/03 01:13:00","25.6","81.5","148","200","124","1.7","2.3","1.1","1001.0","0.0","0.00","0.0","0.0"
"2026/09/03 01:14:00","25.6","81.5","153","231","104","1.4","2.5","0.2","1001.0","0.0","0.00","0.0","0.0"
"2026/09/03 01:15:00","25.6","81.4","147","185","107","1.7","2.5","1.0","1001.0","0.0","0.00","0.0","0.0"
"2026/09/03 01:16:00","25.6","81.3","139","194","100","1.9","2.4","0.3","1001.0","0.0","0.00","0.0","0.0"
"2026/09/03 01:17:00","25.6","81.3","149","175","090","1.9","2.9","0.8","1001.0","0.0","0.00","0.0","0.0"
"2026/09/03 01:18:00","25.6","81.3","152","242","102","1.2","2.1","0.3","1001.0","0.0","0.00","0.0","0.0"
"2026/09/03 01:19:00","25.6","81.3","167","217","114","0.9","1.6","0.2","1001.0","0.0","0.00","0.0","0.0"
"2026/09/03 01:20:00","25.6","81.2","147","169","132","1.7","2.4","1.0","1001.0","0.0","0.00","0.0","0.0"
"2026/09/03 01:21:00","25.6","81.2","173","225","140","1.1","1.9","0.4","1001.0","0.0","0.00","0.0","0.0"
"2026/09/03 01:22:00","25.6","81.2","154","176","128","1.4","1.8","0.7","1001.0","0.0","0.00","0.0","0.0"
"2026/09/03 01:23:00","25.6","81.3","165","195","148","1.2","1.9","0.8","1001.0","0.0","0.00","0.0","0.0"
"2026/09/03 01:24:00","25.6","81.3","178","208","142","0.7","1.1","0.5","1001.0","0.0","0.00","0.0","0.0"
"2026/09/03 01:25:00","25.6","81.3","162","218","104","0.6","0.9","0.3","1001.0","0.0","0.00","0.0","0.0"
"2026/09/03 01:26:00","25.6","81.3","230","306","174","0.5","1.2","0.2","1001.0","0.0","0.00","0.0","0.0"
"2026/09/03 01:27:00","25.6","81.3","235","325","179","0.7","1.3","0.1","1001.0","0.0","0.00","0.0","0.0"
"2026/09/03 01:28:00","25.6","81.3","194","223","155","0.8","1.4","0.2","1001.0","0.0","0.00","0.0","0.0"
"2026/09/03 01:29:00","25.6","81.3","216","309","150","0.3","0.6","0.0","1001.0","0.0","0.00","0.0","0.0"
"2026/09/03 01:30:00","25.6","81.4","287","088","269","0.5","0.9","0.0","1001.0","0.0","0.00","0.0","0.0"
"2026/09/03 01:31:00","25.6","81.5","298","089","160","0.3","0.8","0.0","1001.0","0.0","0.00","0.0","0.0"
"2026/09/03 01:32:00","25.5","81.6","265","050","123","0.4","1.0","0.0","1001.0","0.0","0.00","0.0","0.0"
"2026/09/03 01:33:00","25.5","81.6","291","068","162","0.3","0.7","0.0","1001.0","0.0","0.00","0.0","0.0"
"2026/09/03 01:34:00","25.5","81.7","325","110","188","0.3","0.7","0.1","1001.0","0.0","0.00","0.0","0.0"
"2026/09/03 01:35:00","25.5","81.5","241","340","111","0.6","1.4","0.0","1001.0","0.0","0.00","0.0","0.0"
"2026/09/03 01:36:00","25.5","81.5","216","244","179","1.1","1.7","0.6","1001.0","0.0","0.00","0.0","0.0"
"2026/09/03 01:37:00","25.5","81.5","241","338","180","0.8","1.6","0.1","1001.1","0.0","0.00","0.0","0.0"
"2026/09/03 01:38:00","25.5","81.5","251","062","093","0.4","0.8","0.1","1001.1","0.0","0.00","0.0","0.0"
"2026/09/03 01:39:00","25.5","81.4","229","344","199","1.0","1.6","0.1","1001.1","0.0","0.00","0.0","0.0"
"2026/09/03 01:40:00","25.5","81.4","301","037","206","0.7","1.5","0.1","1001.1","0.0","0.00","0.0","0.0"
"2026/09/03 01:41:00","25.5","81.5","306","064","195","0.5","1.2","0.1","1001.1","0.0","0.00","0.0","0.0"
"2026/09/03 01:42:00","25.5","81.4","240","345","182","0.5","1.4","0.1","1001.1","0.0","0.00","0.0","0.0"
"2026/09/03 01:43:00","25.5","81.4","262","320","221","0.5","0.9","0.2","1001.1","0.0","0.00","0.0","0.0"
"2026/09/03 01:44:00","25.5","81.4","266","306","225","0.7","1.4","0.1","1001.1","0.0","0.00","0.0","0.0"
"2026/09/03 01:45:00","25.5","81.4","246","307","206","0.7","1.2","0.2","1001.1","0.0","0.00","0.0","0.0"
"2026/09/03 01:46:00","25.5","81.4","284","359","153","0.5","1.1","0.1","1001.2","0.0","0.00","0.0","0.0"
"2026/09/03 01:47:00","25.5","81.4","273","070","127","0.3","0.6","0.0","1001.2","0.0","0.00","0.0","0.0"
"2026/09/03 01:48:00","25.5","81.4","239","045","089","0.5","2.0","0.0","1001.2","0.0","0.00","0.0","0.0"
"2026/09/03 01:49:00","25.5","81.4","243","345","141","0.7","1.6","0.1","1001.2","0.0","0.00","0.0","0.0"
"2026/09/03 01:50:00","25.5","81.3","230","287","199","0.8","1.5","0.2","1001.1","0.0","0.00","0.0","0.0"
"2026/09/03 01:51:00","25.5","81.3","224","262","173","0.7","1.3","0.3","1001.1","0.0","0.00","0.0","0.0"
"2026/09/03 01:52:00","25.5","81.3","210","000","070","0.3","0.8","0.0","1001.1","0.0","0.00","0.0","0.0"
"2026/09/03 01:53:00","25.5","81.4","200","283","046","0.3","0.7","0.0","1001.1","0.0","0.00","0.0","0.0"
"2026/09/03 01:54:00","25.5","81.4","215","009","041","0.2","0.5","0.0","1001.1","0.0","0.00","0.0","0.0"
"2026/09/03 01:55:00","25.5","81.4","282","338","120","0.6","1.2","0.1","1001.1","0.0","0.00","0.0","0.0"
"2026/09/03 01:56:00","25.5","81.5","218","024","139","0.5","1.0","0.1","1001.2","0.0","0.00","0.0","0.0"
"2026/09/03 01:57:00","25.5","81.5","249","296","192","0.8","1.3","0.4","1001.2","0.0","0.00","0.0","0.0"
"2026/09/03 01:58:00","25.5","81.6","245","295","138","0.6","1.2","0.1","1001.2","0.0","0.00","0.0","0.0"
"2026/09/03 01:59:00","25.5","81.6","301","090","168","0.4","1.0","0.0","1001.1","0.0","0.00","0.0","0.0"
"2026/09/03 02:00:00","25.5","81.6","298","110","203","0.7","1.7","0.1","1001.1","0.0","0.00","0.0","0.0"
"2026/09/03 02:01:00","25.5","81.6","266","286","106","1.2","2.4","0.1","1001.1","0.0","0.00","0.0","0.0"
"2026/09/03 02:02:00","25.5","81.6","269","300","200","1.2","2.0","0.3","1001.1","0.0","0.00","0.0","0.0"
"2026/09/03 02:03:00","25.5","81.6","231","018","094","0.6","1.5","0.1","1001.1","0.0","0.00","0.0","0.0"
"2026/09/03 02:04:00","25.5","81.6","246","354","186","1.3","2.0","0.5","1001.1","0.0","0.00","0.0","0.0"
"2026/09/03 02:05:00","25.5","81.6","259","316","196","1.2","2.1","0.5","1001.1","0.0","0.00","0.0","0.0"
"2026/09/03 02:06:00","25.4","81.6","264","065","105","0.9","2.1","0.1","1001.1","0.0","0.00","0.0","0.0"
"2026/09/03 02:07:00","25.4","81.6","268","048","107","0.8","1.7","0.1","1001.1","0.0","0.00","0.0","0.0"
"2026/09/03 02:08:00","25.4","81.6","286","039","149","0.9","2.1","0.2","1001.1","0.0","0.00","0.0","0.0"
"2026/09/03 02:09:00","25.4","81.6","247","326","105","1.0","2.3","0.1","1001.1","0.0","0.00","0.0","0.0"
"2026/09/03 02:10:00","25.4","81.7","247","062","076","0.6","1.0","0.1","1001.1","0.0","0.00","0.0","0.0"
"2026/09/03 02:11:00","25.3","81.7","263","345","142","0.9","2.5","0.2","1001.0","0.0","0.00","0.0","0.0"
"2026/09/03 02:12:00","25.3","81.7","246","321","133","1.2","2.2","0.3","1001.1","0.0","0.00","0.0","0.0"
"2026/09/03 02:13:00","25.3","81.9","241","063","096","0.7","1.8","0.1","1001.1","0.0","0.00","0.0","0.0"
"2026/09/03 02:14:00","25.3","82.0","124","280","340","0.5","1.5","0.1","1001.1","0.0","0.00","0.0","0.0"
"2026/09/03 02:15:00","25.3","82.0","223","313","095","1.3","2.7","0.2","1001.1","0.0","0.00","0.0","0.0"
"2026/09/03 02:16:00","25.2","82.0","254","340","091","1.3","2.5","0.2","1001.1","0.0","0.00","0.0","0.0"
"2026/09/03 02:17:00","25.2","82.1","242","340","171","0.8","1.9","0.1","1001.0","0.0","0.00","0.0","0.0"
"2026/09/03 02:18:00","25.2","82.1","195","285","129","0.6","1.3","0.1","1001.0","0.0","0.00","0.0","0.0"
"2026/09/03 02:19:00","25.2","82.2","275","334","173","1.0","1.8","0.2","1001.0","0.0","0.00","0.0","0.0"
"2026/09/03 02:20:00","25.2","82.2","253","335","177","1.0","1.4","0.3","1001.0","0.0","0.00","0.0","0.0"
"2026/09/03 02:21:00","25.2","82.2","271","341","235","1.1","1.7","0.3","1000.9","0.0","0.00","0.0","0.0"
"2026/09/03 02:22:00","25.2","82.2","228","286","143","0.5","1.1","0.1","1000.9","0.0","0.00","0.0","0.0"
"2026/09/03 02:23:00","25.2","82.3","257","011","194","0.3","0.6","0.0","1000.9","0.0","0.00","0.0","0.0"
"2026/09/03 02:24:00","25.1","82.3","221","324","089","0.3","0.9","0.0","1000.9","0.0","0.00","0.0","0.0"
"2026/09/03 02:25:00","25.1","82.4","228","325","174","0.8","1.4","0.1","1000.9","0.0","0.00","0.0","0.0"
"2026/09/03 02:26:00","25.1","82.4","225","304","173","0.7","1.2","0.3","1000.9","0.0","0.00","0.0","0.0"
"2026/09/03 02:27:00","25.1","82.4","272","330","201","0.9","1.6","0.3","1000.9","0.0","0.00","0.0","0.0"
"2026/09/03 02:28:00","25.1","82.5","283","348","189","0.9","2.1","0.2","1000.9","0.0","0.00","0.0","0.0"
"2026/09/03 02:29:00","25.1","82.5","355","119","173","0.4","1.1","0.1","1000.9","0.0","0.00","0.0","0.0"
"2026/09/03 02:30:00","25.1","82.6","299","120","175","0.4","1.0","0.0","1000.9","0.0","0.00","0.0","0.0"
"2026/09/03 02:31:00","25.1","82.6","003","150","190","0.4","0.8","0.1","1000.9","0.0","0.00","0.0","0.0"
"2026/09/03 02:32:00","25.1","82.7","297","054","230","1.2","1.9","0.1","1000.9","0.0","0.00","0.0","0.0"
"2026/09/03 02:33:00","25.1","82.7","279","323","196","1.1","2.0","0.2","1000.9","0.0","0.00","0.0","0.0"
"2026/09/03 02:34:00","25.1","82.7","271","356","172","0.8","2.1","0.2","1000.8","0.0","0.00","0.0","0.0"
"2026/09/03 02:35:00","25.1","82.7","249","316","158","0.9","1.7","0.2","1000.8","0.0","0.00","0.0","0.0"
"2026/09/03 02:36:00","25.1","82.8","254","333","132","0.6","1.4","0.1","1000.8","0.0","0.00","0.0","0.0"
"2026/09/03 02:37:00","25.1","82.8","247","030","093","0.8","1.6","0.1","1000.7","0.0","0.00","0.0","0.0"
"2026/09/03 02:38:00","25.1","82.8","266","311","202","1.2","2.2","0.2","1000.7","0.0","0.00","0.0","0.0"
"2026/09/03 02:39:00","25.1","82.8","196","326","082","0.6","1.3","0.1","1000.7","0.0","0.00","0.0","0.0"
"2026/09/03 02:40:00","25.0","82.8","195","342","011","0.5","1.7","0.1","1000.7","0.0","0.00","0.0","0.0"
"2026/09/03 02:41:00","25.0","82.8","215","307","096","0.7","1.7","0.1","1000.7","0.0","0.00","0.0","0.0"
"2026/09/03 02:42:00","25.0","82.9","277","356","102","0.6","1.2","0.1","1000.7","0.0","0.00","0.0","0.0"
"2026/09/03 02:43:00","25.0","82.9","239","345","107","0.4","0.9","0.1","1000.7","0.0","0.00","0.0","0.0"
"2026/09/03 02:44:00","25.0","82.9","297","066","120","0.3","0.8","0.1","1000.7","0.0","0.00","0.0","0.0"
"2026/09/03 02:45:00","25.0","82.9","308","046","218","0.3","0.7","0.1","1000.7","0.0","0.00","0.0","0.0"
"2026/09/03 02:46:00","25.0","82.8","313","065","178","0.3","0.6","0.0","1000.6","0.0","0.00","0.0","0.0"
"2026/09/03 02:47:00","25.0","82.8","272","346","182","0.2","0.5","0.0","1000.6","0.0","0.00","0.0","0.0"
"2026/09/03 02:48:00","25.0","82.8","305","346","266","0.4","0.8","0.2","1000.6","0.0","0.00","0.0","0.0"
"2026/09/03 02:49:00","25.0","82.8","234","077","157","0.3","0.5","0.0","1000.6","0.0","0.00","0.0","0.0"
"2026/09/03 02:50:00","25.0","82.8","222","254","123","0.4","0.8","0.1","1000.6","0.0","0.00","0.0","0.0"
"2026/09/03 02:51:00","25.0","82.7","247","281","195","0.6","1.1","0.2","1000.6","0.0","0.00","0.0","0.0"
"2026/09/03 02:52:00","25.0","82.7","230","272","196","0.5","0.9","0.1","1000.5","0.0","0.00","0.0","0.0"
"2026/09/03 02:53:00","25.0","82.7","213","024","062","0.3","0.7","0.0","1000.5","0.0","0.00","0.0","0.0"
"2026/09/03 02:54:00","25.0","82.7","265","056","146","0.2","0.4","0.0","1000.5","0.0","0.00","0.0","0.0"
"2026/09/03 02:55:00","25.0","82.7","287","090","227","0.2","0.4","0.0","1000.4","0.0","0.00","0.0","0.0"
"2026/09/03 02:56:00","25.0","82.7","274","022","215","0.2","0.5","0.0","1000.4","0.0","0.00","0.0","0.0"
"2026/09/03 02:57:00","24.9","82.8","212","317","168","0.2","0.4","0.1","1000.4","0.0","0.00","0.0","0.0"
"2026/09/03 02:58:00","24.9","82.8","195","223","168","0.3","0.5","0.1","1000.3","0.0","0.00","0.0","0.0"
"2026/09/03 02:59:00","24.9","82.9","207","230","184","0.3","0.5","0.1","1000.4","0.0","0.00","0.0","0.0"
"2026/09/03 03:00:00","24.9","82.9","234","262","210","0.3","0.5","0.2","1000.4","0.0","0.00","0.0","0.0"
"2026/09/03 03:01:00","24.9","82.9","264","281","250","0.5","0.7","0.3","1000.4","0.0","0.00","0.0","0.0"
"2026/09/03 03:02:00","24.9","83.0","263","311","232","0.5","0.7","0.3","1000.4","0.0","0.00","0.0","0.0"
"2026/09/03 03:03:00","24.9","83.1","280","324","262","0.7","0.9","0.2","1000.4","0.0","0.00","0.0","0.0"
"2026/09/03 03:04:00","24.9","83.1","286","089","224","0.4","0.9","0.0","1000.4","0.0","0.00","0.0","0.0"
"2026/09/03 03:05:00","24.9","83.2","278","001","219","0.3","0.7","0.1","1000.3","0.0","0.00","0.0","0.0"
"2026/09/03 03:06:00","24.9","83.2","261","089","190","0.3","0.9","0.0","1000.3","0.0","0.00","0.0","0.0"
"2026/09/03 03:07:00","24.9","83.2","210","232","172","0.5","1.0","0.3","1000.3","0.0","0.00","0.0","0.0"
"2026/09/03 03:08:00","24.9","83.2","200","279","155","0.4","0.7","0.1","1000.3","0.0","0.00","0.0","0.0"
"2026/09/03 03:09:00","24.9","83.2","217","244","198","0.4","0.6","0.2","1000.3","0.0","0.00","0.0","0.0"
"2026/09/03 03:10:00","24.9","83.2","191","228","171","0.3","0.5","0.1","1000.2","0.0","0.00","0.0","0.0"
"2026/09/03 03:11:00","24.9","83.2","188","196","168","0.4","0.5","0.2","1000.2","0.0","0.00","0.0","0.0"
"2026/09/03 03:12:00","24.9","83.2","176","191","163","0.4","0.6","0.2","1000.2","0.0","0.00","0.0","0.0"
"2026/09/03 03:13:00","24.9","83.2","183","194","167","0.4","0.5","0.2","1000.1","0.0","0.00","0.0","0.0"
"2026/09/03 03:14:00","24.9","83.1","206","236","183","0.2","0.5","0.1","1000.1","0.0","0.00","0.0","0.0"
"2026/09/03 03:15:00","24.9","83.1","179","011","044","0.1","0.2","0.0","1000.1","0.0","0.00","0.0","0.0"
"2026/09/03 03:16:00","24.9","83.2","062","073","016","0.2","0.4","0.1","1000.0","0.0","0.00","0.0","0.0"
"2026/09/03 03:17:00","24.9","83.3","063","100","016","0.3","0.4","0.1","1000.1","0.0","0.00","0.0","0.0"
"2026/09/03 03:18:00","24.9","83.3","002","052","307","0.1","0.3","0.0","1000.1","0.0","0.00","0.0","0.0"
"2026/09/03 03:19:00","24.9","83.4","304","321","280","0.3","0.5","0.1","1000.1","0.0","0.00","0.0","0.0"
"2026/09/03 03:20:00","24.9","83.4","270","298","239","0.4","0.7","0.2","1000.1","0.0","0.00","0.0","0.0"
"2026/09/03 03:21:00","24.9","83.4","211","296","089","0.2","0.5","0.0","1000.1","0.0","0.00","0.0","0.0"
"2026/09/03 03:22:00","24.9","83.5","236","307","105","0.4","0.8","0.1","1000.1","0.0","0.00","0.0","0.0"
"2026/09/03 03:23:00","24.9","83.5","268","331","177","0.4","0.8","0.1","1000.1","0.0","0.00","0.0","0.0"
"2026/09/03 03:24:00","24.9","83.6","283","037","223","0.4","0.8","0.1","1000.1","0.0","0.00","0.0","0.0"
"2026/09/03 03:25:00","24.8","83.6","272","311","214","0.6","1.0","0.2","1000.2","0.0","0.00","0.0","0.0"
"2026/09/03 03:26:00","24.8","83.6","249","345","151","0.3","0.7","0.0","1000.2","0.0","0.00","0.0","0.0"
"2026/09/03 03:27:00","24.8","83.6","254","309","218","0.7","1.2","0.2","1000.2","0.0","0.00","0.0","0.0"
"2026/09/03 03:28:00","24.8","83.6","247","307","182","0.7","1.1","0.1","1000.3","0.0","0.00","0.0","0.0"
"2026/09/03 03:29:00","24.9","83.5","268","022","089","0.4","1.0","0.1","1000.3","0.0","0.00","0.0","0.0"
"2026/09/03 03:30:00","24.9","83.5","272","064","194","0.5","1.6","0.0","1000.4","0.0","0.00","0.0","0.0"
"2026/09/03 03:31:00","24.9","83.5","293","029","109","0.7","2.3","0.1","1000.4","0.0","0.00","0.0","0.0"
"2026/09/03 03:32:00","24.9","83.5","265","036","114","0.5","1.7","0.1","1000.4","0.0","0.00","0.0","0.0"
"2026/09/03 03:33:00","24.9","83.6","353","120","155","0.6","1.3","0.1","1000.4","0.0","0.00","0.0","0.0"
"2026/09/03 03:34:00","24.9","83.6","004","181","247","0.7","1.6","0.0","1000.4","0.0","0.00","0.0","0.0"
"2026/09/03 03:35:00","24.9","83.5","274","050","198","1.2","2.8","0.1","1000.4","0.0","0.00","0.0","0.0"
"2026/09/03 03:36:00","24.9","83.6","246","320","158","0.8","2.0","0.1","1000.4","0.0","0.00","0.0","0.0"
"2026/09/03 03:37:00","24.9","83.7","214","327","096","0.7","2.0","0.1","1000.4","0.0","0.00","0.0","0.0"
"2026/09/03 03:38:00","24.9","83.7","236","339","157","0.9","1.6","0.2","1000.4","0.0","0.00","0.0","0.0"
"2026/09/03 03:39:00","24.9","83.8","282","082","126","1.0","2.3","0.2","1000.5","0.0","0.00","0.0","0.0"
"2026/09/03 03:40:00","24.9","83.9","238","302","171","0.8","1.6","0.1","1000.5","0.0","0.00","0.0","0.0"
"2026/09/03 03:41:00","24.9","83.9","249","315","170","0.8","1.5","0.2","1000.5","0.0","0.00","0.0","0.0"
"2026/09/03 03:42:00","24.9","84.0","244","341","187","0.8","1.4","0.2","1000.5","0.0","0.00","0.0","0.0"
"2026/09/03 03:43:00","24.9","84.0","256","359","107","0.6","1.1","0.1","1000.5","0.0","0.00","0.0","0.0"
"2026/09/03 03:44:00","24.8","84.1","270","352","206","0.6","1.1","0.1","1000.5","0.0","0.00","0.0","0.0"
"2026/09/03 03:45:00","24.8","84.1","263","043","086","0.4","1.1","0.0","1000.5","0.0","0.00","0.0","0.0"
"2026/09/03 03:46:00","24.8","84.1","270","100","185","0.4","1.6","0.1","1000.5","0.0","0.00","0.0","0.0"
"2026/09/03 03:47:00","24.8","84.1","199","320","064","0.2","0.6","0.0","1000.5","0.0","0.00","0.0","0.0"
"2026/09/03 03:48:00","24.8","84.1","201","332","046","0.2","0.6","0.0","1000.5","0.0","0.00","0.0","0.0"
"2026/09/03 03:49:00","24.8","84.2","217","332","058","0.3","0.7","0.1","1000.5","0.0","0.00","0.0","0.0"
"2026/09/03 03:50:00","24.8","84.3","240","051","076","0.4","1.0","0.0","1000.5","0.0","0.00","0.0","0.0"
"2026/09/03 03:51:00","24.8","84.3","263","330","174","0.4","0.9","0.1","1000.5","0.0","0.00","0.0","0.0"
"2026/09/03 03:52:00","24.8","84.2","199","302","089","0.3","0.7","0.0","1000.5","0.0","0.00","0.0","0.0"
"2026/09/03 03:53:00","24.8","84.3","294","049","132","0.5","1.0","0.0","1000.4","0.0","0.00","0.0","0.0"
"2026/09/03 03:54:00","24.8","84.3","243","328","149","0.4","0.8","0.1","1000.4","0.0","0.00","0.0","0.0"
"2026/09/03 03:55:00","24.7","84.2","253","027","081","0.7","1.8","0.1","1000.3","0.0","0.00","0.0","0.0"
"2026/09/03 03:56:00","24.7","84.2","304","335","278","0.9","1.4","0.6","1000.3","0.0","0.00","0.0","0.0"
"2026/09/03 03:57:00","24.7","84.2","296","333","267","0.9","1.4","0.5","1000.3","0.0","0.00","0.0","0.0"
"2026/09/03 03:58:00","24.8","84.2","283","009","246","0.6","0.9","0.3","1000.2","0.0","0.00","0.0","0.0"
"2026/09/03 03:59:00","24.8","84.2","291","087","154","0.3","0.6","0.0","1000.2","0.0","0.00","0.0","0.0"
"2026/09/03 04:00:00","24.8","84.2","274","037","171","0.6","1.2","0.2","1000.2","0.0","0.00","0.0","0.0"
"2026/09/03 04:01:00","24.8","84.2","233","028","085","0.4","1.3","0.0","1000.2","0.0","0.00","0.0","0.0"
"2026/09/03 04:02:00","24.8","84.1","254","329","109","0.8","1.7","0.0","1000.1","0.0","0.00","0.0","0.0"
"2026/09/03 04:03:00","24.8","84.1","256","322","187","0.9","1.4","0.3","1000.1","0.0","0.00","0.0","0.0"
"2026/09/03 04:04:00","24.8","84.1","276","023","201","0.8","1.7","0.2","1000.1","0.0","0.00","0.0","0.0"
"2026/09/03 04:05:00","24.8","84.0","260","050","113","0.6","1.1","0.1","1000.2","0.0","0.00","0.0","0.0"
"2026/09/03 04:06:00","24.8","84.0","248","341","096","0.8","1.9","0.1","1000.2","0.0","0.00","0.0","0.0"
"2026/09/03 04:07:00","24.8","84.0","244","318","166","0.9","1.7","0.3","1000.2","0.0","0.00","0.0","0.0"
"2026/09/03 04:08:00","24.8","84.0","276","359","236","1.2","1.8","0.4","1000.2","0.0","0.00","0.0","0.0"
"2026/09/03 04:09:00","24.8","84.0","280","013","231","1.4","2.2","0.5","1000.2","0.0","0.00","0.0","0.0"
"2026/09/03 04:10:00","24.8","83.9","263","316","198","0.9","1.4","0.2","1000.3","0.0","0.00","0.0","0.0"
"2026/09/03 04:11:00","24.8","83.9","234","338","151","0.7","1.8","0.1","1000.3","0.0","0.00","0.0","0.0"
"2026/09/03 04:12:00","24.8","84.0","292","065","111","0.6","1.7","0.1","1000.3","0.0","0.00","0.0","0.0"
"2026/09/03 04:13:00","24.8","84.0","246","355","177","0.7","1.7","0.1","1000.3","0.0","0.00","0.0","0.0"
"2026/09/03 04:14:00","24.8","84.0","258","001","129","0.6","1.2","0.2","1000.3","0.0","0.00","0.0","0.0"
"2026/09/03 04:15:00","24.8","84.0","258","307","181","0.7","1.4","0.1","1000.3","0.0","0.00","0.0","0.0"
"2026/09/03 04:16:00","24.8","84.0","236","323","117","0.7","1.5","0.2","1000.3","0.0","0.00","0.0","0.0"
"2026/09/03 04:17:00","24.8","84.0","222","292","101","0.6","1.4","0.1","1000.2","0.0","0.00","0.0","0.0"
"2026/09/03 04:18:00","24.8","84.1","263","003","119","0.3","0.8","0.1","1000.2","0.0","0.00","0.0","0.0"
"2026/09/03 04:19:00","24.8","84.1","195","287","025","0.4","0.7","0.0","1000.2","0.0","0.00","0.0","0.0"
"2026/09/03 04:20:00","24.7","84.1","237","032","131","0.4","0.9","0.1","1000.2","0.0","0.00","0.0","0.0"
"2026/09/03 04:21:00","24.7","84.0","271","357","172","0.4","0.9","0.1","1000.2","0.0","0.00","0.0","0.0"
"2026/09/03 04:22:00","24.7","84.0","236","344","200","0.6","1.1","0.0","1000.1","0.0","0.00","0.0","0.0"
"2026/09/03 04:23:00","24.7","84.1","232","266","111","0.7","1.1","0.1","1000.1","0.0","0.00","0.0","0.0"
"2026/09/03 04:24:00","24.7","84.0","233","314","095","0.4","0.8","0.1","1000.1","0.0","0.00","0.0","0.0"
"2026/09/03 04:25:00","24.7","84.1","248","357","114","0.4","0.9","0.0","1000.0","0.0","0.00","0.0","0.0"
"2026/09/03 04:26:00","24.7","84.1","241","284","206","0.7","1.0","0.3","1000.0","0.0","0.00","0.0","0.0"
"2026/09/03 04:27:00","24.7","84.1","242","338","088","0.4","0.7","0.0","1000.0","0.0","0.00","0.0","0.0"
"2026/09/03 04:28:00","24.7","84.1","237","293","135","0.4","0.9","0.1","1000.0","0.0","0.00","0.0","0.0"
"2026/09/03 04:29:00","24.7","84.1","231","013","131","0.2","0.4","0.0","1000.0","0.0","0.00","0.0","0.0"
"2026/09/03 04:30:00","24.7","84.1","287","017","237","0.3","0.7","0.0","999.9","0.0","0.00","0.0","0.0"
"2026/09/03 04:31:00","24.7","84.1","277","012","103","0.4","0.9","0.0","999.9","0.0","0.00","0.0","0.0"
"2026/09/03 04:32:00","24.7","84.1","326","023","287","0.5","0.9","0.1","999.9","0.0","0.00","0.0","0.0"
"2026/09/03 04:33:00","24.7","84.1","266","333","203","0.7","1.3","0.2","999.9","0.0","0.00","0.0","0.0"
"2026/09/03 04:34:00","24.7","84.1","252","281","197","0.5","0.9","0.2","999.9","0.0","0.00","0.0","0.0"
"2026/09/03 04:35:00","24.7","84.1","267","352","148","0.4","0.8","0.1","999.9","0.0","0.00","0.0","0.0"
"2026/09/03 04:36:00","24.7","83.9","291","023","173","0.9","1.4","0.1","999.9","0.0","0.00","0.0","0.0"
"2026/09/03 04:37:00","24.7","83.8","251","317","149","0.8","1.5","0.1","999.9","0.0","0.00","0.0","0.0"
"2026/09/03 04:38:00","24.7","83.9","253","288","208","0.7","1.1","0.1","999.9","0.0","0.00","0.0","0.0"
"2026/09/03 04:39:00","24.7","83.9","269","329","199","0.5","1.0","0.1","999.9","0.0","0.00","0.0","0.0"
"2026/09/03 04:40:00","24.7","83.8","323","097","206","0.3","0.5","0.1","999.9","0.0","0.00","0.0","0.0"
"2026/09/03 04:41:00","24.7","83.7","255","333","186","0.5","1.0","0.1","999.9","0.0","0.00","0.0","0.0"
"2026/09/03 04:42:00","24.7","83.7","220","009","087","0.7","1.4","0.0","999.9","0.0","0.00","0.0","0.0"
"2026/09/03 04:43:00","24.7","83.7","244","351","111","0.6","1.1","0.2","1000.0","0.0","0.00","0.0","0.0"
"2026/09/03 04:44:00","24.7","83.7","273","048","138","0.4","1.2","0.1","1000.0","0.0","0.00","0.0","0.0"
"2026/09/03 04:45:00","24.7","83.7","286","052","144","0.5","1.3","0.1","999.9","0.0","0.00","0.0","0.0"
"2026/09/03 04:46:00","24.7","83.7","301","091","134","0.5","1.5","0.1","999.9","0.0","0.00","0.0","0.0"
"2026/09/03 04:47:00","24.7","83.8","317","131","159","0.5","1.0","0.1","999.9","0.0","0.00","0.0","0.0"
"2026/09/03 04:48:00","24.7","83.8","295","112","190","0.5","1.0","0.0","999.8","0.0","0.00","0.0","0.0"
"2026/09/03 04:49:00","24.7","83.8","216","283","117","0.6","1.2","0.3","999.8","0.0","0.00","0.0","0.0"
"2026/09/03 04:50:00","24.7","83.8","098","281","301","0.4","1.3","0.0","999.8","0.0","0.00","0.0","0.0"
"2026/09/03 04:51:00","24.7","83.7","299","320","187","1.0","1.8","0.4","999.7","0.0","0.00","0.0","0.0"
"2026/09/03 04:52:00","24.7","83.7","230","298","188","0.5","0.9","0.3","999.8","0.0","0.00","0.0","0.0"
"2026/09/03 04:53:00","24.7","83.7","214","021","070","0.3","0.7","0.1","999.8","0.0","0.00","0.0","0.0"
"2026/09/03 04:54:00","24.7","83.7","207","244","149","0.6","1.0","0.2","999.8","0.0","0.00","0.0","0.0"
"2026/09/03 04:55:00","24.7","83.5","205","257","163","0.7","1.0","0.2","999.8","0.0","0.00","0.0","0.0"
"2026/09/03 04:56:00","24.6","83.4","189","209","160","0.6","0.7","0.3","999.7","0.0","0.00","0.0","0.0"
"2026/09/03 04:57:00","24.6","83.3","185","208","159","0.6","0.8","0.4","999.7","0.0","0.00","0.0","0.0"
"2026/09/03 04:58:00","24.6","83.3","151","175","123","0.4","0.8","0.1","999.6","0.0","0.00","0.0","0.0"
"2026/09/03 04:59:00","24.6","83.4","090","171","028","0.4","1.0","0.0","999.5","0.0","0.00","0.0","0.0"
"2026/09/03 05:00:00","24.6","83.4","078","095","063","0.8","1.0","0.6","999.5","0.0","0.00","0.0","0.0"
"2026/09/03 05:01:00","24.7","83.2","092","115","076","0.6","1.0","0.4","999.5","0.0","0.00","0.0","0.0"
"2026/09/03 05:02:00","24.7","83.2","103","210","343","0.4","0.6","0.1","999.5","0.0","0.00","0.0","0.0"
"2026/09/03 05:03:00","24.7","83.2","193","228","074","0.4","0.6","0.1","999.6","0.0","0.00","0.0","0.0"
"2026/09/03 05:04:00","24.7","83.3","193","209","178","0.5","0.7","0.3","999.5","0.0","0.00","0.0","0.0"
"2026/09/03 05:05:00","24.7","83.2","167","201","133","0.5","0.7","0.2","999.5","0.0","0.00","0.0","0.0"
"2026/09/03 05:06:00","24.7","83.1","158","320","068","0.2","0.4","0.0","999.5","0.0","0.00","0.0","0.0"
"2026/09/03 05:07:00","24.7","83.1","163","188","121","0.5","0.7","0.1","999.5","0.0","0.00","0.0","0.0"
"2026/09/03 05:08:00","24.7","83.1","159","209","074","0.3","0.8","0.1","999.4","0.0","0.00","0.0","0.0"
"2026/09/03 05:09:00","24.7","83.0","117","222","047","0.3","0.7","0.0","999.4","0.0","0.00","0.0","0.0"
"2026/09/03 05:10:00","24.7","83.0","159","318","331","0.3","0.6","0.0","999.4","0.0","0.00","0.0","0.0"
"2026/09/03 05:11:00","24.7","83.0","105","128","077","0.6","0.9","0.3","999.4","0.0","0.00","0.0","0.0"
"2026/09/03 05:12:00","24.7","83.0","138","239","308","0.3","0.9","0.0","999.4","0.0","0.00","0.0","0.0"
"2026/09/03 05:13:00","24.7","82.9","167","331","161","0.5","1.0","0.0","999.4","0.0","0.00","0.0","0.0"
"2026/09/03 05:14:00","24.7","82.9","193","229","163","0.6","0.9","0.3","999.4","0.0","0.00","0.0","0.0"
"2026/09/03 05:15:00","24.8","83.0","194","219","171","0.6","0.8","0.5","999.5","0.0","0.00","0.0","0.0"
"2026/09/03 05:16:00","24.8","83.2","224","244","200","0.6","1.0","0.2","999.5","0.0","0.00","0.0","0.0"
"2026/09/03 05:17:00","24.8","83.2","220","240","200","0.9","1.2","0.5","999.6","0.0","0.00","0.0","0.0"
"2026/09/03 05:18:00","24.7","83.3","215","306","091","0.6","1.0","0.2","999.6","0.0","0.00","0.0","0.0"
"2026/09/03 05:19:00","24.7","83.4","245","329","203","0.6","1.0","0.1","999.6","0.0","0.00","0.0","0.0"
"2026/09/03 05:20:00","24.7","83.5","239","336","089","0.3","0.6","0.0","999.6","0.0","0.00","0.0","0.0"
"2026/09/03 05:21:00","24.7","83.5","225","280","151","0.4","0.8","0.1","999.6","0.0","0.00","0.0","0.0"
"2026/09/03 05:22:00","24.7","83.6","207","275","166","0.3","0.7","0.1","999.6","0.0","0.00","0.0","0.0"
"2026/09/03 05:23:00","24.7","83.6","184","294","089","0.2","0.5","0.0","999.7","0.0","0.00","0.0","0.0"
"2026/09/03 05:24:00","24.7","83.7","195","280","152","0.4","0.7","0.0","999.7","0.0","0.00","0.0","0.0"
"2026/09/03 05:25:00","24.7","83.8","187","331","048","0.3","0.5","0.1","999.7","0.0","0.00","0.0","0.0"
"2026/09/03 05:26:00","24.6","83.9","204","310","071","0.5","1.1","0.1","999.6","0.0","0.00","0.0","0.0"
"2026/09/03 05:27:00","24.6","84.0","197","248","146","0.5","0.8","0.2","999.6","0.0","0.00","0.0","0.0"
"2026/09/03 05:28:00","24.6","84.1","195","230","136","0.6","0.9","0.2","999.6","0.0","0.00","0.0","0.0"
"2026/09/03 05:29:00","24.6","84.2","195","222","159","0.6","0.8","0.2","999.5","0.0","0.00","0.0","0.0"
"2026/09/03 05:30:00","24.6","84.3","183","213","153","0.5","0.8","0.2","999.5","0.0","0.00","0.0","0.0"
"2026/09/03 05:31:00","24.6","84.3","203","220","180","0.5","0.7","0.3","999.5","0.0","0.00","0.0","0.0"
"2026/09/03 05:32:00","24.5","84.4","174","203","146","0.6","1.0","0.3","999.4","0.0","0.00","0.0","0.0"
"2026/09/03 05:33:00","24.5","84.5","158","236","062","0.2","0.6","0.0","999.4","0.0","0.00","0.0","0.0"
"2026/09/03 05:34:00","24.5","84.5","090","192","053","0.2","0.4","0.0","999.3","0.0","0.00","0.0","0.0"
"2026/09/03 05:35:00","24.5","84.5","089","143","054","0.3","0.4","0.1","999.3","0.0","0.00","0.0","0.0"
"2026/09/03 05:36:00","24.5","84.6","117","274","129","0.1","0.4","0.0","999.4","0.0","0.00","0.0","0.0"
"2026/09/03 05:37:00","24.5","84.6","221","264","157","0.3","0.5","0.1","999.4","0.0","0.00","0.0","0.0"
"2026/09/03 05:38:00","24.5","84.6","219","272","202","0.4","0.7","0.2","999.5","0.0","0.00","0.0","0.0"
"2026/09/03 05:39:00","24.5","84.7","254","288","201","0.5","0.9","0.2","999.5","0.0","0.00","0.0","0.0"
"2026/09/03 05:40:00","24.5","84.8","240","268","225","0.6","0.9","0.4","999.6","0.0","0.00","0.0","0.0"
"2026/09/03 05:41:00","24.5","84.9","244","275","219","0.6","0.9","0.3","999.6","0.0","0.00","0.0","0.0"
"2026/09/03 05:42:00","24.5","85.0","229","266","200","0.6","0.9","0.3","999.6","0.0","0.00","0.0","0.0"
"2026/09/03 05:43:00","24.5","85.0","218","307","103","0.3","0.7","0.0","999.6","0.0","0.00","0.0","0.0"
"2026/09/03 05:44:00","24.5","85.0","189","244","150","0.7","1.0","0.3","999.6","0.0","0.00","0.0","0.0"
"2026/09/03 05:45:00","24.5","85.0","187","206","169","0.6","0.9","0.3","999.7","0.0","0.00","0.0","0.0"
"2026/09/03 05:46:00","24.5","85.0","195","222","170","0.6","0.9","0.3","999.7","0.0","0.00","0.0","0.0"
"2026/09/03 05:47:00","24.5","85.0","226","261","200","0.7","1.0","0.4","999.8","0.0","0.00","0.0","0.0"
"2026/09/03 05:48:00","24.5","85.0","245","018","200","0.6","1.1","0.2","999.8","0.0","0.00","0.0","0.0"
"2026/09/03 05:49:00","24.5","85.0","279","092","226","1.0","7.7","0.3","999.9","0.0","0.00","0.0","0.0"
"2026/09/03 05:50:00","24.5","85.0","311","103","197","0.6","1.2","0.1","999.9","0.0","0.00","0.0","0.0"
"2026/09/03 05:51:00","24.5","85.1","002","122","186","0.3","0.8","0.0","999.9","0.0","0.00","0.0","0.0"
"2026/09/03 05:52:00","24.5","85.1","085","174","331","0.3","0.8","0.1","999.9","0.0","0.00","0.0","0.0"
"2026/09/03 05:53:00","24.5","84.9","014","181","230","0.7","1.6","0.1","999.9","0.0","0.00","0.0","0.0"
"2026/09/03 05:54:00","24.5","84.8","293","076","165","0.6","1.4","0.1","999.9","0.0","0.00","0.0","0.0"
"2026/09/03 05:55:00","24.5","84.8","302","090","127","0.3","1.2","0.0","999.9","0.0","0.00","0.0","0.0"
"2026/09/03 05:56:00","24.5","84.7","222","260","202","0.7","1.2","0.3","999.9","0.0","0.00","0.0","0.0"
"2026/09/03 05:57:00","24.5","84.7","216","260","188","0.7","1.3","0.2","999.9","0.0","0.00","0.0","0.0"
"2026/09/03 05:58:00","24.5","84.6","229","269","203","0.6","1.0","0.1","999.9","0.0","0.00","0.0","0.0"
"2026/09/03 05:59:00","24.5","84.6","225","315","170","0.5","1.0","0.0","999.8","0.0","0.00","0.0","0.0"
"2026/09/03 06:00:00","24.5","84.6","315","047","200","0.4","0.9","0.1","999.8","0.0","0.00","0.0","0.0"
"2026/09/03 06:01:00","24.5","84.6","014","099","252","0.3","0.6","0.0","999.7","0.0","0.00","0.0","0.0"
"2026/09/03 06:02:00","24.5","84.6","230","069","089","0.2","0.5","0.0","999.7","0.0","0.00","0.0","0.0"
"2026/09/03 06:03:00","24.5","84.6","216","301","087","0.3","0.6","0.0","999.7","0.0","0.00","0.0","0.0"
"2026/09/03 06:04:00","24.5","84.6","259","064","077","0.3","0.6","0.0","999.6","0.0","0.00","0.0","0.0"
"2026/09/03 06:05:00","24.5","84.7","311","355","278","0.3","0.6","0.1","999.6","0.0","0.00","0.0","0.0"
"2026/09/03 06:06:00","24.5","84.7","293","357","264","0.2","0.4","0.0","999.6","0.0","0.00","0.0","0.0"
"2026/09/03 06:07:00","24.5","84.7","338","039","270","0.2","0.6","0.0","999.6","0.0","0.00","0.0","0.0"
"2026/09/03 06:08:00","24.6","84.7","016","045","342","0.5","0.6","0.3","999.6","0.0","0.00","0.0","0.0"
"2026/09/03 06:09:00","24.6","84.6","037","053","002","0.3","0.5","0.1","999.6","0.0","0.00","0.0","0.0"
"2026/09/03 06:10:00","24.6","84.6","057","148","340","0.2","0.4","0.0","999.5","0.0","0.00","0.0","0.0"
"2026/09/03 06:11:00","24.6","84.6","093","157","053","0.3","0.6","0.0","999.6","0.0","0.00","0.0","0.0"
"2026/09/03 06:12:00","24.6","84.5","086","182","023","0.3","0.5","0.1","999.5","0.0","0.00","0.0","0.0"
"2026/09/03 06:13:00","24.6","84.5","054","148","325","0.2","0.4","0.0","999.5","0.0","0.00","0.0","0.0"
"2026/09/03 06:14:00","24.6","84.4","178","233","336","0.4","0.8","0.0","999.6","0.0","0.00","0.0","0.0"
"2026/09/03 06:15:00","24.6","84.4","184","215","162","0.5","0.7","0.2","999.6","0.0","0.00","0.0","0.0"
"2026/09/03 06:16:00","24.7","84.4","189","196","176","0.4","0.6","0.2","999.6","0.0","0.00","0.0","0.0"
"2026/09/03 06:17:00","24.7","84.3","193","231","158","0.3","0.5","0.0","999.6","0.0","0.00","0.0","0.0"
"2026/09/03 06:18:00","24.7","84.3","199","220","162","0.4","0.6","0.2","999.5","0.0","0.00","0.0","0.0"
"2026/09/03 06:19:00","24.7","84.3","198","231","169","0.4","0.6","0.2","999.5","0.0","0.00","0.0","0.0"
"2026/09/03 06:20:00","24.8","84.3","185","226","110","0.4","1.0","0.0","999.5","0.0","0.00","0.0","0.0"
"2026/09/03 06:21:00","24.8","84.2","195","225","150","0.6","0.9","0.4","999.5","0.0","0.00","0.0","0.0"
"2026/09/03 06:22:00","24.8","84.2","182","197","152","0.8","1.3","0.4","999.5","0.2","0.01","0.0","0.0"
"2026/09/03 06:23:00","24.8","84.0","177","207","151","0.9","1.2","0.3","999.5","0.0","0.01","0.0","0.0"
"2026/09/03 06:24:00","24.8","84.0","181","213","152","0.9","1.5","0.3","999.5","0.0","0.01","0.0","0.0"
"2026/09/03 06:25:00","24.9","84.0","151","202","113","0.8","1.2","0.3","999.5","0.0","0.01","0.0","0.0"
"2026/09/03 06:26:00","24.9","83.9","162","205","117","0.9","1.5","0.4","999.5","0.0","0.01","0.0","0.0"
"2026/09/03 06:27:00","24.9","83.9","147","262","003","0.8","1.4","0.1","999.5","0.0","0.01","0.0","0.0"
"2026/09/03 06:28:00","24.9","83.9","159","188","118","0.8","1.4","0.3","999.5","0.0","0.01","0.0","0.0"
"2026/09/03 06:29:00","24.9","83.9","135","167","063","0.9","1.4","0.1","999.5","0.0","0.01","0.0","0.0"
"2026/09/03 06:30:00","24.9","83.8","151","191","101","1.0","1.6","0.3","999.5","0.0","0.01","0.0","0.0"
"2026/09/03 06:31:00","24.9","83.8","145","161","128","1.0","1.4","0.7","999.5","0.0","0.01","0.0","0.0"
"2026/09/03 06:32:00","25.0","83.8","154","194","129","0.8","1.2","0.2","999.5","0.0","0.01","0.0","0.0"
"2026/09/03 06:33:00","25.0","83.7","159","185","131","1.2","1.6","0.8","999.5","0.0","0.01","0.0","0.0"
"2026/09/03 06:34:00","25.0","83.6","163","187","151","1.4","2.0","0.8","999.5","0.0","0.01","0.0","0.0"
"2026/09/03 06:35:00","25.0","83.4","163","177","147","1.5","2.0","0.7","999.5","0.0","0.01","0.0","0.0"
"2026/09/03 06:36:00","25.0","83.5","164","197","123","0.7","1.2","0.2","999.5","0.0","0.01","0.0","0.0"
"2026/09/03 06:37:00","25.0","83.5","212","313","045","0.3","0.7","0.0","999.5","0.0","0.01","0.0","0.0"
"2026/09/03 06:38:00","25.1","83.3","185","218","125","0.5","1.1","0.1","999.5","0.0","0.01","0.0","0.0"
"2026/09/03 06:39:00","25.1","83.1","121","187","071","0.3","0.6","0.1","999.5","0.0","0.01","0.0","0.0"
"2026/09/03 06:40:00","25.1","83.2","202","322","007","0.2","0.4","0.0","999.5","0.0","0.01","0.0","0.0"
"2026/09/03 06:41:00","25.1","83.0","194","241","118","0.7","1.3","0.0","999.4","0.0","0.01","0.0","0.0"
"2026/09/03 06:42:00","25.1","82.7","183","210","165","0.9","1.2","0.6","999.4","0.0","0.01","0.0","0.0"
"2026/09/03 06:43:00","25.2","82.6","189","203","171","0.7","0.9","0.4","999.4","0.0","0.01","0.0","0.0"
"2026/09/03 06:44:00","25.2","82.5","197","215","176","0.7","1.1","0.4","999.3","0.0","0.01","0.0","0.0"
"2026/09/03 06:45:00","25.2","82.5","162","210","100","0.6","1.0","0.2","999.3","0.0","0.01","0.0","0.0"
"2026/09/03 06:46:00","25.2","82.5","143","229","091","0.4","0.8","0.1","999.3","0.0","0.01","0.0","0.0"
"2026/09/03 06:47:00","25.2","82.5","172","231","138","0.5","1.1","0.1","999.3","0.0","0.01","0.0","0.0"
"2026/09/03 06:48:00","25.3","82.3","184","232","162","0.8","1.2","0.3","999.3","0.0","0.01","0.0","0.0"
"2026/09/03 06:49:00","25.3","82.2","174","224","090","0.6","1.2","0.1","999.3","0.0","0.01","0.0","0.0"
"2026/09/03 06:50:00","25.3","82.0","160","203","107","0.7","1.3","0.3","999.3","0.0","0.01","0.0","0.0"
"2026/09/03 06:51:00","25.3","81.6","118","151","077","1.1","1.8","0.5","999.2","0.0","0.01","0.0","0.0"
"2026/09/03 06:52:00","25.3","81.4","121","153","074","0.9","1.4","0.2","999.3","0.0","0.01","0.0","0.0"
"2026/09/03 06:53:00","25.3","81.4","132","206","051","0.8","1.5","0.1","999.3","0.0","0.01","0.0","0.0"
"2026/09/03 06:54:00","25.4","81.5","153","256","096","0.8","1.5","0.1","999.3","0.0","0.01","0.0","0.0"
"2026/09/03 06:55:00","25.4","81.4","150","211","121","0.9","1.5","0.2","999.3","0.0","0.01","0.0","0.0"
"2026/09/03 06:56:00","25.5","81.3","159","196","126","1.0","1.5","0.4","999.2","0.0","0.01","0.0","0.0"
"2026/09/03 06:57:00","25.5","81.1","164","205","113","0.7","1.2","0.1","999.2","0.0","0.01","0.0","0.0"
"2026/09/03 06:58:00","25.6","80.8","162","282","093","0.6","1.0","0.1","999.2","0.0","0.01","0.0","0.0"
"2026/09/03 06:59:00","25.6","80.7","192","001","032","0.3","0.8","0.1","999.2","0.0","0.01","0.0","0.0"
"2026/09/03 07:00:00","25.6","80.3","149","231","055","1.0","2.3","0.1","999.2","0.0","0.01","0.0","0.0"
"2026/09/03 07:01:00","25.6","80.3","146","190","106","1.6","2.5","0.7","999.2","0.0","0.01","0.0","0.0"
"2026/09/03 07:02:00","25.6","80.3","142","182","089","1.2","2.1","0.4","999.2","0.0","0.01","0.0","0.0"
"2026/09/03 07:03:00","25.6","80.4","148","200","092","1.2","1.9","0.7","999.2","0.0","0.01","0.0","0.0"
"2026/09/03 07:04:00","25.5","80.4","140","182","119","1.7","2.4","0.8","999.2","0.0","0.01","0.0","0.0"
"2026/09/03 07:05:00","25.5","80.5","145","178","123","1.5","2.2","0.8","999.2","0.0","0.01","0.0","0.0"
"2026/09/03 07:06:00","25.5","80.6","145","188","088","1.5","2.1","0.5","999.2","0.0","0.01","0.0","0.0"
"2026/09/03 07:07:00","25.5","80.6","148","179","120","1.8","2.6","1.1","999.2","0.0","0.01","0.0","0.0"
"2026/09/03 07:08:00","25.5","80.6","158","184","119","2.0","2.7","1.0","999.2","0.0","0.01","0.0","0.0"
"2026/09/03 07:09:00","25.5","80.7","155","193","140","1.7","2.3","0.8","999.2","0.0","0.01","0.0","0.0"
"2026/09/03 07:10:00","25.5","80.7","152","190","125","1.5","2.0","0.9","999.2","0.0","0.01","0.0","0.0"
"2026/09/03 07:11:00","25.5","80.7","152","181","127","1.7","2.3","1.2","999.2","0.0","0.01","0.0","0.0"
"2026/09/03 07:12:00","25.5","80.7","156","310","069","1.2","2.4","0.1","999.2","0.0","0.01","0.0","0.0"
"2026/09/03 07:13:00","25.6","80.8","138","177","101","1.7","2.3","0.8","999.2","0.0","0.01","0.0","0.0"
"2026/09/03 07:14:00","25.6","80.8","149","259","068","0.8","2.0","0.2","999.2","0.0","0.01","0.0","0.0"
"2026/09/03 07:15:00","25.6","80.8","152","192","075","1.3","2.3","0.4","999.3","0.0","0.01","0.0","0.0"
"2026/09/03 07:16:00","25.6","80.5","146","188","087","1.3","2.1","0.7","999.3","0.0","0.01","0.0","0.0"
"2026/09/03 07:17:00","25.6","80.4","151","207","081","1.6","2.5","0.4","999.3","0.0","0.01","0.0","0.0"
"2026/09/03 07:18:00","25.6","80.2","139","183","110","2.0","2.6","1.0","999.3","0.0","0.01","0.0","0.0"
"2026/09/03 07:19:00","25.6","80.3","146","244","096","1.2","2.4","0.3","999.4","0.0","0.01","0.0","0.0"
"2026/09/03 07:20:00","25.6","80.3","146","187","118","1.6","2.4","0.8","999.4","0.0","0.01","0.0","0.0"
"2026/09/03 07:21:00","25.6","80.3","162","208","123","0.9","1.7","0.5","999.5","0.0","0.01","0.0","0.0"
"2026/09/03 07:22:00","25.6","80.3","140","193","080","1.3","2.0","0.2","999.5","0.0","0.01","0.0","0.0"
"2026/09/03 07:23:00","25.6","80.3","173","237","079","1.3","2.2","0.1","999.5","0.0","0.01","0.0","0.0"
"2026/09/03 07:24:00","25.7","80.3","162","204","102","1.3","2.0","0.6","999.6","0.0","0.01","0.0","0.0"
"2026/09/03 07:25:00","25.7","80.4","173","204","131","0.7","1.3","0.4","999.6","0.0","0.01","0.0","0.0"
"2026/09/03 07:26:00","25.7","80.4","170","231","072","0.5","1.0","0.0","999.7","0.0","0.01","0.0","0.0"
"2026/09/03 07:27:00","25.8","80.2","178","229","134","1.2","1.9","0.7","999.7","0.0","0.01","0.0","0.0"
"2026/09/03 07:28:00","25.8","80.1","193","255","136","1.4","2.1","0.6","999.7","0.0","0.01","0.0","0.0"
"2026/09/03 07:29:00","25.8","80.2","180","246","089","0.8","1.7","0.1","999.7","0.0","0.01","0.0","0.0"
"2026/09/03 07:30:00","25.9","79.9","183","246","063","0.7","1.2","0.1","999.6","0.0","0.01","0.0","0.0"
"2026/09/03 07:31:00","25.9","79.8","173","300","072","0.5","1.0","0.1","999.6","0.0","0.01","0.0","0.0"
"2026/09/03 07:32:00","25.9","79.5","192","258","123","1.0","1.7","0.2","999.6","0.0","0.01","0.0","0.0"
"2026/09/03 07:33:00","25.9","79.4","187","340","033","0.6","1.4","0.1","999.6","0.0","0.01","0.0","0.0"
"2026/09/03 07:34:00","25.9","78.9","189","209","157","1.5","2.2","0.7","999.6","0.0","0.01","0.0","0.0"
"2026/09/03 07:35:00","25.9","78.7","185","202","167","1.3","1.8","0.7","999.6","0.0","0.01","0.0","0.0"
"2026/09/03 07:36:00","25.9","78.8","202","333","053","0.6","1.1","0.0","999.6","0.0","0.01","0.0","0.0"
"2026/09/03 07:37:00","26.0","78.8","186","305","087","0.6","1.1","0.2","999.6","0.0","0.01","0.0","0.0"
"2026/09/03 07:38:00","26.0","78.7","181","228","145","0.8","1.5","0.2","999.6","0.0","0.01","0.0","0.0"
"2026/09/03 07:39:00","26.0","78.4","247","015","130","0.3","1.1","0.0","999.6","0.0","0.01","0.0","0.0"
"2026/09/03 07:40:00","26.1","78.1","253","031","133","0.5","1.3","0.0","999.6","0.0","0.01","0.0","0.0"
"2026/09/03 07:41:00","26.1","78.0","220","351","076","0.4","1.3","0.0","999.6","0.0","0.01","0.0","0.0"
"2026/09/03 07:42:00","26.2","77.7","196","217","166","0.9","1.4","0.3","999.6","0.0","0.01","0.0","0.0"
"2026/09/03 07:43:00","26.2","77.5","197","220","175","1.0","1.7","0.5","999.7","0.0","0.01","0.0","0.0"
"2026/09/03 07:44:00","26.2","77.5","186","258","124","0.5","0.9","0.2","999.7","0.0","0.01","0.0","0.0"
"2026/09/03 07:45:00","26.2","77.4","236","355","092","0.8","2.2","0.1","999.7","0.0","0.01","0.0","0.0"
"2026/09/03 07:46:00","26.2","77.2","205","290","106","1.0","1.8","0.5","999.7","0.0","0.01","0.0","0.0"
"2026/09/03 07:47:00","26.2","77.2","198","311","074","0.4","1.0","0.0","999.7","0.0","0.01","0.0","0.0"
"2026/09/03 07:48:00","26.3","76.7","161","260","093","0.6","1.2","0.1","999.7","0.0","0.01","0.0","0.0"
"2026/09/03 07:49:00","26.3","76.7","178","275","022","0.3","1.1","0.0","999.7","0.0","0.01","0.0","0.0"
"2026/09/03 07:50:00","26.3","76.0","174","203","136","1.6","2.2","1.0","999.7","0.0","0.01","0.0","0.0"
"2026/09/03 07:51:00","26.3","76.0","165","209","115","1.5","2.0","0.7","999.7","0.0","0.01","0.0","0.0"
"2026/09/03 07:52:00","26.3","76.2","172","207","147","1.3","1.8","0.8","999.6","0.0","0.01","0.0","0.0"
"2026/09/03 07:53:00","26.3","76.3","184","213","155","1.2","2.0","0.4","999.6","0.0","0.01","0.0","0.0"
"2026/09/03 07:54:00","26.3","76.0","208","326","064","0.5","1.1","0.1","999.6","0.0","0.01","0.0","0.0"
"2026/09/03 07:55:00","26.4","75.7","181","232","132","1.1","1.8","0.5","999.6","0.0","0.01","0.0","0.0"
"2026/09/03 07:56:00","26.4","75.4","174","289","016","0.4","1.0","0.0","999.6","0.0","0.01","0.0","0.0"
"2026/09/03 07:57:00","26.5","74.3","194","219","164","2.2","3.0","1.0","999.6","0.0","0.01","0.0","0.0"
"2026/09/03 07:58:00","26.4","74.6","162","192","146","2.1","2.7","1.3","999.6","0.0","0.01","0.0","0.0"
"2026/09/03 07:59:00","26.4","74.6","169","253","092","1.2","2.3","0.0","999.6","0.0","0.01","0.0","0.0"
"2026/09/03 08:00:00","26.5","74.7","189","354","028","0.4","1.1","0.1","999.6","0.0","0.01","0.0","0.0"
"2026/09/03 08:01:00","26.6","74.6","194","332","044","0.4","1.2","0.1","999.6","0.0","0.01","0.0","0.0"
"2026/09/03 08:02:00","26.6","73.9","228","342","077","0.6","1.1","0.2","999.6","0.0","0.01","0.0","0.0"
"2026/09/03 08:03:00","26.7","72.8","181","219","143","1.4","3.6","0.2","999.6","0.0","0.01","0.0","0.0"
"2026/09/03 08:04:00","26.7","72.3","159","208","128","2.7","3.7","0.3","999.6","0.0","0.01","0.0","0.0"
"2026/09/03 08:05:00","26.6","72.1","156","197","120","2.5","4.2","1.0","999.6","0.0","0.01","0.0","0.0"
"2026/09/03 08:06:00","26.5","72.2","154","211","034","1.8","2.9","0.5","999.6","0.0","0.01","0.0","0.0"
"2026/09/03 08:07:00","26.5","72.6","172","324","002","0.9","1.7","0.1","999.6","0.0","0.01","0.0","0.0"
"2026/09/03 08:08:00","26.6","72.6","178","319","058","0.7","1.4","0.2","999.7","0.0","0.01","0.0","0.0"
"2026/09/03 08:09:00","26.7","72.6","121","310","353","0.6","1.4","0.1","999.6","0.0","0.01","0.0","0.0"
"2026/09/03 08:10:00","26.7","72.2","154","289","323","1.1","2.9","0.4","999.6","0.0","0.01","0.0","0.0"
"2026/09/03 08:11:00","26.8","72.2","154","325","038","0.6","1.5","0.1","999.6","0.0","0.01","0.0","0.0"
"2026/09/03 08:12:00","26.9","72.0","161","343","007","0.4","1.0","0.0","999.6","0.0","0.01","0.0","0.0"
"2026/09/03 08:13:00","26.9","71.7","176","317","001","0.6","1.3","0.1","999.6","0.0","0.01","0.0","0.0"
"2026/09/03 08:14:00","26.9","71.5","202","357","084","0.8","1.9","0.1","999.5","0.0","0.01","0.0","0.0"
"2026/09/03 08:15:00","26.9","71.4","171","197","150","2.0","3.4","1.0","999.6","0.0","0.01","0.0","0.0"
"2026/09/03 08:16:00","26.8","71.7","176","237","134","1.6","2.2","0.5","999.6","0.0","0.01","0.0","0.0"
"2026/09/03 08:17:00","26.7","72.0","170","194","142","1.7","2.7","1.0","999.6","0.0","0.01","0.0","0.0"
"2026/09/03 08:18:00","26.7","72.3","167","203","137","1.7","2.1","1.2","999.6","0.0","0.01","0.0","0.0"
"2026/09/03 08:19:00","26.6","72.2","166","198","077","1.9","3.5","0.4","999.6","0.0","0.01","0.0","0.0"
"2026/09/03 08:20:00","26.6","72.5","174","227","117","1.1","2.2","0.1","999.6","0.0","0.01","0.0","0.0"
"2026/09/03 08:21:00","26.6","72.6","181","226","133","1.5","2.3","0.6","999.6","0.0","0.01","0.0","0.0"
"2026/09/03 08:22:00","26.6","72.6","186","284","123","1.4","2.5","0.4","999.6","0.0","0.01","0.0","0.0"
"2026/09/03 08:23:00","26.7","72.1","187","228","152","2.3","3.6","1.2","999.6","0.0","0.01","0.0","0.0"
"2026/09/03 08:24:00","26.6","72.2","191","243","146","1.3","2.5","0.4","999.5","0.0","0.01","0.0","0.0"
"2026/09/03 08:25:00","26.6","72.5","176","239","080","1.2","2.9","0.2","999.5","0.0","0.01","0.0","0.0"
"2026/09/03 08:26:00","26.7","72.7","167","191","138","1.9","2.8","0.7","999.6","0.0","0.01","0.0","0.0"
"2026/09/03 08:27:00","26.6","72.2","173","203","148","2.4","3.6","0.7","999.6","0.0","0.01","0.0","0.0"
"2026/09/03 08:28:00","26.6","72.5","178","218","149","2.1","2.9","1.1","999.6","0.0","0.01","0.0","0.0"
"2026/09/03 08:29:00","26.6","72.7","172","235","088","1.1","2.5","0.1","999.6","0.0","0.01","0.0","0.0"
"2026/09/03 08:30:00","26.6","72.5","159","186","122","2.7","3.7","1.3","999.6","0.0","0.01","0.0","0.0"
"2026/09/03 08:31:00","26.6","72.8","172","214","119","2.4","3.4","0.7","999.6","0.0","0.01","0.0","0.0"
"2026/09/03 08:32:00","26.5","72.9","178","200","154","2.1","3.1","0.4","999.6","0.0","0.01","0.0","0.0"
"2026/09/03 08:33:00","26.5","73.2","164","183","147","1.7","2.2","0.7","999.5","0.0","0.01","0.0","0.0"
"2026/09/03 08:34:00","26.6","73.1","161","253","096","1.1","2.4","0.2","999.5","0.0","0.01","0.0","0.0"
"2026/09/03 08:35:00","26.7","72.9","158","187","131","1.8","2.6","1.0","999.5","0.0","0.01","0.0","0.0"
"2026/09/03 08:36:00","26.7","72.9","187","252","108","1.4","2.2","0.4","999.5","0.0","0.01","0.0","0.0"
"2026/09/03 08:37:00","26.7","72.9","172","258","086","1.0","2.0","0.2","999.6","0.0","0.01","0.0","0.0"
"2026/09/03 08:38:00","26.8","72.7","167","218","136","1.7","2.5","0.4","999.6","0.0","0.01","0.0","0.0"
"2026/09/03 08:39:00","26.8","72.5","184","306","096","1.3","3.1","0.1","999.6","0.0","0.01","0.0","0.0"
"2026/09/03 08:40:00","26.8","72.7","199","250","147","1.1","2.1","0.2","999.6","0.0","0.01","0.0","0.0"
"2026/09/03 08:41:00","26.8","72.4","169","225","124","1.7","2.7","0.5","999.6","0.0","0.01","0.0","0.0"
"2026/09/03 08:42:00","26.8","72.3","145","216","116","1.7","3.1","0.9","999.6","0.0","0.01","0.0","0.0"
"2026/09/03 08:43:00","26.8","72.5","191","238","125","1.1","2.0","0.4","999.6","0.0","0.01","0.0","0.0"
"2026/09/03 08:44:00","26.8","72.6","164","228","064","0.6","1.3","0.1","999.6","0.0","0.01","0.0","0.0"
"2026/09/03 08:45:00","26.9","72.5","174","265","090","0.7","1.6","0.1","999.5","0.0","0.01","0.0","0.0"
"2026/09/03 08:46:00","27.0","72.4","202","300","087","0.7","1.6","0.2","999.6","0.0","0.01","0.0","0.0"
"2026/09/03 08:47:00","27.0","72.1","184","352","047","0.8","2.2","0.1","999.6","0.0","0.01","0.0","0.0"
"2026/09/03 08:48:00","27.1","71.4","207","285","150","1.3","2.6","0.4","999.7","0.0","0.01","0.0","0.0"
"2026/09/03 08:49:00","27.0","71.0","168","207","143","2.5","4.3","1.1","999.7","0.0","0.01","0.0","0.0"
"2026/09/03 08:50:00","26.9","71.3","144","168","115","2.1","2.8","1.4","999.6","0.0","0.01","0.0","0.0"
"2026/09/03 08:51:00","26.9","71.6","142","202","089","1.3","2.6","0.3","999.6","0.0","0.01","0.0","0.0"
"2026/09/03 08:52:00","26.9","71.7","153","195","107","1.7","2.6","0.8","999.6","0.0","0.01","0.0","0.0"
"2026/09/03 08:53:00","26.8","71.8","148","229","098","1.4","2.6","0.2","999.5","0.0","0.01","0.0","0.0"
"2026/09/03 08:54:00","26.9","72.1","187","272","118","1.1","2.1","0.4","999.5","0.0","0.01","0.0","0.0"
"2026/09/03 08:55:00","27.0","71.9","135","302","056","0.3","1.0","0.0","999.5","0.0","0.01","0.0","0.0"
"2026/09/03 08:56:00","27.0","71.6","120","241","055","0.8","1.4","0.3","999.5","0.0","0.01","0.0","0.0"
"2026/09/03 08:57:00","27.1","70.9","160","208","106","1.0","2.0","0.2","999.5","0.0","0.01","0.0","0.0"
"2026/09/03 08:58:00","27.1","71.3","183","263","090","0.7","1.5","0.1","999.5","0.0","0.01","0.0","0.0"
"2026/09/03 08:59:00","27.2","71.4","197","259","109","0.9","1.4","0.4","999.5","0.0","0.01","0.0","0.0"
"2026/09/03 09:00:00","27.2","71.4","208","257","158","0.8","1.3","0.2","999.6","0.0","0.01","0.0","0.0"
"2026/09/03 09:01:00","27.2","70.3","192","281","163","1.4","2.2","0.2","999.6","0.0","0.01","0.0","0.0"
"2026/09/03 09:02:00","27.2","70.2","173","184","159","1.4","1.8","0.7","999.6","0.0","0.01","0.0","0.0"
"2026/09/03 09:03:00","27.2","70.5","175","220","107","0.7","1.3","0.3","999.6","0.0","0.01","0.0","0.0"
"2026/09/03 09:04:00","27.2","70.7","155","205","082","0.9","1.7","0.1","999.5","0.0","0.01","0.0","0.0"
"2026/09/03 09:05:00","27.2","70.4","147","204","124","2.0","2.9","1.3","999.5","0.0","0.01","0.0","0.0"
"2026/09/03 09:06:00","27.1","70.5","122","171","080","1.3","2.0","0.6","999.5","0.0","0.01","0.0","0.0"
"2026/09/03 09:07:00","27.1","70.7","146","191","108","1.4","2.0","0.9","999.5","0.0","0.01","0.0","0.0"
"2026/09/03 09:08:00","27.1","69.9","151","168","132","2.4","3.3","1.3","999.4","0.0","0.01","0.0","0.0"
"2026/09/03 09:09:00","27.1","70.1","145","167","125","2.1","2.7","1.0","999.4","0.0","0.01","0.0","0.0"
"2026/09/03 09:10:00","27.1","70.5","119","179","058","1.6","2.7","0.8","999.3","0.0","0.01","0.0","0.0"
"2026/09/03 09:11:00","27.1","70.3","109","191","024","1.2","2.1","0.3","999.3","0.0","0.01","0.0","0.0"
"2026/09/03 09:12:00","27.1","70.5","113","207","076","1.3","1.8","0.4","999.3","0.0","0.01","0.0","0.0"
"2026/09/03 09:13:00","27.2","70.4","201","264","094","0.8","1.6","0.2","999.2","0.0","0.01","0.0","0.0"
"2026/09/03 09:14:00","27.2","70.1","161","189","110","2.1","3.2","1.0","999.2","0.0","0.01","0.0","0.0"
"2026/09/03 09:15:00","27.2","70.1","155","177","129","1.5","2.2","0.7","999.2","0.0","0.01","0.0","0.0"
"2026/09/03 09:16:00","27.2","70.2","116","164","078","1.2","1.9","0.3","999.2","0.0","0.01","0.0","0.0"
"2026/09/03 09:17:00","27.2","70.3","119","201","009","0.9","2.7","0.1","999.2","0.0","0.01","0.0","0.0"
"2026/09/03 09:18:00","27.2","70.1","145","209","111","1.7","3.1","0.3","999.2","0.0","0.01","0.0","0.0"
"2026/09/03 09:19:00","27.2","69.9","144","201","115","1.7","3.3","0.9","999.2","0.0","0.01","0.0","0.0"
"2026/09/03 09:20:00","27.2","70.0","180","231","126","1.1","1.8","0.3","999.3","0.0","0.01","0.0","0.0"
"2026/09/03 09:21:00","27.3","69.9","174","199","149","1.3","1.7","0.8","999.4","0.0","0.01","0.0","0.0"
"2026/09/03 09:22:00","27.3","70.1","184","206","137","0.9","1.7","0.4","999.4","0.0","0.01","0.0","0.0"
"2026/09/03 09:23:00","27.3","70.0","181","259","102","1.4","2.5","0.4","999.5","0.0","0.01","0.0","0.0"
"2026/09/03 09:24:00","27.3","69.8","178","215","152","1.7","2.5","0.9","999.5","0.0","0.01","0.0","0.0"
"2026/09/03 09:25:00","27.3","70.3","275","007","172","0.8","1.5","0.1","999.5","0.0","0.01","0.0","0.0"
"2026/09/03 09:26:00","27.4","70.1","011","163","185","0.4","0.8","0.0","999.6","0.0","0.01","0.0","0.0"
"2026/09/03 09:27:00","27.5","70.1","272","033","160","0.8","1.2","0.2","999.6","0.0","0.01","0.0","0.0"
"2026/09/03 09:28:00","27.6","69.8","239","349","071","0.6","1.3","0.1","999.6","0.0","0.01","0.0","0.0"
"2026/09/03 09:29:00","27.7","69.8","268","046","109","0.6","1.5","0.1","999.6","0.0","0.01","0.0","0.0"
"2026/09/03 09:30:00","27.8","69.4","198","331","043","0.6","1.2","0.1","999.6","0.0","0.01","0.0","0.0"
"2026/09/03 09:31:00","27.9","69.1","261","048","109","0.9","2.0","0.1","999.6","0.0","0.01","0.0","0.0"
"2026/09/03 09:32:00","27.9","68.9","308","102","186","0.6","2.0","0.1","999.6","0.0","0.01","0.0","0.0"
"2026/09/03 09:33:00","28.0","68.3","245","042","094","1.0","2.2","0.1","999.6","0.0","0.01","0.0","0.0"
"2026/09/03 09:34:00","28.0","68.3","175","000","047","0.7","1.7","0.1","999.6","0.0","0.01","0.0","0.0"
"2026/09/03 09:35:00","28.0","68.3","136","263","012","0.4","1.0","0.1","999.7","0.0","0.01","0.0","0.0"
"2026/09/03 09:36:00","28.0","68.1","235","346","087","1.1","2.2","0.2","999.7","0.0","0.01","0.0","0.0"
"2026/09/03 09:37:00","28.0","68.2","276","053","136","0.7","2.4","0.1","999.7","0.0","0.01","0.0","0.0"
"2026/09/03 09:38:00","28.0","67.9","262","018","141","0.8","2.1","0.1","999.7","0.0","0.01","0.0","0.0"
"2026/09/03 09:39:00","28.0","67.8","244","047","210","1.0","1.7","0.3","999.7","0.0","0.01","0.0","0.0"
"2026/09/03 09:40:00","28.0","67.9","230","276","204","1.2","1.7","0.7","999.7","0.0","0.01","0.0","0.0"
"2026/09/03 09:41:00","28.0","68.0","235","334","103","1.0","2.0","0.2","999.6","0.0","0.01","0.0","0.0"
"2026/09/03 09:42:00","27.9","68.1","184","255","075","1.3","2.2","0.3","999.6","0.0","0.01","0.0","0.0"
"2026/09/03 09:43:00","27.9","68.2","233","327","163","0.9","1.6","0.3","999.6","0.0","0.01","0.0","0.0"
"2026/09/03 09:44:00","27.9","68.3","188","318","057","0.7","1.7","0.1","999.6","0.0","0.01","0.0","0.0"
"2026/09/03 09:45:00","28.0","68.1","202","271","069","0.8","1.4","0.2","999.6","0.0","0.01","0.0","0.0"
"2026/09/03 09:46:00","28.0","68.0","210","259","105","1.2","1.7","0.7","999.5","0.0","0.01","0.0","0.0"
"2026/09/03 09:47:00","28.0","68.1","218","356","081","0.7","1.6","0.1","999.6","0.0","0.01","0.0","0.0"
"2026/09/03 09:48:00","28.0","67.9","123","269","059","1.0","2.1","0.1","999.5","0.0","0.01","0.0","0.0"
"2026/09/03 09:49:00","28.0","67.9","144","225","085","0.9","2.3","0.5","999.5","0.0","0.01","0.0","0.0"
"2026/09/03 09:50:00","27.9","67.7","185","230","141","1.5","2.3","0.8","999.5","0.0","0.01","0.0","0.0"
"2026/09/03 09:51:00","27.8","67.8","178","273","071","0.8","1.7","0.0","999.4","0.0","0.01","0.0","0.0"
"2026/09/03 09:52:00","27.8","68.0","196","334","003","0.4","0.8","0.1","999.4","0.0","0.01","0.0","0.0"
"2026/09/03 09:53:00","27.9","67.9","263","356","138","0.5","1.1","0.1","999.4","0.0","0.01","0.0","0.0"
"2026/09/03 09:54:00","27.9","67.6","322","348","267","1.1","1.5","0.5","999.4","0.0","0.01","0.0","0.0"
"2026/09/03 09:55:00","27.9","67.6","350","033","323","0.7","1.1","0.4","999.4","0.0","0.01","0.0","0.0"
"2026/09/03 09:56:00","27.9","67.4","321","341","305","1.4","2.0","0.8","999.4","0.0","0.01","0.0","0.0"
"2026/09/03 09:57:00","27.9","67.6","301","317","279","1.6","2.1","1.1","999.4","0.0","0.01","0.0","0.0"
"2026/09/03 09:58:00","27.9","67.7","307","325","263","1.0","1.5","0.5","999.4","0.0","0.01","0.0","0.0"
"2026/09/03 09:59:00","27.8","67.9","298","005","219","0.6","1.1","0.2","999.4","0.0","0.01","0.0","0.0"
"2026/09/03 10:00:00","27.9","68.0","228","279","180","1.2","1.9","0.3","999.4","0.0","0.01","0.0","0.0"
"2026/09/03 10:01:00","28.0","67.8","268","045","179","1.2","2.1","0.1","999.4","0.0","0.01","0.0","0.0"
"2026/09/03 10:02:00","28.0","67.4","228","307","196","1.4","2.0","0.3","999.4","0.0","0.01","0.0","0.0"
"2026/09/03 10:03:00","28.1","67.4","207","342","070","0.5","1.2","0.1","999.5","0.0","0.01","0.0","0.0"
"2026/09/03 10:04:00","28.1","66.9","227","308","048","0.5","1.3","0.1","999.5","0.0","0.01","0.0","0.0"
"2026/09/03 10:05:00","28.2","67.0","271","006","213","0.8","1.7","0.1","999.5","0.0","0.01","0.0","0.0"
"2026/09/03 10:06:00","28.3","66.7","286","060","144","0.3","0.7","0.0","999.5","0.0","0.01","0.0","0.0"
"2026/09/03 10:07:00","28.4","66.2","278","076","111","0.4","1.0","0.1","999.5","0.0","0.01","0.0","0.0"
"2026/09/03 10:08:00","28.5","65.8","299","351","250","0.4","0.8","0.2","999.5","0.0","0.01","0.0","0.0"
"2026/09/03 10:09:00","28.5","65.6","235","309","160","0.5","0.9","0.1","999.5","0.0","0.01","0.0","0.0"
"2026/09/03 10:10:00","28.6","65.2","257","335","085","0.5","1.0","0.0","999.5","0.0","0.01","0.0","0.0"
"2026/09/03 10:11:00","28.7","64.9","283","333","210","0.8","1.3","0.4","999.5","0.0","0.01","0.0","0.0"
"2026/09/03 10:12:00","28.8","64.7","275","327","205","0.9","1.5","0.3","999.5","0.0","0.01","0.0","0.0"
"2026/09/03 10:13:00","28.8","64.1","284","344","230","1.1","2.1","0.2","999.5","0.0","0.01","0.0","0.0"
"2026/09/03 10:14:00","28.8","64.1","281","320","236","2.0","3.2","1.2","999.4","0.0","0.01","0.0","0.0"
"2026/09/03 10:15:00","28.7","64.2","268","001","206","1.8","2.9","0.4","999.5","0.0","0.01","0.0","0.0"
"2026/09/03 10:16:00","28.6","64.1","288","346","224","2.1","3.2","0.2","999.4","0.0","0.01","0.0","0.0"
"2026/09/03 10:17:00","28.5","64.3","274","300","198","1.7","3.4","0.4","999.4","0.0","0.01","0.0","0.0"
"2026/09/03 10:18:00","28.4","64.8","252","327","161","0.9","1.9","0.2","999.4","0.0","0.01","0.0","0.0"
"2026/09/03 10:19:00","28.5","64.7","260","012","104","0.9","2.9","0.1","999.4","0.0","0.01","0.0","0.0"
"2026/09/03 10:20:00","28.5","64.7","278","321","233","1.4","2.7","0.4","999.4","0.0","0.01","0.0","0.0"
"2026/09/03 10:21:00","28.5","64.9","228","314","168","0.9","1.7","0.2","999.4","0.0","0.01","0.0","0.0"
"2026/09/03 10:22:00","28.5","65.0","274","007","189","1.6","3.3","0.6","999.4","0.0","0.01","0.0","0.0"
"2026/09/03 10:23:00","28.4","65.3","296","340","250","2.6","4.2","0.9","999.3","0.0","0.01","0.0","0.0"
"2026/09/03 10:24:00","28.4","65.7","267","032","189","1.7","3.0","0.4","999.3","0.0","0.01","0.0","0.0"
"2026/09/03 10:25:00","28.4","65.5","243","016","110","1.1","2.2","0.3","999.3","0.0","0.01","0.0","0.0"
"2026/09/03 10:26:00","28.5","65.1","277","037","159","1.3","2.6","0.3","999.2","0.0","0.01","0.0","0.0"
"2026/09/03 10:27:00","28.6","64.7","326","029","224","1.6","2.9","0.3","999.2","0.0","0.01","0.0","0.0"
"2026/09/03 10:28:00","28.4","65.1","351","023","326","2.0","2.5","1.3","999.2","0.0","0.01","0.0","0.0"
"2026/09/03 10:29:00","28.3","65.9","327","024","242","1.7","2.4","0.5","999.2","0.0","0.01","0.0","0.0"
"2026/09/03 10:30:00","28.2","66.1","298","356","251","1.7","2.6","0.6","999.2","0.0","0.01","0.0","0.0"
"2026/09/03 10:31:00","28.2","66.2","281","347","233","1.6","2.4","0.5","999.3","0.0","0.01","0.0","0.0"
"2026/09/03 10:32:00","28.3","65.6","261","344","184","1.0","1.8","0.3","999.3","0.0","0.01","0.0","0.0"
"2026/09/03 10:33:00","28.5","65.4","228","285","170","1.3","2.3","0.3","999.3","0.0","0.01","0.0","0.0"
"2026/09/03 10:34:00","28.6","64.8","257","326","189","1.2","2.1","0.4","999.3","0.0","0.01","0.0","0.0"
"2026/09/03 10:35:00","28.6","64.5","210","281","133","1.1","2.0","0.4","999.3","0.0","0.01","0.0","0.0"
"2026/09/03 10:36:00","28.6","64.4","214","230","198","1.4","2.0","0.8","999.3","0.0","0.01","0.0","0.0"
"2026/09/03 10:37:00","28.5","64.7","204","222","185","1.4","2.2","0.6","999.2","0.0","0.01","0.0","0.0"
"2026/09/03 10:38:00","28.4","64.7","170","212","129","0.9","1.5","0.4","999.2","0.0","0.01","0.0","0.0"
"2026/09/03 10:39:00","28.4","64.6","164","184","123","1.2","1.8","0.7","999.2","0.0","0.01","0.0","0.0"
"2026/09/03 10:40:00","28.5","64.7","175","219","133","0.9","1.5","0.1","999.2","0.0","0.01","0.0","0.0"
"2026/09/03 10:41:00","28.5","64.8","235","302","169","0.6","0.9","0.3","999.2","0.0","0.01","0.0","0.0"
"2026/09/03 10:42:00","28.6","64.4","194","223","166","0.9","1.3","0.5","999.2","0.0","0.01","0.0","0.0"
"2026/09/03 10:43:00","28.6","64.3","193","224","156","0.9","1.6","0.3","999.2","0.0","0.01","0.0","0.0"
"2026/09/03 10:44:00","28.6","64.2","196","246","155","0.8","1.5","0.3","999.2","0.0","0.01","0.0","0.0"
"2026/09/03 10:45:00","28.7","64.6","314","015","226","0.6","1.1","0.2","999.2","0.0","0.01","0.0","0.0"
"2026/09/03 10:46:00","28.7","64.0","306","351","273","1.1","2.0","0.3","999.2","0.0","0.01","0.0","0.0"
"2026/09/03 10:47:00","28.7","63.9","309","340","284","1.0","1.3","0.4","999.3","0.0","0.01","0.0","0.0"
"2026/09/03 10:48:00","28.8","63.9","240","323","180","0.4","0.9","0.1","999.3","0.0","0.01","0.0","0.0"
"2026/09/03 10:49:00","28.8","63.8","307","347","231","1.0","1.8","0.2","999.3","0.0","0.01","0.0","0.0"
"2026/09/03 10:50:00","28.8","63.9","261","332","158","1.1","1.7","0.3","999.3","0.0","0.01","0.0","0.0"
"2026/09/03 10:51:00","28.9","63.7","228","331","145","0.5","1.2","0.1","999.2","0.0","0.01","0.0","0.0"
"2026/09/03 10:52:00","28.9","64.0","264","015","212","0.8","1.4","0.2","999.2","0.0","0.01","0.0","0.0"
"2026/09/03 10:53:00","28.9","63.7","283","321","137","1.6","3.2","0.3","999.2","0.0","0.01","0.0","0.0"
"2026/09/03 10:54:00","29.0","63.3","231","028","140","0.7","1.5","0.2","999.2","0.0","0.01","0.0","0.0"
"2026/09/03 10:55:00","29.0","63.3","255","065","096","0.7","1.8","0.2","999.2","0.0","0.01","0.0","0.0"
"2026/09/03 10:56:00","29.1","62.8","266","332","091","1.7","2.6","0.5","999.2","0.0","0.01","0.0","0.0"
"2026/09/03 10:57:00","29.0","62.9","280","347","242","1.7","2.7","0.6","999.2","0.0","0.01","0.0","0.0"
"2026/09/03 10:58:00","28.9","63.5","283","021","155","1.4","2.6","0.2","999.2","0.0","0.01","0.0","0.0"
"2026/09/03 10:59:00","28.9","63.5","295","002","214","0.9","2.0","0.3","999.2","0.0","0.01","0.0","0.0"
"2026/09/03 11:00:00","28.9","63.2","284","027","207","1.1","2.2","0.2","999.2","0.0","0.01","0.0","0.0"
"2026/09/03 11:01:00","29.0","63.2","299","041","234","0.9","2.1","0.3","999.2","0.0","0.01","0.0","0.0"
"2026/09/03 11:02:00","29.0","63.1","293","315","263","1.8","2.6","0.8","999.2","0.0","0.01","0.0","0.0"
"2026/09/03 11:03:00","28.9","63.0","286","325","243","1.4","2.2","0.2","999.2","0.0","0.01","0.0","0.0"
"2026/09/03 11:04:00","28.9","63.4","248","050","116","0.6","1.3","0.1","999.1","0.0","0.01","0.0","0.0"
"2026/09/03 11:05:00","29.0","63.0","246","341","079","1.0","2.2","0.1","999.1","0.0","0.01","0.0","0.0"
"2026/09/03 11:06:00","28.9","63.3","320","344","289","2.1","2.9","1.3","999.1","0.0","0.01","0.0","0.0"
"2026/09/03 11:07:00","28.8","63.5","326","016","310","1.9","2.4","1.3","999.1","0.0","0.01","0.0","0.0"
"2026/09/03 11:08:00","28.7","63.7","325","348","308","1.4","1.9","0.8","999.1","0.0","0.01","0.0","0.0"
"2026/09/03 11:09:00","28.6","64.1","346","017","312","0.9","1.5","0.4","999.1","0.0","0.01","0.0","0.0"
"2026/09/03 11:10:00","28.6","64.2","291","018","200","0.5","0.9","0.1","999.1","0.0","0.01","0.0","0.0"
"2026/09/03 11:11:00","28.7","64.1","288","061","100","0.5","1.5","0.1","999.1","0.0","0.01","0.0","0.0"
"2026/09/03 11:12:00","28.7","63.6","012","074","339","1.3","1.8","0.6","999.1","0.0","0.01","0.0","0.0"
"2026/09/03 11:13:00","28.8","63.7","098","161","023","0.6","0.9","0.3","999.1","0.0","0.01","0.0","0.0"
"2026/09/03 11:14:00","28.8","63.7","064","234","285","0.4","0.7","0.1","999.1","0.0","0.01","0.0","0.0"
"2026/09/03 11:15:00","28.9","63.2","034","218","238","0.6","1.2","0.1","999.1","0.0","0.01","0.0","0.0"
"2026/09/03 11:16:00","29.1","62.8","285","307","251","0.4","0.8","0.1","999.1","0.0","0.01","0.0","0.0"
"2026/09/03 11:17:00","29.2","62.8","266","337","192","0.5","1.0","0.1","999.1","0.0","0.01","0.0","0.0"
"2026/09/03 11:18:00","29.3","61.9","336","082","228","0.4","0.8","0.1","999.1","0.0","0.01","0.0","0.0"
"2026/09/03 11:19:00","29.3","61.8","071","105","256","1.1","2.0","0.1","999.1","0.0","0.01","0.0","0.0"
"2026/09/03 11:20:00","29.2","62.1","098","115","081","0.9","1.3","0.3","999.1","0.0","0.01","0.0","0.0"
"2026/09/03 11:21:00","29.2","62.2","106","119","088","0.7","1.1","0.4","999.1","0.0","0.01","0.0","0.0"
"2026/09/03 11:22:00","29.1","62.4","098","137","074","0.6","1.1","0.2","999.1","0.0","0.01","0.0","0.0"
"2026/09/03 11:23:00","29.2","62.4","106","190","354","0.5","1.2","0.0","999.1","0.0","0.01","0.0","0.0"
"2026/09/03 11:24:00","29.2","62.2","129","206","052","0.6","1.3","0.0","999.1","0.0","0.01","0.0","0.0"
"2026/09/03 11:25:00","29.2","62.3","110","152","349","1.0","1.9","0.1","999.1","0.0","0.01","0.0","0.0"
"2026/09/03 11:26:00","29.2","62.7","043","076","298","1.0","1.6","0.3","999.1","0.0","0.01","0.0","0.0"
"2026/09/03 11:27:00","29.2","62.6","131","217","292","0.9","2.2","0.1","999.1","0.0","0.01","0.0","0.0"
"2026/09/03 11:28:00","29.2","62.6","185","218","132","1.2","1.9","0.3","999.1","0.0","0.01","0.0","0.0"
"2026/09/03 11:29:00","29.2","62.3","185","227","137","1.1","1.6","0.4","999.1","0.0","0.01","0.0","0.0"
"2026/09/03 11:30:00","29.3","62.3","224","006","066","0.9","1.6","0.3","999.1","0.0","0.01","0.0","0.0"
"2026/09/03 11:31:00","29.3","62.6","277","072","102","0.7","1.4","0.2","999.1","0.0","0.01","0.0","0.0"
"2026/09/03 11:32:00","29.3","62.6","211","283","084","0.5","1.1","0.2","999.1","0.0","0.01","0.0","0.0"
"2026/09/03 11:33:00","29.4","62.5","157","204","096","1.5","2.8","0.2","999.1","0.0","0.01","0.0","0.0"
"2026/09/03 11:34:00","29.4","62.4","188","336","046","0.5","1.9","0.0","999.0","0.0","0.01","0.0","0.0"
"2026/09/03 11:35:00","29.4","62.4","177","209","147","2.1","3.2","0.6","999.0","0.0","0.01","0.0","0.0"
"2026/09/03 11:36:00","29.4","62.3","191","302","117","1.2","2.3","0.2","999.0","0.0","0.01","0.0","0.0"
"2026/09/03 11:37:00","29.3","62.6","182","328","031","1.2","2.5","0.1","999.0","0.0","0.01","0.0","0.0"
"2026/09/03 11:38:00","29.3","62.6","179","251","106","0.8","1.4","0.1","999.0","0.0","0.01","0.0","0.0"
"2026/09/03 11:39:00","29.4","61.9","221","292","172","0.7","1.5","0.1","999.0","0.0","0.01","0.0","0.0"
"2026/09/03 11:40:00","29.5","61.5","185","208","138","1.2","2.2","0.5","999.0","0.0","0.01","0.0","0.0"
"2026/09/03 11:41:00","29.4","61.4","181","216","151","1.7","2.2","1.1","999.0","0.0","0.01","0.0","0.0"
"2026/09/03 11:42:00","29.3","61.6","176","190","114","1.2","2.0","0.7","999.0","0.0","0.01","0.0","0.0"
"2026/09/03 11:43:00","29.3","62.0","174","204","138","1.1","1.6","0.6","999.0","0.0","0.01","0.0","0.0"
"2026/09/03 11:44:00","29.2","61.5","182","215","133","1.3","2.0","0.2","999.0","0.0","0.01","0.0","0.0"
"2026/09/03 11:45:00","29.2","62.4","193","325","041","0.6","1.9","0.1","999.0","0.0","0.01","0.0","0.0"
"2026/09/03 11:46:00","29.3","62.3","144","202","066","0.6","1.3","0.2","999.0","0.0","0.01","0.0","0.0"
"2026/09/03 11:47:00","29.4","61.7","153","234","117","1.5","2.4","0.5","999.0","0.0","0.01","0.0","0.0"
"2026/09/03 11:48:00","29.3","61.5","170","214","113","1.6","2.4","0.9","999.0","0.0","0.01","0.0","0.0"
"2026/09/03 11:49:00","29.2","61.3","175","185","158","1.5","2.3","0.9","999.0","0.0","0.01","0.0","0.0"
"2026/09/03 11:50:00","29.1","61.8","182","199","154","1.1","1.8","0.7","999.0","0.0","0.01","0.0","0.0"
"2026/09/03 11:51:00","29.1","62.0","147","215","047","0.7","1.4","0.0","999.0","0.0","0.01","0.0","0.0"
"2026/09/03 11:52:00","29.1","62.1","125","195","065","1.1","2.2","0.4","999.0","0.0","0.01","0.0","0.0"
"2026/09/03 11:53:00","29.2","61.8","198","259","147","1.2","2.2","0.4","999.0","0.0","0.01","0.0","0.0"
"2026/09/03 11:54:00","29.2","61.7","192","223","165","0.9","1.6","0.3","999.0","0.0","0.01","0.0","0.0"
"2026/09/03 11:55:00","29.2","61.8","205","348","069","0.4","0.8","0.1","998.9","0.0","0.01","0.0","0.0"
"2026/09/03 11:56:00","29.2","61.8","297","332","266","0.9","1.3","0.5","998.9","0.0","0.01","0.0","0.0"
"2026/09/03 11:57:00","29.3","61.8","291","311","264","0.6","0.9","0.3","998.9","0.0","0.01","0.0","0.0"
"2026/09/03 11:58:00","29.4","61.8","246","037","097","0.5","1.2","0.1","998.9","0.0","0.01","0.0","0.0"
"2026/09/03 11:59:00","29.4","61.5","193","277","112","0.4","1.3","0.1","998.9","0.0","0.01","0.0","0.0"
"2026/09/03 12:00:00","29.5","61.1","152","190","096","1.4","2.4","0.2","999.0","0.0","0.01","0.0","0.0"
"2026/09/03 12:01:00","29.5","61.0","144","176","120","1.6","2.8","0.2","999.0","0.0","0.01","0.0","0.0"
"2026/09/03 12:02:00","29.4","61.9","165","241","084","0.8","1.7","0.1","999.1","0.0","0.01","0.0","0.0"
"2026/09/03 12:03:00","29.4","61.7","171","245","128","1.1","1.9","0.0","999.1","0.0","0.01","0.0","0.0"
"2026/09/03 12:04:00","29.4","61.7","172","326","107","1.8","6.8","1.0","999.1","0.0","0.01","0.0","0.0"
"2026/09/03 12:05:00","29.4","62.3","231","328","138","2.1","7.6","0.3","999.1","0.1","0.01","0.0","0.0"
"2026/09/03 12:06:00","29.3","61.9","183","296","158","1.8","2.8","0.2","999.2","0.0","0.01","0.0","0.0"
"2026/09/03 12:07:00","29.3","61.9","198","245","143","1.1","1.8","0.6","999.2","0.0","0.01","0.0","0.0"
"2026/09/03 12:08:00","29.3","62.1","183","315","085","0.6","1.2","0.2","999.2","0.0","0.01","0.0","0.0"
"2026/09/03 12:09:00","29.3","61.3","181","278","111","0.7","1.1","0.1","999.2","0.0","0.01","0.0","0.0"
"2026/09/03 12:10:00","29.4","61.5","166","299","054","0.4","0.8","0.1","999.1","0.0","0.01","0.0","0.0"
"2026/09/03 12:11:00","29.4","61.6","216","313","121","0.7","1.4","0.1","999.1","0.0","0.01","0.0","0.0"
"2026/09/03 12:12:00","29.5","61.1","216","252","170","1.3","2.1","0.4","999.1","0.0","0.01","0.0","0.0"
"2026/09/03 12:13:00","29.4","60.9","202","241","170","1.5","2.2","0.6","999.2","0.0","0.01","0.0","0.0"
"2026/09/03 12:14:00","29.4","61.1","219","243","193","1.6","2.2","0.8","999.2","0.0","0.01","0.0","0.0"
"2026/09/03 12:15:00","29.3","61.2","206","330","099","1.3","8.2","0.4","999.2","0.0","0.01","0.0","0.0"
"2026/09/03 12:16:00","29.4","61.5","205","271","151","0.8","1.2","0.2","999.2","0.0","0.01","0.0","0.0"
"2026/09/03 12:17:00","29.4","61.5","180","256","132","0.6","1.1","0.0","999.2","0.0","0.01","0.0","0.0"
"2026/09/03 12:18:00","29.4","61.6","225","316","126","0.5","1.1","0.1","999.1","0.0","0.01","0.0","0.0"
"2026/09/03 12:19:00","29.5","61.6","190","272","152","1.2","2.3","0.3","999.1","0.0","0.01","0.0","0.0"
"2026/09/03 12:20:00","29.5","61.4","198","244","096","1.0","1.9","0.1","999.1","0.0","0.01","0.0","0.0"
"2026/09/03 12:21:00","29.5","61.0","217","237","194","0.8","1.5","0.4","999.1","0.0","0.01","0.0","0.0"
"2026/09/03 12:22:00","29.5","61.4","228","314","178","1.1","1.8","0.3","999.0","0.0","0.01","0.0","0.0"
"2026/09/03 12:23:00","29.5","61.2","293","017","203","0.9","1.7","0.2","999.0","0.0","0.01","0.0","0.0"
"2026/09/03 12:24:00","29.5","61.2","291","319","245","1.6","2.7","0.7","999.0","0.0","0.01","0.0","0.0"
"2026/09/03 12:25:00","29.5","61.4","211","310","084","0.7","2.1","0.1","999.0","0.0","0.01","0.0","0.0"
"2026/09/03 12:26:00","29.6","61.3","301","350","197","0.6","1.2","0.1","999.0","0.0","0.01","0.0","0.0"
"2026/09/03 12:27:00","29.6","61.4","249","022","164","0.4","0.9","0.0","999.0","0.0","0.01","0.0","0.0"
"2026/09/03 12:28:00","29.7","61.2","227","326","102","0.7","1.6","0.1","999.0","0.0","0.01","0.0","0.0"
"2026/09/03 12:29:00","29.8","61.0","198","339","034","0.8","1.8","0.2","999.0","0.0","0.01","0.0","0.0"
"2026/09/03 12:30:00","29.8","61.1","160","303","078","0.6","1.1","0.1","999.1","0.0","0.01","0.0","0.0"
"2026/09/03 12:31:00","29.9","60.8","214","342","069","0.6","1.4","0.0","999.1","0.0","0.01","0.0","0.0"
"2026/09/03 12:32:00","29.9","60.5","339","042","305","0.8","1.4","0.3","999.1","0.0","0.01","0.0","0.0"
"2026/09/03 12:33:00","29.8","60.9","331","152","183","0.5","0.9","0.1","999.2","0.0","0.01","0.0","0.0"
"2026/09/03 12:34:00","29.8","60.9","344","129","178","0.4","0.8","0.0","999.2","0.0","0.01","0.0","0.0"
"2026/09/03 12:35:00","29.8","60.9","350","165","194","0.9","6.9","0.1","999.3","0.0","0.01","0.0","0.0"
"2026/09/03 12:36:00","29.8","60.5","278","090","201","2.9","7.0","0.1","999.3","0.0","0.01","0.0","0.0"
"2026/09/03 12:37:00","29.8","60.8","232","031","090","2.3","7.8","0.1","999.3","0.0","0.01","0.0","0.0"
"2026/09/03 12:38:00","29.8","60.8","242","323","151","1.4","7.4","0.2","999.2","0.0","0.01","0.0","0.0"
"2026/09/03 12:39:00","29.8","60.9","194","250","086","0.9","1.7","0.1","999.2","0.0","0.01","0.0","0.0"
"2026/09/03 12:40:00","29.8","60.5","266","021","087","1.5","2.3","0.3","999.2","0.0","0.01","0.0","0.0"
"2026/09/03 12:41:00","29.8","60.2","238","273","171","1.2","2.1","0.5","999.2","0.0","0.01","0.0","0.0"
"2026/09/03 12:42:00","29.7","60.5","253","324","197","0.9","1.5","0.4","999.2","0.0","0.01","0.0","0.0"
"2026/09/03 12:43:00","29.7","60.2","277","358","157","1.4","2.7","0.2","999.2","0.0","0.01","0.0","0.0"
"2026/09/03 12:44:00","29.7","60.6","303","027","170","1.4","2.5","0.4","999.2","0.0","0.01","0.0","0.0"
"2026/09/03 12:45:00","29.6","60.7","328","351","312","2.7","3.3","2.1","999.2","0.0","0.01","0.0","0.0"
"2026/09/03 12:46:00","29.4","62.0","308","330","250","2.3","3.0","1.3","999.2","0.0","0.01","0.0","0.0"
"2026/09/03 12:47:00","29.3","62.2","288","337","225","2.3","3.4","0.3","999.2","0.0","0.01","0.0","0.0"
"2026/09/03 12:48:00","29.3","62.2","274","322","239","2.3","4.0","1.3","999.2","0.0","0.01","0.0","0.0"
"2026/09/03 12:49:00","29.3","62.0","299","326","263","2.5","3.3","1.5","999.1","0.0","0.01","0.0","0.0"
"2026/09/03 12:50:00","29.3","61.8","308","339","252","2.0","2.5","1.3","999.0","0.0","0.01","0.0","0.0"
"2026/09/03 12:51:00","29.3","61.8","311","333","276","2.2","3.1","1.5","998.9","0.0","0.01","0.0","0.0"
"2026/09/03 12:52:00","29.2","62.3","299","349","250","2.3","3.5","0.7","998.8","0.0","0.01","0.0","0.0"
"2026/09/03 12:53:00","29.2","62.1","320","353","297","2.0","2.7","1.5","998.7","0.0","0.01","0.0","0.0"
"2026/09/03 12:54:00","29.2","62.9","315","016","271","1.5","2.6","0.5","998.5","0.0","0.01","0.0","0.0"
"2026/09/03 12:55:00","29.2","62.8","305","002","203","1.1","1.7","0.4","998.4","0.2","0.02","0.0","0.0"
"2026/09/03 12:56:00","29.3","62.7","325","012","257","1.2","1.7","0.4","998.1","0.0","0.02","0.0","0.0"
"2026/09/03 12:57:00","29.4","62.5","322","048","211","1.7","3.2","0.4","997.9","0.0","0.02","0.0","0.0"
"2026/09/03 12:58:00","29.4","62.3","333","041","271","2.5","3.7","0.8","997.8","0.0","0.02","0.0","0.0"
"2026/09/03 12:59:00","29.4","62.4","013","115","288","1.3","2.4","0.2","997.8","0.0","0.02","0.0","0.0"
"2026/09/03 13:00:00","29.4","62.6","337","098","251","0.7","1.5","0.2","997.9","0.0","0.02","0.0","0.0"
"2026/09/03 13:01:00","29.5","62.6","327","055","249","0.8","1.4","0.1","998.0","0.0","0.02","0.0","0.0"
"2026/09/03 13:02:00","29.6","62.3","283","085","147","0.6","1.8","0.0","998.2","0.0","0.02","0.0","0.0"
"2026/09/03 13:03:00","29.7","62.4","274","358","167","1.2","2.9","0.2","998.3","0.0","0.02","0.0","0.0"
"2026/09/03 13:04:00","29.8","62.5","274","007","202","1.6","2.8","0.5","998.4","0.0","0.02","0.0","0.0"
"2026/09/03 13:05:00","29.9","62.7","286","355","159","2.5","3.6","1.2","998.5","0.0","0.02","0.0","0.0"
"2026/09/03 13:06:00","29.9","62.6","301","348","212","2.7","4.3","1.1","998.6","0.0","0.02","0.0","0.0"
"2026/09/03 13:07:00","29.7","62.8","318","067","226","1.1","4.0","0.1","998.7","0.0","0.02","0.0","0.0"
"2026/09/03 13:08:00","29.7","63.0","309","108","188","0.9","2.4","0.1","998.7","0.0","0.02","0.0","0.0"
"2026/09/03 13:09:00","29.8","63.0","304","358","187","0.9","1.6","0.3","998.8","0.0","0.02","0.0","0.0"
"2026/09/03 13:10:00","29.8","63.1","266","051","207","0.5","0.9","0.1","998.8","0.0","0.02","0.0","0.0"
"2026/09/03 13:11:00","29.9","62.6","278","097","120","0.6","1.5","0.1","998.8","0.0","0.02","0.0","0.0"
"2026/09/03 13:12:00","30.0","62.3","247","317","183","1.6","2.5","0.7","998.9","0.0","0.02","0.0","0.0"
"2026/09/03 13:13:00","30.1","61.5","274","048","157","1.8","3.4","0.3","998.9","0.0","0.02","0.0","0.0"
"2026/09/03 13:14:00","30.0","62.0","272","060","186","1.6","3.4","0.3","998.9","0.0","0.02","0.0","0.0"
"2026/09/03 13:15:00","30.0","61.6","272","072","125","2.0","3.8","0.3","998.9","0.0","0.02","0.0","0.0"
"2026/09/03 13:16:00","29.9","62.1","276","333","185","1.5","3.2","0.3","998.8","0.0","0.02","0.0","0.0"
"2026/09/03 13:17:00","29.8","62.1","254","021","098","1.3","3.4","0.5","998.7","0.0","0.02","0.0","0.0"
"2026/09/03 13:18:00","29.8","62.0","245","014","102","1.0","1.9","0.4","998.7","0.0","0.02","0.0","0.0"
"2026/09/03 13:19:00","29.9","61.7","216","016","063","0.9","2.2","0.2","998.8","0.0","0.02","0.0","0.0"
"2026/09/03 13:20:00","29.8","61.3","322","359","295","2.3","2.9","1.3","998.8","0.0","0.02","0.0","0.0"
"2026/09/03 13:21:00","29.7","62.3","299","339","219","1.9","2.8","0.6","998.8","0.0","0.02","0.0","0.0"
"2026/09/03 13:22:00","29.6","62.6","283","045","198","1.6","2.9","0.2","998.8","0.0","0.02","0.0","0.0"
"2026/09/03 13:23:00","29.6","62.7","301","057","152","1.0","2.1","0.3","998.9","0.0","0.02","0.0","0.0"
"2026/09/03 13:24:00","29.6","62.5","292","028","193","0.9","1.9","0.3","998.9","0.0","0.02","0.0","0.0"
"2026/09/03 13:25:00","29.7","62.1","279","310","221","1.9","2.9","1.1","998.9","0.0","0.02","0.0","0.0"
"2026/09/03 13:26:00","29.6","62.5","284","309","194","1.7","3.2","0.5","998.9","2.3","0.05","0.0","0.0"
"2026/09/03 13:27:00","29.6","62.5","271","029","170","2.1","9.4","0.3","998.9","0.3","0.06","0.0","0.0"
"2026/09/03 13:28:00","29.5","62.5","273","015","206","1.9","4.1","0.4","998.8","0.0","0.06","0.0","0.0"
"2026/09/03 13:29:00","29.5","62.5","280","326","237","2.4","3.3","0.7","998.8","0.0","0.06","0.0","0.0"
"2026/09/03 13:30:00","29.5","62.9","298","326","258","1.9","3.0","1.1","998.7","0.0","0.06","0.0","0.0"
"2026/09/03 13:31:00","29.4","63.2","324","351","294","2.6","3.9","0.7","998.7","0.0","0.06","0.0","0.0"
"2026/09/03 13:32:00","29.3","63.7","319","014","255","1.6","2.3","0.4","998.7","0.0","0.06","0.0","0.0"
"2026/09/03 13:33:00","29.3","64.2","277","033","163","1.4","2.9","0.6","998.7","0.0","0.06","0.0","0.0"
"2026/09/03 13:34:00","29.3","64.0","273","340","171","2.5","3.8","0.6","998.8","0.0","0.06","0.0","0.0"
"2026/09/03 13:35:00","29.3","64.1","266","323","143","2.3","4.2","0.5","998.8","0.0","0.06","0.0","0.0"
"2026/09/03 13:36:00","29.3","64.2","273","064","138","1.9","3.9","0.3","998.9","0.0","0.06","0.0","0.0"
"2026/09/03 13:37:00","29.2","64.7","276","059","129","1.6","4.5","0.2","999.0","0.0","0.06","0.0","0.0"
"2026/09/03 13:38:00","29.2","64.7","266","007","131","1.9","4.4","0.4","999.0","0.0","0.06","0.0","0.0"
"2026/09/03 13:39:00","29.3","64.9","263","345","153","1.7","2.8","0.4","999.0","0.0","0.06","0.0","0.0"
"2026/09/03 13:40:00","29.3","64.6","265","011","147","2.3","4.4","0.5","999.0","0.0","0.06","0.0","0.0"
"2026/09/03 13:41:00","29.2","64.8","270","025","174","1.8","4.1","0.4","999.1","0.0","0.06","0.0","0.0"
"2026/09/03 13:42:00","29.2","64.9","266","324","192","2.1","3.7","0.4","999.2","0.0","0.06","0.0","0.0"
"2026/09/03 13:43:00","29.2","65.1","272","312","164","3.3","5.2","0.8","999.1","0.0","0.06","0.0","0.0"
"2026/09/03 13:44:00","29.1","65.2","268","325","129","3.1","5.4","0.7","999.2","0.0","0.06","0.0","0.0"
"2026/09/03 13:45:00","29.1","65.5","276","020","150","2.6","5.4","0.3","999.2","0.0","0.06","0.0","0.0"
"2026/09/03 13:46:00","29.0","66.0","271","353","177","3.2","5.4","1.0","999.3","0.0","0.06","0.0","0.0"
"2026/09/03 13:47:00","29.0","66.1","259","331","110","2.8","5.4","0.6","999.4","0.0","0.06","0.0","0.0"
"2026/09/03 13:48:00","29.0","66.3","257","327","110","2.4","5.1","0.6","999.4","0.0","0.06","0.0","0.0"
"2026/09/03 13:49:00","29.0","66.4","271","324","180","3.4","5.7","1.0","999.5","0.0","0.06","0.0","0.0"
"2026/09/03 13:50:00","29.0","66.8","278","328","200","2.8","4.7","0.8","999.6","0.0","0.06","0.0","0.0"
"2026/09/03 13:51:00","29.0","67.0","266","039","169","2.2","4.3","0.5","999.6","0.0","0.06","0.0","0.0"
"2026/09/03 13:52:00","29.0","67.1","286","354","195","3.1","4.8","0.8","999.6","0.0","0.06","0.0","0.0"
"2026/09/03 13:53:00","28.9","67.4","309","000","270","3.3","4.4","1.9","999.5","0.0","0.06","0.0","0.0"
"2026/09/03 13:54:00","28.8","67.8","305","328","265","3.8","5.8","2.2","999.5","0.0","0.06","0.0","0.0"
"2026/09/03 13:55:00","28.7","67.8","306","023","252","3.3","5.0","1.1","999.4","0.0","0.06","0.0","0.0"
"2026/09/03 13:56:00","28.7","68.0","300","336","253","3.3","5.0","1.3","999.4","0.0","0.06","0.0","0.0"
"2026/09/03 13:57:00","28.6","68.1","295","092","167","2.7","5.6","0.6","999.3","0.0","0.06","0.0","0.0"
"2026/09/03 13:58:00","28.6","68.5","288","008","241","3.1","5.3","1.3","999.3","0.0","0.06","0.0","0.0"
"2026/09/03 13:59:00","28.6","68.6","296","332","234","3.4","4.6","2.0","999.3","0.0","0.06","0.0","0.0"
"2026/09/03 14:00:00","28.6","68.9","300","006","234","2.8","4.6","0.7","999.3","0.0","0.06","0.0","0.0"
"2026/09/03 14:01:00","28.5","68.8","304","000","255","3.6","5.4","1.5","999.2","0.0","0.06","0.0","0.0"
"2026/09/03 14:02:00","28.5","68.8","325","347","306","3.9","5.4","2.7","999.0","0.0","0.06","0.0","0.0"
"2026/09/03 14:03:00","28.5","69.3","297","334","229","2.2","3.9","0.5","999.0","0.0","0.06","0.0","0.0"
"2026/09/03 14:04:00","28.5","69.0","300","327","229","3.3","4.8","0.5","999.0","0.0","0.06","0.0","0.0"
"2026/09/03 14:05:00","28.5","68.9","313","328","280","4.0","5.0","2.6","999.0","0.0","0.06","0.0","0.0"
"2026/09/03 14:06:00","28.4","68.3","315","332","278","4.6","5.6","2.6","999.1","0.0","0.06","0.0","0.0"
"2026/09/03 14:07:00","28.4","69.2","308","037","249","2.8","4.4","1.0","999.1","0.0","0.06","0.0","0.0"
"2026/09/03 14:08:00","28.4","68.8","309","341","251","3.4","5.1","1.9","999.0","0.0","0.06","0.0","0.0"
"2026/09/03 14:09:00","28.4","68.3","310","354","251","3.5","5.0","1.9","999.1","0.0","0.06","0.0","0.0"
"2026/09/03 14:10:00","28.4","67.7","326","348","306","3.8","4.7","2.5","999.0","0.0","0.06","0.0","0.0"
"2026/09/03 14:11:00","28.4","67.4","325","353","301","3.6","5.0","2.5","999.1","0.0","0.06","0.0","0.0"
"2026/09/03 14:12:00","28.4","67.8","315","346","272","2.5","3.9","1.2","999.1","0.0","0.06","0.0","0.0"
"2026/09/03 14:13:00","28.4","67.7","295","001","239","2.1","3.4","0.5","999.2","0.0","0.06","0.0","0.0"
"2026/09/03 14:14:00","28.5","67.8","294","044","154","1.9","3.3","0.5","999.2","0.0","0.06","0.0","0.0"
"2026/09/03 14:15:00","28.5","67.5","276","353","169","2.4","4.9","0.4","999.1","0.0","0.06","0.0","0.0"
"2026/09/03 14:16:00","28.5","67.3","282","316","250","3.4","5.5","1.9","999.1","0.0","0.06","0.0","0.0"
"2026/09/03 14:17:00","28.5","67.4","291","351","246","2.3","4.0","0.5","999.1","0.0","0.06","0.0","0.0"
"2026/09/03 14:18:00","28.5","67.3","296","329","239","3.5","5.7","0.8","999.0","0.0","0.06","0.0","0.0"
"2026/09/03 14:19:00","28.5","67.6","292","333","239","3.6","5.4","0.8","998.9","0.0","0.06","0.0","0.0"
"2026/09/03 14:20:00","28.5","67.9","292","341","221","2.7","5.3","1.2","999.1","0.0","0.06","0.0","0.0"
"2026/09/03 14:21:00","28.5","68.1","298","326","272","4.4","5.9","2.8","999.0","0.0","0.06","0.0","0.0"
"2026/09/03 14:22:00","28.4","68.6","286","086","204","3.3","6.0","0.7","999.1","0.0","0.06","0.0","0.0"
"2026/09/03 14:23:00","28.4","68.7","292","331","215","4.2","6.0","1.1","999.1","0.0","0.06","0.0","0.0"
"2026/09/03 14:24:00","28.4","69.0","293","346","228","3.3","5.1","1.3","999.1","0.0","0.06","0.0","0.0"
"2026/09/03 14:25:00","28.4","69.2","289","316","249","4.0","5.9","2.3","999.1","0.0","0.06","0.0","0.0"
"2026/09/03 14:26:00","28.4","69.6","259","020","114","2.2","4.0","0.5","999.2","0.0","0.06","0.0","0.0"
"2026/09/03 14:27:00","28.4","69.7","278","002","209","2.0","3.3","0.7","999.2","0.0","0.06","0.0","0.0"
"2026/09/03 14:28:00","28.4","69.6","310","345","250","3.2","5.1","1.3","999.2","0.0","0.06","0.0","0.0"
"2026/09/03 14:29:00","28.4","69.8","317","022","265","2.6","3.7","0.5","999.2","0.0","0.06","0.0","0.0"
"2026/09/03 14:30:00","28.4","70.1","292","346","240","2.8","4.8","0.4","999.1","0.0","0.06","0.0","0.0"
"2026/09/03 14:31:00","28.4","70.2","319","337","278","4.5","5.8","3.4","999.0","0.0","0.06","0.0","0.0"
"2026/09/03 14:32:00","28.4","70.6","319","346","251","3.8","5.2","1.7","999.0","0.0","0.06","0.0","0.0"
"2026/09/03 14:33:00","28.3","70.5","310","350","253","3.5","5.3","1.5","998.9","0.0","0.06","0.0","0.0"
"2026/09/03 14:34:00","28.3","70.9","291","009","241","2.6","4.3","0.9","998.9","0.0","0.06","0.0","0.0"
"2026/09/03 14:35:00","28.3","70.8","338","064","257","1.7","3.4","0.4","999.0","0.0","0.06","0.0","0.0"
"2026/09/03 14:36:00","28.3","70.8","348","064","288","1.5","2.8","0.4","999.0","0.0","0.06","0.0","0.0"
"2026/09/03 14:37:00","28.3","70.2","334","019","279","2.8","4.2","1.3","999.0","0.0","0.06","0.0","0.0"
"2026/09/03 14:38:00","28.3","69.8","296","079","177","2.4","4.8","0.6","999.0","0.0","0.06","0.0","0.0"
"2026/09/03 14:39:00","28.3","69.4","321","355","270","2.6","4.0","1.6","999.1","0.0","0.06","0.0","0.0"
"2026/09/03 14:40:00","28.3","69.7","353","088","258","1.3","2.3","0.3","999.1","0.0","0.06","0.0","0.0"
"2026/09/03 14:41:00","28.3","69.6","327","153","238","1.4","2.7","0.4","999.1","0.0","0.06","0.0","0.0"
"2026/09/03 14:42:00","28.3","68.4","318","350","263","2.5","5.1","1.3","999.0","0.0","0.06","0.0","0.0"
"2026/09/03 14:43:00","28.3","67.8","305","342","198","3.0","5.0","0.7","999.0","0.0","0.06","0.0","0.0"
"2026/09/03 14:44:00","28.3","67.8","292","015","173","2.0","4.3","0.6","999.0","0.0","0.06","0.0","0.0"
"2026/09/03 14:45:00","28.4","67.5","291","358","185","2.5","4.9","0.8","999.1","0.0","0.06","0.0","0.0"
"2026/09/03 14:46:00","28.4","66.6","299","064","192","3.0","5.4","0.4","999.0","0.0","0.06","0.0","0.0"
"2026/09/03 14:47:00","28.4","65.8","312","016","240","3.9","6.5","1.0","999.0","0.0","0.06","0.0","0.0"
"2026/09/03 14:48:00","28.3","65.2","336","014","283","4.7","6.5","2.8","998.9","0.0","0.06","0.0","0.0"
"2026/09/03 14:49:00","28.3","65.8","339","042","294","3.8","5.1","1.0","998.8","0.0","0.06","0.0","0.0"
"2026/09/03 14:50:00","28.2","66.4","297","046","228","2.0","4.1","0.3","998.8","0.0","0.06","0.0","0.0"
"2026/09/03 14:51:00","28.2","66.5","317","357","267","3.1","5.2","0.8","998.8","0.1","0.06","0.0","0.0"
"2026/09/03 14:52:00","28.2","67.0","313","336","297","4.9","6.0","2.8","998.6","0.0","0.06","0.0","0.0"
"2026/09/03 14:53:00","28.1","67.5","332","009","313","4.7","6.2","3.1","998.5","0.0","0.06","0.0","0.0"
"2026/09/03 14:54:00","28.1","67.9","346","065","280","2.7","4.6","1.3","998.2","0.0","0.06","0.0","0.0"
"2026/09/03 14:55:00","28.1","68.2","353","060","286","3.2","5.3","1.4","998.0","0.0","0.06","0.0","0.0"
"2026/09/03 14:56:00","28.1","68.5","010","066","337","3.5","5.8","1.5","997.9","0.0","0.06","0.0","0.0"
"2026/09/03 14:57:00","28.1","68.9","352","107","291","2.2","5.2","0.3","997.9","0.0","0.06","0.0","0.0"
"2026/09/03 14:58:00","28.1","69.3","332","081","247","2.3","6.0","0.7","997.9","0.0","0.06","0.0","0.0"
"2026/09/03 14:59:00","28.1","69.3","357","044","313","4.3","7.3","1.5","998.0","0.0","0.06","0.0","0.0"
"2026/09/03 15:00:00","28.0","69.8","331","353","273","3.5","5.3","2.4","997.9","0.0","0.06","0.0","0.0"
"2026/09/03 15:01:00","28.0","70.0","324","112","184","2.2","4.2","0.4","997.9","0.0","0.06","0.0","0.0"
"2026/09/03 15:02:00","28.0","70.6","304","029","209","3.3","5.9","0.7","998.0","0.0","0.06","0.0","0.0"
"2026/09/03 15:03:00","28.0","70.6","302","333","255","4.6","8.8","1.7","997.8","0.0","0.06","0.0","0.0"
"2026/09/03 15:04:00","27.9","70.0","317","001","259","4.4","7.2","0.8","998.3","0.0","0.06","0.0","0.0"
"2026/09/03 15:05:00","27.8","67.1","316","357","263","5.4","8.0","2.5","998.3","0.0","0.06","0.0","0.0"
"2026/09/03 15:06:00","27.7","66.8","305","343","254","5.5","8.0","2.2","998.5","0.0","0.06","0.0","0.0"
"2026/09/03 15:07:00","27.7","66.2","312","340","267","6.3","9.3","3.0","998.6","0.0","0.06","0.0","0.0"
"2026/09/03 15:08:00","27.7","66.4","300","338","199","4.2","7.5","1.0","998.8","0.0","0.06","0.0","0.0"
"2026/09/03 15:09:00","27.7","66.5","290","355","184","4.1","8.9","0.7","998.9","0.0","0.06","0.0","0.0"
"2026/09/03 15:10:00","27.7","66.6","285","339","215","5.1","7.9","1.8","999.0","0.0","0.06","0.0","0.0"
"2026/09/03 15:11:00","27.7","67.0","273","009","127","3.4","6.5","1.1","999.4","0.0","0.06","0.0","0.0"
"2026/09/03 15:12:00","27.7","67.1","294","341","252","4.7","8.7","0.9","999.5","0.0","0.06","0.0","0.0"
"2026/09/03 15:13:00","27.6","67.1","278","342","190","4.6","7.3","1.5","999.8","0.0","0.06","0.0","0.0"
"2026/09/03 15:14:00","27.6","66.8","262","014","168","3.6","7.1","0.9","999.8","0.0","0.06","0.0","0.0"
"2026/09/03 15:15:00","27.6","66.3","298","337","246","5.4","8.5","2.0","999.9","0.0","0.06","0.0","0.0"
"2026/09/03 15:16:00","27.5","66.5","306","029","225","4.5","6.7","0.9","1000.0","0.0","0.06","0.0","0.0"
"2026/09/03 15:17:00","27.4","66.8","294","328","260","4.4","6.1","2.6","999.9","0.0","0.06","0.0","0.0"
"2026/09/03 15:18:00","27.3","66.8","314","346","275","4.7","7.1","3.1","1000.0","0.0","0.06","0.0","0.0"
"2026/09/03 15:19:00","27.3","66.9","313","013","243","4.7","8.4","1.1","999.9","0.0","0.06","0.0","0.0"
"2026/09/03 15:20:00","27.1","67.4","303","036","199","4.6","8.5","1.0","999.8","0.0","0.06","0.0","0.0"
"2026/09/03 15:21:00","27.0","67.8","297","327","234","4.8","8.4","2.2","999.9","0.0","0.06","0.0","0.0"
"2026/09/03 15:22:00","26.9","67.6","318","335","277","9.3","12.6","3.8","999.7","0.0","0.06","0.0","0.0"
"2026/09/03 15:23:00","26.7","67.6","318","033","269","6.8","11.1","2.2","999.8","0.0","0.06","0.0","0.0"
"2026/09/03 15:24:00","26.6","67.3","305","005","249","6.4","13.5","2.3","999.9","0.0","0.06","0.0","0.0"
"2026/09/03 15:25:00","26.4","66.1","307","031","225","5.8","11.5","1.5","999.9","0.0","0.06","0.0","0.0"
"2026/09/03 15:26:00","26.3","65.3","313","338","235","7.6","11.5","3.6","999.9","0.0","0.06","0.0","0.0"
"2026/09/03 15:27:00","26.3","65.1","304","354","225","5.8","9.2","1.5","999.9","0.0","0.06","0.0","0.0"
"2026/09/03 15:28:00","26.2","64.6","327","021","195","5.4","9.0","1.4","1000.2","0.0","0.06","0.0","0.0"
"2026/09/03 15:29:00","26.2","64.5","300","338","246","3.7","7.1","1.6","1000.0","0.0","0.06","0.0","0.0"
"2026/09/03 15:30:00","26.2","64.6","312","343","256","3.4","6.0","1.7","1000.2","0.0","0.06","0.0","0.0"
"2026/09/03 15:31:00","26.2","64.6","310","017","227","2.7","5.4","0.7","1000.2","0.0","0.06","0.0","0.0"
"2026/09/03 15:32:00","26.2","64.5","311","354","245","3.0","5.3","0.9","1000.3","0.0","0.06","0.0","0.0"
"2026/09/03 15:33:00","26.2","64.4","318","004","233","2.6","4.6","1.2","1000.3","0.0","0.06","0.0","0.0"
"2026/09/03 15:34:00","26.2","64.4","322","015","260","3.1","4.4","1.3","1000.2","0.0","0.06","0.0","0.0"
"2026/09/03 15:35:00","26.2","64.2","322","039","259","2.1","3.4","0.6","1000.2","0.0","0.06","0.0","0.0"
"2026/09/03 15:36:00","26.2","64.6","297","004","238","3.2","6.9","0.8","1000.1","0.0","0.06","0.0","0.0"
"2026/09/03 15:37:00","26.1","64.0","331","351","306","3.8","5.8","1.4","1000.3","0.0","0.06","0.0","0.0"
"2026/09/03 15:38:00","26.0","64.3","311","348","262","5.7","8.6","2.1","1000.4","0.0","0.06","0.0","0.0"
"2026/09/03 15:39:00","25.9","64.5","331","031","280","4.6","6.5","0.5","1000.5","0.0","0.06","0.0","0.0"
"2026/09/03 15:40:00","25.8","65.1","316","017","248","3.6","6.9","0.6","1000.6","0.0","0.06","0.0","0.0"
"2026/09/03 15:41:00","25.8","65.3","309","008","201","2.6","4.4","0.7","1000.7","0.0","0.06","0.0","0.0"
"2026/09/03 15:42:00","25.8","65.3","325","344","286","4.8","6.8","3.0","1000.7","0.0","0.06","0.0","0.0"
"2026/09/03 15:43:00","25.7","65.7","327","353","276","4.5","6.1","1.7","1000.7","0.0","0.06","0.0","0.0"
"2026/09/03 15:44:00","25.7","66.0","319","347","289","5.3","7.1","3.0","1000.7","0.0","0.06","0.0","0.0"
"2026/09/03 15:45:00","25.7","66.3","317","000","279","4.5","5.8","2.2","1000.7","0.0","0.06","0.0","0.0"
"2026/09/03 15:46:00","25.7","66.8","340","028","283","3.8","6.1","0.9","1000.8","0.0","0.06","0.0","0.0"
"2026/09/03 15:47:00","25.7","67.0","326","062","268","2.8","4.7","1.1","1000.7","0.0","0.06","0.0","0.0"
"2026/09/03 15:48:00","25.7","67.2","323","025","265","2.7","4.6","1.4","1000.7","0.0","0.06","0.0","0.0"
"2026/09/03 15:49:00","25.7","67.2","312","349","244","3.7","5.2","1.9","1000.6","0.0","0.06","0.0","0.0"
"2026/09/03 15:50:00","25.7","67.2","324","008","299","4.0","6.0","1.6","1000.6","0.0","0.06","0.0","0.0"
"2026/09/03 15:51:00","25.7","67.4","331","351","292","4.8","6.0","2.7","1000.6","0.0","0.06","0.0","0.0"
"2026/09/03 15:52:00","25.7","67.7","333","049","289","4.4","6.6","1.8","1000.4","0.0","0.06","0.0","0.0"
"2026/09/03 15:53:00","25.6","67.9","327","339","317","4.8","5.8","3.8","1000.3","0.0","0.06","0.0","0.0"
"2026/09/03 15:54:00","25.6","68.2","322","349","272","3.8","5.2","1.4","1000.3","0.0","0.06","0.0","0.0"
"2026/09/03 15:55:00","25.6","68.1","299","072","216","2.6","3.9","0.4","1000.2","0.0","0.06","0.0","0.0"
"2026/09/03 15:56:00","25.6","68.2","301","333","256","3.4","5.6","1.2","1000.1","0.0","0.06","0.0","0.0"
"2026/09/03 15:57:00","25.6","68.0","324","041","267","3.6","5.3","1.1","1000.0","0.0","0.06","0.0","0.0"
"2026/09/03 15:58:00","25.6","68.3","299","352","238","2.9","5.0","1.1","999.9","0.0","0.06","0.0","0.0"
"2026/09/03 15:59:00","25.7","68.1","304","338","220","3.2","4.9","0.6","999.9","0.0","0.06","0.0","0.0"
"2026/09/03 16:00:00","25.7","67.2","325","356","282","4.3","7.7","1.8","999.8","0.0","0.06","0.0","0.0"
"2026/09/03 16:01:00","25.7","66.8","324","022","248","4.6","7.1","2.1","999.8","0.0","0.06","0.0","0.0"
"2026/09/03 16:02:00","25.7","67.0","302","348","243","4.1","5.7","2.0","999.8","0.0","0.06","0.0","0.0"
"2026/09/03 16:03:00","25.7","66.4","297","357","222","3.9","6.5","2.0","999.8","0.0","0.06","0.0","0.0"
"2026/09/03 16:04:00","25.7","66.1","312","008","246","3.4","6.1","1.2","999.8","0.0","0.06","0.0","0.0"
"2026/09/03 16:05:00","25.7","65.8","299","341","261","4.0","6.2","1.1","999.8","0.0","0.06","0.0","0.0"
"2026/09/03 16:06:00","25.7","65.7","300","013","230","3.9","6.8","0.8","999.8","0.0","0.06","0.0","0.0"
"2026/09/03 16:07:00","25.7","65.7","297","329","239","4.8","7.3","1.6","999.8","0.0","0.06","0.0","0.0"
"2026/09/03 16:08:00","25.7","65.4","327","015","291","4.5","8.0","2.2","1000.0","0.0","0.06","0.0","0.0"
"2026/09/03 16:09:00","25.7","64.8","314","353","217","5.6","9.1","1.6","999.9","0.0","0.06","0.0","0.0"
"2026/09/03 16:10:00","25.6","65.5","319","073","202","3.9","7.1","0.4","1000.0","0.0","0.07","0.0","0.0"
"2026/09/03 16:11:00","25.6","65.1","315","014","218","4.7","6.7","0.9","1000.0","0.0","0.07","0.0","0.0"
"2026/09/03 16:12:00","25.6","65.5","324","354","293","4.6","7.2","2.9","1000.1","0.0","0.07","0.0","0.0"
"2026/09/03 16:13:00","25.6","65.6","313","349","267","4.0","9.0","1.3","1000.1","0.0","0.07","0.0","0.0"
"2026/09/03 16:14:00","25.6","64.7","345","026","306","5.3","9.4","1.8","1000.1","0.0","0.07","0.0","0.0"
"2026/09/03 16:15:00","25.6","65.4","311","053","230","3.3","5.8","0.7","1000.0","0.0","0.07","0.0","0.0"
"2026/09/03 16:16:00","25.6","65.3","304","323","247","5.2","6.7","3.5","999.9","0.0","0.07","0.0","0.0"
"2026/09/03 16:17:00","25.6","64.9","325","011","268","4.3","6.7","2.4","1000.0","0.0","0.07","0.0","0.0"
"2026/09/03 16:18:00","25.6","65.0","332","065","262","3.6","6.6","0.8","999.8","0.0","0.07","0.0","0.0"
"2026/09/03 16:19:00","25.6","64.9","344","016","311","5.1","7.6","3.9","999.7","0.0","0.07","0.0","0.0"
"2026/09/03 16:20:00","25.6","65.0","340","021","297","3.1","5.0","1.6","999.6","0.0","0.07","0.0","0.0"
"2026/09/03 16:21:00","25.5","65.3","353","093","255","2.0","4.1","0.2","999.3","0.0","0.07","0.0","0.0"
"2026/09/03 16:22:00","25.5","65.6","007","112","204","1.9","4.4","0.4","999.1","0.0","0.07","0.0","0.0"
"2026/09/03 16:23:00","25.5","65.0","023","066","316","3.0","4.8","0.8","998.9","0.0","0.07","0.0","0.0"
"2026/09/03 16:24:00","25.6","64.9","039","075","324","2.8","4.8","1.4","998.9","0.0","0.07","0.0","0.0"
"2026/09/03 16:25:00","25.6","63.4","029","083","333","4.8","6.8","2.0","998.7","0.0","0.07","0.0","0.0"
"2026/09/03 16:26:00","25.5","63.3","038","072","356","4.8","8.3","1.6","998.8","0.0","0.07","0.0","0.0"
"2026/09/03 16:27:00","25.5","63.4","057","082","019","5.1","6.7","2.9","998.7","0.0","0.07","0.0","0.0"
"2026/09/03 16:28:00","25.4","63.4","063","090","042","4.5","5.7","3.0","998.7","0.1","0.07","0.0","0.0"
"2026/09/03 16:29:00","25.4","62.9","049","088","325","3.6","6.4","1.6","998.7","0.0","0.07","0.0","0.0"
"2026/09/03 16:30:00","25.4","62.5","024","069","338","4.0","5.8","2.1","998.7","0.0","0.07","0.0","0.0"
"2026/09/03 16:31:00","25.4","62.4","053","085","009","3.1","5.5","1.5","998.6","0.0","0.07","0.0","0.0"
"2026/09/03 16:32:00","25.4","62.6","038","076","004","3.5","6.1","1.3","998.6","0.0","0.07","0.0","0.0"
"2026/09/03 16:33:00","25.4","62.3","002","066","287","3.2","5.5","0.4","998.5","0.0","0.07","0.0","0.0"
"2026/09/03 16:34:00","25.4","62.7","007","082","275","2.5","4.3","0.8","998.6","0.0","0.07","0.0","0.0"
"2026/09/03 16:35:00","25.3","62.6","027","093","257","2.6","4.7","0.8","998.5","0.0","0.07","0.0","0.0"
"2026/09/03 16:36:00","25.3","62.7","031","113","339","2.6","6.0","0.3","998.5","0.0","0.07","0.0","0.0"
"2026/09/03 16:37:00","25.3","62.6","006","051","325","2.2","4.3","0.5","998.5","0.0","0.07","0.0","0.0"
"2026/09/03 16:38:00","25.3","62.9","051","109","354","1.9","3.6","0.6","998.6","0.0","0.07","0.0","0.0"
"2026/09/03 16:39:00","25.3","62.9","090","173","334","1.2","2.5","0.2","999.0","0.0","0.07","0.0","0.0"
"2026/09/03 16:40:00","25.2","62.9","335","019","281","3.1","4.8","1.0","999.3","0.0","0.07","0.0","0.0"
"2026/09/03 16:41:00","25.2","63.4","300","083","200","2.1","4.2","0.6","999.7","0.0","0.07","0.0","0.0"
"2026/09/03 16:42:00","25.3","62.8","301","003","229","3.6","5.2","1.7","999.9","0.0","0.07","0.0","0.0"
"2026/09/03 16:43:00","25.3","62.2","293","339","258","3.9","6.1","1.5","1000.1","0.0","0.07","0.0","0.0"
"2026/09/03 16:44:00","25.3","62.7","294","068","191","3.7","6.3","1.2","1000.1","0.0","0.07","0.0","0.0"
"2026/09/03 16:45:00","25.3","62.8","294","066","219","2.8","5.3","0.7","1000.2","0.0","0.07","0.0","0.0"
"2026/09/03 16:46:00","25.3","62.6","308","100","178","1.5","3.4","0.3","1000.2","0.0","0.07","0.0","0.0"
"2026/09/03 16:47:00","25.3","62.7","297","093","158","1.8","3.2","0.3","1000.2","0.0","0.07","0.0","0.0"
"2026/09/03 16:48:00","25.3","62.5","304","359","207","2.1","2.9","0.7","1000.2","0.0","0.07","0.0","0.0"
"2026/09/03 16:49:00","25.3","62.6","293","005","240","2.2","4.2","0.7","1000.3","0.0","0.07","0.0","0.0"
"2026/09/03 16:50:00","25.3","62.9","298","089","214","2.5","4.9","0.4","1000.4","0.0","0.07","0.0","0.0"
"2026/09/03 16:51:00","25.3","62.7","294","355","227","3.2","5.0","0.7","1000.4","0.0","0.07","0.0","0.0"
"2026/09/03 16:52:00","25.3","62.7","289","041","196","2.6","4.3","0.6","1000.5","0.0","0.07","0.0","0.0"
"2026/09/03 16:53:00","25.3","62.5","290","323","243","3.9","6.7","0.6","1000.5","0.0","0.07","0.0","0.0"
"2026/09/03 16:54:00","25.3","62.5","311","341","253","4.2","6.6","1.5","1000.4","0.0","0.07","0.0","0.0"
"2026/09/03 16:55:00","25.2","62.4","329","009","283","4.5","6.3","2.0","1000.5","0.0","0.07","0.0","0.0"
"2026/09/03 16:56:00","25.2","62.8","325","106","260","2.5","5.1","0.4","1000.4","0.0","0.07","0.0","0.0"
"2026/09/03 16:57:00","25.2","62.8","312","340","254","4.3","6.4","1.7","1000.3","0.0","0.07","0.0","0.0"
"2026/09/03 16:58:00","25.1","63.0","292","355","214","2.8","5.0","0.8","1000.3","0.0","0.07","0.0","0.0"
"2026/09/03 16:59:00","25.1","63.1","291","352","193","2.0","4.2","0.7","1000.2","0.0","0.07","0.0","0.0"
"2026/09/03 17:00:00","25.2","62.8","304","335","236","4.4","6.8","1.7","1000.1","0.0","0.07","0.0","0.0"
"2026/09/03 17:01:00","25.1","62.6","323","344","299","4.0","5.7","2.1","1000.1","0.0","0.07","0.0","0.0"
"2026/09/03 17:02:00","25.1","62.6","330","008","305","3.9","4.9","2.7","1000.0","0.0","0.07","0.0","0.0"
"2026/09/03 17:03:00","25.1","62.7","335","003","291","3.5","6.1","1.1","1000.0","0.0","0.07","0.0","0.0"
"2026/09/03 17:04:00","25.1","63.0","319","066","218","1.8","3.6","0.6","1000.0","0.0","0.07","0.0","0.0"
"2026/09/03 17:05:00","25.1","62.7","325","008","270","3.4","5.6","1.7","1000.0","0.0","0.07","0.0","0.0"
"2026/09/03 17:06:00","25.1","62.8","313","351","254","3.2","5.8","1.0","1000.0","0.0","0.07","0.0","0.0"
"2026/09/03 17:07:00","25.0","62.9","328","002","294","2.8","4.2","1.6","1000.0","0.0","0.07","0.0","0.0"
"2026/09/03 17:08:00","25.0","63.4","312","339","288","2.0","2.7","1.2","1000.0","0.0","0.07","0.0","0.0"
"2026/09/03 17:09:00","25.0","63.1","337","011","286","2.9","4.4","0.7","1000.0","0.0","0.07","0.0","0.0"
"2026/09/03 17:10:00","25.0","63.3","321","011","292","2.9","4.3","1.2","999.9","0.0","0.07","0.0","0.0"
"2026/09/03 17:11:00","25.0","63.6","339","061","240","1.5","3.1","0.4","999.8","0.0","0.07","0.0","0.0"
"2026/09/03 17:12:00","25.0","63.5","357","061","328","1.4","2.1","0.9","999.8","0.0","0.07","0.0","0.0"
"2026/09/03 17:13:00","25.0","63.5","001","054","323","2.7","3.8","1.3","999.7","0.0","0.07","0.0","0.0"
"2026/09/03 17:14:00","25.0","63.3","329","030","292","2.8","4.1","1.7","999.6","0.0","0.07","0.0","0.0"
"2026/09/03 17:15:00","25.0","63.6","306","022","270","2.0","2.8","0.7","999.6","0.0","0.07","0.0","0.0"
"2026/09/03 17:16:00","25.1","63.5","323","066","242","1.6","3.2","0.5","999.7","0.0","0.07","0.0","0.0"
"2026/09/03 17:17:00","25.0","63.3","027","059","317","1.5","2.6","0.3","999.6","0.0","0.07","0.0","0.0"
"2026/09/03 17:18:00","25.0","63.6","009","102","297","1.6","3.6","0.3","999.6","0.0","0.07","0.0","0.0"
"2026/09/03 17:19:00","25.0","63.5","334","011","301","2.6","4.2","0.3","999.6","0.0","0.07","0.0","0.0"
"2026/09/03 17:20:00","25.0","63.6","057","083","029","2.1","3.2","0.6","999.5","0.0","0.07","0.0","0.0"
"2026/09/03 17:21:00","25.0","63.5","051","067","017","2.8","3.9","1.5","999.4","0.0","0.07","0.0","0.0"
"2026/09/03 17:22:00","25.0","63.7","027","057","337","2.8","3.9","1.5","999.3","0.0","0.07","0.0","0.0"
"2026/09/03 17:23:00","25.0","63.5","024","085","340","2.9","4.4","1.5","999.1","0.0","0.07","0.0","0.0"
"2026/09/03 17:24:00","25.0","63.6","017","050","331","3.3","4.8","1.7","999.1","0.0","0.07","0.0","0.0"
"2026/09/03 17:25:00","25.0","63.7","027","098","352","4.0","6.5","1.8","999.1","0.0","0.07","0.0","0.0"
"2026/09/03 17:26:00","25.0","63.9","022","081","308","3.6","6.5","1.3","999.1","0.0","0.07","0.0","0.0"
"2026/09/03 17:27:00","24.9","64.1","023","088","329","3.3","5.4","0.9","999.0","0.0","0.07","0.0","0.0"
"2026/09/03 17:28:00","24.9","64.3","024","080","350","3.5","5.4","1.5","999.1","0.0","0.07","0.0","0.0"
"2026/09/03 17:29:00","24.9","64.5","034","082","009","3.4","5.9","1.7","999.2","0.0","0.07","0.0","0.0"
"2026/09/03 17:30:00","24.8","64.6","010","047","304","3.2","4.4","1.1","999.4","0.0","0.07","0.0","0.0"
"2026/09/03 17:31:00","24.8","64.8","337","027","276","2.3","4.7","1.1","999.5","0.0","0.07","0.0","0.0"
"2026/09/03 17:32:00","24.8","64.9","317","358","224","2.3","5.1","0.6","999.6","0.0","0.07","0.0","0.0"
"2026/09/03 17:33:00","24.9","65.2","306","032","214","2.0","3.2","0.2","999.6","0.0","0.07","0.0","0.0"
"2026/09/03 17:34:00","24.9","65.1","006","097","167","1.1","2.8","0.2","999.6","0.0","0.07","0.0","0.0"
"2026/09/03 17:35:00","24.9","65.2","306","025","245","2.0","4.0","0.8","999.6","0.0","0.07","0.0","0.0"
"2026/09/03 17:36:00","24.9","65.3","304","333","232","1.9","3.1","0.8","999.6","0.0","0.07","0.0","0.0"
"2026/09/03 17:37:00","24.9","65.5","291","358","207","1.5","2.9","0.4","999.7","0.0","0.07","0.0","0.0"
"2026/09/03 17:38:00","24.9","65.4","325","058","216","0.5","1.4","0.0","999.7","0.0","0.07","0.0","0.0"
"2026/09/03 17:39:00","24.9","65.3","269","054","178","0.9","2.4","0.2","999.7","0.0","0.07","0.0","0.0"
"2026/09/03 17:40:00","24.9","65.3","290","333","249","1.7","2.7","0.9","999.7","0.0","0.07","0.0","0.0"
"2026/09/03 17:41:00","24.9","65.4","291","041","186","1.5","3.1","0.2","999.6","0.0","0.07","0.0","0.0"
"2026/09/03 17:42:00","24.9","65.4","286","061","162","1.0","2.5","0.2","999.5","0.0","0.07","0.0","0.0"
"2026/09/03 17:43:00","24.9","65.5","301","054","173","1.5","2.8","0.2","999.4","0.0","0.07","0.0","0.0"
"2026/09/03 17:44:00","24.9","65.3","337","005","221","2.8","4.2","0.7","999.2","0.0","0.07","0.0","0.0"
"2026/09/03 17:45:00","24.8","65.7","351","032","299","2.6","4.1","0.7","999.1","0.0","0.07","0.0","0.0"
"2026/09/03 17:46:00","24.8","65.8","355","123","254","1.2","2.4","0.2","998.9","0.0","0.07","0.0","0.0"
"2026/09/03 17:47:00","24.8","65.9","007","083","268","2.0","4.7","0.3","998.8","0.0","0.07","0.0","0.0"
"2026/09/03 17:48:00","24.8","65.9","030","075","344","3.8","6.1","0.9","998.7","0.0","0.07","0.0","0.0"
"2026/09/03 17:49:00","24.7","66.1","023","060","357","3.8","4.8","2.2","998.7","0.0","0.07","0.0","0.0"
"2026/09/03 17:50:00","24.6","66.4","018","076","345","2.8","4.3","0.8","998.8","0.0","0.07","0.0","0.0"
"2026/09/03 17:51:00","24.6","66.5","003","108","305","2.8","5.0","0.3","998.9","0.0","0.07","0.0","0.0"
"2026/09/03 17:52:00","24.6","66.8","018","057","350","2.7","4.3","1.4","999.1","0.0","0.07","0.0","0.0"
"2026/09/03 17:53:00","24.6","66.9","025","103","332","2.8","4.6","0.7","999.1","0.0","0.07","0.0","0.0"
"2026/09/03 17:54:00","24.5","67.0","041","085","349","2.6","3.7","1.0","999.0","0.0","0.07","0.0","0.0"
"2026/09/03 17:55:00","24.6","67.0","043","075","019","2.4","4.3","0.3","999.0","0.0","0.07","0.0","0.0"
"2026/09/03 17:56:00","24.6","67.2","357","114","242","1.4","2.6","0.5","998.9","0.0","0.07","0.0","0.0"
"2026/09/03 17:57:00","24.6","67.0","048","080","013","1.9","3.2","0.7","998.8","0.0","0.07","0.0","0.0"
"2026/09/03 17:58:00","24.6","67.0","033","078","011","2.7","4.0","0.6","998.7","0.0","0.07","0.0","0.0"
"2026/09/03 17:59:00","24.6","67.0","072","097","008","1.8","3.0","1.2","998.6","0.0","0.07","0.0","0.0"
"2026/09/03 18:00:00","24.6","67.0","052","093","344","1.3","2.1","0.4","998.7","0.0","0.07","0.0","0.0"
"2026/09/03 18:01:00","24.6","66.9","042","085","302","0.8","1.6","0.1","998.7","0.0","0.07","0.0","0.0"
"2026/09/03 18:02:00","24.6","67.1","316","118","166","0.4","1.1","0.0","998.8","0.0","0.07","0.0","0.0"
"2026/09/03 18:03:00","24.6","67.2","299","113","168","0.4","1.1","0.0","999.0","0.0","0.07","0.0","0.0"
"2026/09/03 18:04:00","24.6","67.2","296","055","130","0.4","0.9","0.0","999.2","0.0","0.07","0.0","0.0"
"2026/09/03 18:05:00","24.6","67.2","303","008","175","1.0","1.8","0.2","999.3","0.0","0.07","0.0","0.0"
"2026/09/03 18:06:00","24.6","67.1","034","120","248","0.9","1.3","0.3","999.3","0.0","0.07","0.0","0.0"
"2026/09/03 18:07:00","24.6","67.2","045","108","354","1.4","2.2","0.4","999.3","0.0","0.07","0.0","0.0"
"2026/09/03 18:08:00","24.6","67.2","054","070","034","1.4","2.1","0.6","999.3","0.0","0.07","0.0","0.0"
"2026/09/03 18:09:00","24.6","67.4","053","109","355","1.1","2.0","0.2","999.2","0.0","0.07","0.0","0.0"
"2026/09/03 18:10:00","24.6","67.4","036","075","352","1.5","2.4","0.3","999.2","0.0","0.07","0.0","0.0"
"2026/09/03 18:11:00","24.5","67.5","016","056","329","1.0","1.6","0.3","999.2","0.0","0.07","0.0","0.0"
"2026/09/03 18:12:00","24.5","67.5","035","079","006","1.4","2.0","0.3","999.1","0.0","0.07","0.0","0.0"
"2026/09/03 18:13:00","24.5","67.5","024","052","340","1.2","1.8","0.2","999.0","0.0","0.07","0.0","0.0"
"2026/09/03 18:14:00","24.5","67.5","018","067","350","1.3","1.8","0.5","999.0","0.0","0.07","0.0","0.0"
"2026/09/03 18:15:00","24.6","67.4","048","103","353","1.0","1.6","0.3","998.9","0.0","0.07","0.0","0.0"
"2026/09/03 18:16:00","24.6","67.7","306","094","257","0.7","1.3","0.0","998.9","0.0","0.07","0.0","0.0"
"2026/09/03 18:17:00","24.6","67.7","254","327","138","0.7","1.2","0.1","998.9","0.0","0.07","0.0","0.0"
"2026/09/03 18:18:00","24.6","67.7","134","280","002","0.4","0.9","0.1","998.8","0.0","0.07","0.0","0.0"
"2026/09/03 18:19:00","24.6","67.4","058","083","034","1.6","2.4","0.6","998.7","0.0","0.07","0.0","0.0"
"2026/09/03 18:20:00","24.6","67.5","073","094","056","2.0","2.6","1.4","998.7","0.0","0.07","0.0","0.0"
"2026/09/03 18:21:00","24.6","67.5","094","115","067","2.0","2.6","1.3","998.7","0.0","0.07","0.0","0.0"
"2026/09/03 18:22:00","24.6","67.5","077","122","348","1.8","2.5","0.7","998.9","0.0","0.07","0.0","0.0"
"2026/09/03 18:23:00","24.6","67.6","088","121","048","1.0","1.5","0.5","999.0","0.0","0.07","0.0","0.0"
"2026/09/03 18:24:00","24.5","67.6","079","104","043","0.8","1.2","0.5","999.0","0.0","0.07","0.0","0.0"
"2026/09/03 18:25:00","24.5","67.7","099","177","051","0.4","0.7","0.1","999.0","0.0","0.07","0.0","0.0"
"2026/09/03 18:26:00","24.5","67.6","094","255","312","0.1","0.4","0.0","999.0","0.0","0.07","0.0","0.0"
"2026/09/03 18:27:00","24.5","67.7","059","105","273","0.6","1.1","0.0","999.0","0.0","0.07","0.0","0.0"
"2026/09/03 18:28:00","24.5","67.7","092","107","067","0.5","0.8","0.2","998.9","0.0","0.07","0.0","0.0"
"2026/09/03 18:29:00","24.5","67.9","046","164","328","0.6","1.1","0.1","998.9","0.0","0.07","0.0","0.0"
"2026/09/03 18:30:00","24.5","67.9","058","210","285","0.5","1.2","0.0","999.0","0.0","0.07","0.0","0.0"
"2026/09/03 18:31:00","24.5","68.2","300","086","232","0.5","0.9","0.1","999.0","0.0","0.07","0.0","0.0"
"2026/09/03 18:32:00","24.5","68.2","287","045","215","0.5","1.2","0.1","999.0","0.0","0.07","0.0","0.0"
"2026/09/03 18:33:00","24.5","68.3","280","331","134","1.1","1.7","0.2","999.0","0.0","0.07","0.0","0.0"
"2026/09/03 18:34:00","24.5","68.4","242","055","084","0.4","1.3","0.1","999.0","0.0","0.07","0.0","0.0"
"2026/09/03 18:35:00","24.5","68.3","227","314","077","0.7","1.4","0.1","998.9","0.0","0.07","0.0","0.0"
"2026/09/03 18:36:00","24.5","68.4","287","058","194","0.4","1.1","0.1","998.9","0.0","0.07","0.0","0.0"
"2026/09/03 18:37:00","24.5","68.3","273","052","214","0.8","1.3","0.0","998.9","0.0","0.07","0.0","0.0"
"2026/09/03 18:38:00","24.5","68.3","225","333","178","0.9","1.2","0.2","999.0","0.0","0.07","0.0","0.0"
"2026/09/03 18:39:00","24.5","68.4","235","275","203","0.5","0.9","0.1","999.0","0.0","0.07","0.0","0.0"
"2026/09/03 18:40:00","24.5","68.5","196","259","110","0.6","0.9","0.1","999.0","0.0","0.07","0.0","0.0"
"2026/09/03 18:41:00","24.5","68.4","152","187","116","0.6","1.0","0.2","999.0","0.0","0.07","0.0","0.0"
"2026/09/03 18:42:00","24.5","68.5","153","314","004","0.4","0.8","0.1","999.0","0.0","0.07","0.0","0.0"
"2026/09/03 18:43:00","24.5","68.4","044","230","297","0.3","0.7","0.0","999.0","0.0","0.07","0.0","0.0"
"2026/09/03 18:44:00","24.5","68.3","102","178","261","0.6","1.1","0.0","998.9","0.0","0.07","0.0","0.0"
"2026/09/03 18:45:00","24.5","68.2","183","212","156","0.9","1.2","0.5","998.9","0.0","0.07","0.0","0.0"
"2026/09/03 18:46:00","24.6","68.1","184","215","127","0.7","1.1","0.3","998.9","0.0","0.07","0.0","0.0"
"2026/09/03 18:47:00","24.6","68.0","178","215","117","0.5","0.7","0.1","999.0","0.0","0.07","0.0","0.0"
"2026/09/03 18:48:00","24.6","67.9","195","244","094","0.5","0.9","0.1","999.0","0.0","0.07","0.0","0.0"
"2026/09/03 18:49:00","24.7","67.8","188","219","159","0.7","1.1","0.2","999.1","0.0","0.07","0.0","0.0"
"2026/09/03 18:50:00","24.7","67.7","174","287","104","0.5","1.0","0.1","999.1","0.0","0.07","0.0","0.0"
"2026/09/03 18:51:00","24.7","67.6","189","273","115","0.4","0.8","0.1","999.0","0.0","0.07","0.0","0.0"
"2026/09/03 18:52:00","24.7","67.7","178","206","141","0.6","1.0","0.2","999.0","0.0","0.07","0.0","0.0"
"2026/09/03 18:53:00","24.7","67.7","201","268","088","0.4","0.7","0.1","999.0","0.0","0.07","0.0","0.0"
"2026/09/03 18:54:00","24.7","68.2","160","253","125","0.8","1.4","0.1","998.9","0.0","0.07","0.0","0.0"
"2026/09/03 18:55:00","24.7","68.3","162","180","136","1.0","1.6","0.7","998.9","0.0","0.07","0.0","0.0"
"2026/09/03 18:56:00","24.6","68.2","172","221","157","0.9","1.4","0.4","998.8","0.0","0.07","0.0","0.0"
"2026/09/03 18:57:00","24.7","68.1","169","187","148","0.9","1.4","0.4","998.8","0.0","0.07","0.0","0.0"
"2026/09/03 18:58:00","24.7","68.3","159","185","109","0.8","1.3","0.4","998.9","0.0","0.07","0.0","0.0"
"2026/09/03 18:59:00","24.7","68.3","148","216","081","0.6","1.4","0.1","998.9","0.0","0.07","0.0","0.0"
"2026/09/03 19:00:00","24.7","68.4","182","270","119","0.5","1.2","0.0","999.0","0.0","0.07","0.0","0.0"
"2026/09/03 19:01:00","24.7","68.6","166","213","117","0.8","1.2","0.4","999.1","0.0","0.07","0.0","0.0"
"2026/09/03 19:02:00","24.7","68.7","223","315","116","0.4","0.9","0.1","999.1","0.0","0.07","0.0","0.0"
"2026/09/03 19:03:00","24.6","68.7","228","306","176","0.4","0.8","0.2","999.1","0.0","0.07","0.0","0.0"
"2026/09/03 19:04:00","24.6","68.8","295","072","117","0.3","0.7","0.0","999.1","0.0","0.07","0.0","0.0"
"2026/09/03 19:05:00","24.6","68.9","229","229","095","0.5","1.2","0.1","999.0","0.0","0.07","0.0","0.0"
"2026/09/03 19:06:00","24.6","68.6","172","209","141","0.9","1.3","0.5","998.9","0.0","0.07","0.0","0.0"
"2026/09/03 19:07:00","24.6","68.3","167","272","096","0.6","1.1","0.0","998.9","0.0","0.07","0.0","0.0"
"2026/09/03 19:08:00","24.7","68.2","184","215","146","0.8","1.3","0.4","998.9","0.0","0.07","0.0","0.0"
"2026/09/03 19:09:00","24.7","68.2","157","277","063","0.5","1.0","0.0","998.8","0.0","0.07","0.0","0.0"
"2026/09/03 19:10:00","24.7","68.0","161","252","040","0.8","1.3","0.0","998.9","0.0","0.07","0.0","0.0"
"2026/09/03 19:11:00","24.7","67.7","191","311","129","0.4","0.9","0.0","998.9","0.0","0.07","0.0","0.0"
"2026/09/03 19:12:00","24.7","67.8","226","017","137","0.2","0.5","0.0","999.0","0.0","0.07","0.0","0.0"
"2026/09/03 19:13:00","24.7","68.0","302","089","170","0.2","0.5","0.0","999.1","0.0","0.07","0.0","0.0"
"2026/09/03 19:14:00","24.6","68.2","292","041","214","0.4","0.8","0.1","999.1","0.0","0.07","0.0","0.0"
"2026/09/03 19:15:00","24.6","68.5","336","019","263","0.3","0.6","0.1","999.2","0.0","0.07","0.0","0.0"
"2026/09/03 19:16:00","24.6","68.6","024","069","319","0.5","0.8","0.2","999.2","0.0","0.07","0.0","0.0"
"2026/09/03 19:17:00","24.6","68.2","075","129","051","0.4","0.8","0.0","999.2","0.0","0.07","0.0","0.0"
"2026/09/03 19:18:00","24.5","68.4","142","183","079","0.7","1.0","0.2","999.3","0.0","0.07","0.0","0.0"
"2026/09/03 19:19:00","24.5","68.3","154","276","071","0.5","1.0","0.1","999.3","0.0","0.07","0.0","0.0"
"2026/09/03 19:20:00","24.5","68.3","158","232","115","0.5","0.9","0.1","999.3","0.0","0.07","0.0","0.0"
"2026/09/03 19:21:00","24.5","68.4","161","199","125","1.0","1.7","0.3","999.3","0.0","0.07","0.0","0.0"
"2026/09/03 19:22:00","24.5","68.2","149","170","121","0.9","1.2","0.5","999.3","0.0","0.07","0.0","0.0"
"2026/09/03 19:23:00","24.5","68.2","124","166","106","0.6","0.7","0.3","999.3","0.0","0.07","0.0","0.0"
"2026/09/03 19:24:00","24.5","68.4","098","117","059","0.6","0.8","0.3","999.3","0.0","0.07","0.0","0.0"
"2026/09/03 19:25:00","24.5","68.4","119","156","074","0.7","1.1","0.3","999.3","0.0","0.07","0.0","0.0"
"2026/09/03 19:26:00","24.5","68.5","111","230","337","0.4","0.8","0.0","999.3","0.0","0.07","0.0","0.0"
"2026/09/03 19:27:00","24.5","68.5","134","209","094","0.7","1.1","0.3","999.3","0.0","0.07","0.0","0.0"
"2026/09/03 19:28:00","24.5","68.6","148","172","114","1.3","2.0","0.5","999.3","0.0","0.07","0.0","0.0"
"2026/09/03 19:29:00","24.5","68.6","161","175","153","1.4","1.7","1.2","999.3","0.0","0.07","0.0","0.0"
"2026/09/03 19:30:00","24.4","68.7","158","197","131","1.3","1.9","0.6","999.4","0.0","0.07","0.0","0.0"
"2026/09/03 19:31:00","24.5","68.6","165","206","148","1.1","1.6","0.5","999.4","0.0","0.07","0.0","0.0"
"2026/09/03 19:32:00","24.5","68.6","162","206","139","1.2","1.8","0.4","999.4","0.0","0.07","0.0","0.0"
"2026/09/03 19:33:00","24.5","68.5","154","184","126","1.4","1.9","0.7","999.4","0.0","0.07","0.0","0.0"
"2026/09/03 19:34:00","24.5","68.4","166","237","129","1.2","1.9","0.2","999.4","0.0","0.07","0.0","0.0"
"2026/09/03 19:35:00","24.5","68.2","154","169","131","1.3","1.7","0.9","999.5","0.0","0.07","0.0","0.0"
"2026/09/03 19:36:00","24.5","68.3","151","191","109","0.9","1.5","0.2","999.5","0.0","0.07","0.0","0.0"
"2026/09/03 19:37:00","24.5","68.2","156","195","110","1.3","1.8","0.4","999.5","0.0","0.07","0.0","0.0"
"2026/09/03 19:38:00","24.5","68.2","158","171","135","1.3","1.6","1.0","999.5","0.0","0.07","0.0","0.0"
"2026/09/03 19:39:00","24.5","68.2","159","192","141","1.4","1.9","0.9","999.5","0.0","0.07","0.0","0.0"
"2026/09/03 19:40:00","24.5","68.3","147","237","094","0.7","1.3","0.1","999.5","0.0","0.07","0.0","0.0"
"2026/09/03 19:41:00","24.5","68.3","153","222","098","0.8","1.5","0.2","999.5","0.0","0.07","0.0","0.0"
"2026/09/03 19:42:00","24.5","68.2","150","181","112","1.4","1.8","0.9","999.5","0.0","0.07","0.0","0.0"
"2026/09/03 19:43:00","24.6","68.2","147","209","102","0.9","1.5","0.4","999.4","0.0","0.07","0.0","0.0"
"2026/09/03 19:44:00","24.6","68.1","155","242","085","1.0","1.7","0.3","999.4","0.0","0.07","0.0","0.0"
"2026/09/03 19:45:00","24.6","67.9","150","208","116","1.7","2.5","0.3","999.4","0.0","0.07","0.0","0.0"
"2026/09/03 19:46:00","24.6","68.0","145","192","107","1.5","2.2","0.6","999.4","0.0","0.07","0.0","0.0"
"2026/09/03 19:47:00","24.6","68.2","135","209","061","0.6","1.4","0.1","999.4","0.0","0.07","0.0","0.0"
"2026/09/03 19:48:00","24.6","68.3","146","177","112","1.5","2.4","0.7","999.4","0.0","0.07","0.0","0.0"
"2026/09/03 19:49:00","24.5","68.3","143","171","113","1.4","2.0","0.7","999.4","0.0","0.07","0.0","0.0"
"2026/09/03 19:50:00","24.5","68.3","159","190","104","1.2","1.9","0.6","999.5","0.0","0.07","0.0","0.0"
"2026/09/03 19:51:00","24.5","68.3","153","209","118","1.0","1.6","0.2","999.5","0.0","0.07","0.0","0.0"
"2026/09/03 19:52:00","24.5","68.2","138","185","091","1.3","1.9","0.2","999.5","0.0","0.07","0.0","0.0"
"2026/09/03 19:53:00","24.5","68.1","135","218","051","1.2","2.0","0.2","999.5","0.0","0.07","0.0","0.0"
"2026/09/03 19:54:00","24.5","68.1","137","191","332","1.3","2.3","0.0","999.5","0.0","0.07","0.0","0.0"
"2026/09/03 19:55:00","24.5","68.0","147","177","112","1.6","2.4","0.9","999.5","0.0","0.07","0.0","0.0"
"2026/09/03 19:56:00","24.5","68.1","148","186","118","1.3","2.2","0.7","999.5","0.0","0.07","0.0","0.0"
"2026/09/03 19:57:00","24.5","68.1","137","207","029","1.2","2.2","0.3","999.5","0.0","0.07","0.0","0.0"
"2026/09/03 19:58:00","24.5","68.2","149","202","100","1.4","1.9","0.4","999.5","0.0","0.07","0.0","0.0"
"2026/09/03 19:59:00","24.5","68.2","144","187","088","1.3","2.0","0.6","999.5","0.0","0.07","0.0","0.0"
"2026/09/03 20:00:00","24.5","68.3","160","195","118","1.2","1.9","0.3","999.5","0.0","0.07","0.0","0.0"
"2026/09/03 20:01:00","24.5","68.3","148","223","109","1.2","1.8","0.4","999.6","0.0","0.07","0.0","0.0"
"2026/09/03 20:02:00","24.5","68.4","151","193","112","1.1","2.1","0.5","999.6","0.0","0.07","0.0","0.0"
"2026/09/03 20:03:00","24.5","68.4","150","173","121","1.3","2.0","0.5","999.6","0.0","0.07","0.0","0.0"
"2026/09/03 20:04:00","24.5","68.6","154","230","106","1.0","1.5","0.4","999.6","0.0","0.07","0.0","0.0"
"2026/09/03 20:05:00","24.5","68.6","161","219","095","0.7","1.4","0.1","999.7","0.0","0.07","0.0","0.0"
"2026/09/03 20:06:00","24.5","68.5","161","223","112","1.3","2.0","0.3","999.7","0.0","0.07","0.0","0.0"
"2026/09/03 20:07:00","24.5","68.4","148","201","123","1.4","2.3","0.3","999.7","0.0","0.07","0.0","0.0"
"2026/09/03 20:08:00","24.5","68.5","146","197","096","1.2","2.4","0.2","999.7","0.0","0.07","0.0","0.0"
"2026/09/03 20:09:00","24.5","68.6","142","194","089","1.5","2.5","0.8","999.6","0.0","0.07","0.0","0.0"
"2026/09/03 20:10:00","24.5","68.5","145","198","103","1.6","2.6","0.4","999.6","0.0","0.07","0.0","0.0"
"2026/09/03 20:11:00","24.5","68.5","145","211","094","1.2","2.1","0.1","999.6","0.0","0.07","0.0","0.0"
"2026/09/03 20:12:00","24.5","68.3","147","209","098","1.7","2.8","0.6","999.6","0.0","0.07","0.0","0.0"
"2026/09/03 20:13:00","24.5","68.2","147","180","122","1.9","2.7","0.9","999.6","0.0","0.07","0.0","0.0"
"2026/09/03 20:14:00","24.4","68.2","150","203","119","1.6","2.8","0.4","999.7","0.0","0.07","0.0","0.0"
"2026/09/03 20:15:00","24.4","68.2","156","201","128","2.3","3.1","1.0","999.7","0.0","0.07","0.0","0.0"
"2026/09/03 20:16:00","24.4","68.3","149","175","115","1.9","2.7","1.1","999.7","0.0","0.07","0.0","0.0"
"2026/09/03 20:17:00","24.4","68.5","148","184","113","2.0","3.1","0.7","999.7","0.0","0.07","0.0","0.0"
"2026/09/03 20:18:00","24.4","68.6","151","186","124","1.6","2.4","0.7","999.8","0.0","0.07","0.0","0.0"
"2026/09/03 20:19:00","24.4","68.6","165","197","067","1.3","1.9","0.1","999.8","0.0","0.07","0.0","0.0"
"2026/09/03 20:20:00","24.4","68.7","147","250","108","1.2","1.6","0.2","999.8","0.0","0.07","0.0","0.0"
"2026/09/03 20:21:00","24.4","68.7","174","236","111","0.7","1.4","0.2","999.9","0.0","0.07","0.0","0.0"
"2026/09/03 20:22:00","24.5","68.6","178","219","146","1.4","1.9","0.7","999.9","0.0","0.07","0.0","0.0"
"2026/09/03 20:23:00","24.4","68.7","170","215","097","1.3","2.2","0.4","999.9","0.0","0.07","0.0","0.0"
"2026/09/03 20:24:00","24.5","68.7","170","212","129","1.3","2.1","0.7","999.9","0.0","0.07","0.0","0.0"
"2026/09/03 20:25:00","24.5","68.6","150","197","087","1.2","1.9","0.3","999.9","0.0","0.07","0.0","0.0"
"2026/09/03 20:26:00","24.5","68.7","173","209","145","1.3","2.0","0.8","999.9","0.0","0.07","0.0","0.0"
"2026/09/03 20:27:00","24.5","68.6","146","196","073","1.0","1.9","0.1","999.9","0.0","0.07","0.0","0.0"
"2026/09/03 20:28:00","24.5","68.6","148","175","117","1.1","1.8","0.4","999.9","0.0","0.07","0.0","0.0"
"2026/09/03 20:29:00","24.5","68.8","155","194","108","1.1","1.6","0.4","999.9","0.0","0.07","0.0","0.0"
"2026/09/03 20:30:00","24.4","68.9","153","170","128","1.3","1.6","1.0","999.9","0.0","0.07","0.0","0.0"
"2026/09/03 20:31:00","24.4","69.1","172","208","121","1.0","1.7","0.6","999.9","0.0","0.07","0.0","0.0"
"2026/09/03 20:32:00","24.4","69.1","173","203","155","1.5","2.3","0.9","1000.0","0.0","0.07","0.0","0.0"
"2026/09/03 20:33:00","24.4","69.1","169","210","124","1.3","2.1","0.4","1000.0","0.0","0.07","0.0","0.0"
"2026/09/03 20:34:00","24.4","69.2","168","187","137","1.8","2.5","1.0","1000.0","0.0","0.07","0.0","0.0"
"2026/09/03 20:35:00","24.4","69.1","159","198","112","1.3","2.3","0.5","1000.0","0.0","0.07","0.0","0.0"
"2026/09/03 20:36:00","24.4","69.1","168","212","130","1.5","2.3","0.7","999.9","0.0","0.07","0.0","0.0"
"2026/09/03 20:37:00","24.4","69.1","165","215","077","1.0","2.0","0.2","1000.0","0.0","0.07","0.0","0.0"
"2026/09/03 20:38:00","24.4","69.0","167","198","149","1.8","2.3","0.6","1000.0","0.0","0.07","0.0","0.0"
"2026/09/03 20:39:00","24.4","69.1","161","247","042","0.8","1.5","0.2","1000.0","0.0","0.07","0.0","0.0"
"2026/09/03 20:40:00","24.4","69.0","158","205","108","1.0","1.6","0.5","1000.0","0.0","0.07","0.0","0.0"
"2026/09/03 20:41:00","24.4","68.9","164","201","118","1.2","2.0","0.3","1000.1","0.0","0.07","0.0","0.0"
"2026/09/03 20:42:00","24.4","68.8","159","191","131","1.5","2.1","1.0","1000.0","0.0","0.07","0.0","0.0"
"2026/09/03 20:43:00","24.4","68.9","162","186","148","1.7","2.0","1.2","1000.1","0.0","0.07","0.0","0.0"
"2026/09/03 20:44:00","24.4","69.0","148","194","101","1.1","2.4","0.5","1000.1","0.0","0.07","0.0","0.0"
"2026/09/03 20:45:00","24.4","68.8","163","205","122","1.2","1.9","0.5","1000.0","0.0","0.07","0.0","0.0"
"2026/09/03 20:46:00","24.4","69.0","165","205","113","1.0","2.3","0.2","1000.0","0.0","0.07","0.0","0.0"
"2026/09/03 20:47:00","24.4","68.8","162","197","127","1.1","2.0","0.5","1000.0","0.0","0.07","0.0","0.0"
"2026/09/03 20:48:00","24.4","68.9","150","230","110","0.8","1.6","0.2","1000.1","0.0","0.07","0.0","0.0"
"2026/09/03 20:49:00","24.4","68.8","149","188","099","1.0","2.6","0.4","1000.1","0.0","0.07","0.0","0.0"
"2026/09/03 20:50:00","24.4","68.7","166","207","134","1.8","2.6","1.0","1000.1","0.0","0.07","0.0","0.0"
"2026/09/03 20:51:00","24.4","68.5","181","218","119","1.4","2.3","0.2","1000.0","0.0","0.07","0.0","0.0"
"2026/09/03 20:52:00","24.4","68.6","156","201","107","1.0","1.6","0.4","1000.0","0.0","0.07","0.0","0.0"
"2026/09/03 20:53:00","24.5","68.3","143","186","083","1.4","2.5","0.5","1000.0","0.0","0.07","0.0","0.0"
"2026/09/03 20:54:00","24.5","68.4","153","193","116","1.2","2.1","0.5","999.9","0.0","0.07","0.0","0.0"
"2026/09/03 20:55:00","24.4","68.3","161","256","086","1.0","2.0","0.2","999.9","0.0","0.07","0.0","0.0"
"2026/09/03 20:56:00","24.5","68.2","174","212","153","1.7","2.5","0.4","999.9","0.0","0.07","0.0","0.0"
"2026/09/03 20:57:00","24.5","68.3","150","274","031","1.1","2.2","0.1","999.9","0.0","0.07","0.0","0.0"
"2026/09/03 20:58:00","24.5","68.3","191","278","080","0.5","1.0","0.1","999.9","0.0","0.07","0.0","0.0"
"2026/09/03 20:59:00","24.5","68.2","151","285","086","0.8","1.6","0.1","999.8","0.0","0.07","0.0","0.0"
"2026/09/03 21:00:00","24.5","68.2","155","211","073","0.7","1.2","0.0","999.8","0.0","0.07","0.0","0.0"
"2026/09/03 21:01:00","24.5","68.1","164","213","133","1.1","1.7","0.4","999.8","0.0","0.07","0.0","0.0"
"2026/09/03 21:02:00","24.5","68.3","144","184","119","0.7","1.2","0.1","999.8","0.0","0.07","0.0","0.0"
"2026/09/03 21:03:00","24.5","68.2","134","172","079","0.8","1.4","0.3","999.8","0.0","0.07","0.0","0.0"
"2026/09/03 21:04:00","24.5","68.3","157","225","108","0.6","1.4","0.3","999.8","0.0","0.07","0.0","0.0"
"2026/09/03 21:05:00","24.5","68.3","158","277","119","0.8","1.3","0.1","999.8","0.0","0.07","0.0","0.0"
"2026/09/03 21:06:00","24.5","68.2","151","207","128","1.4","2.1","0.7","999.8","0.0","0.07","0.0","0.0"
"2026/09/03 21:07:00","24.5","68.1","157","214","136","1.3","2.2","0.3","999.9","0.0","0.07","0.0","0.0"
"2026/09/03 21:08:00","24.5","68.1","176","242","141","0.9","1.5","0.1","999.9","0.0","0.07","0.0","0.0"
"2026/09/03 21:09:00","24.5","68.1","167","239","094","0.8","1.4","0.1","999.9","0.0","0.07","0.0","0.0"
"2026/09/03 21:10:00","24.5","68.1","168","202","105","1.3","2.1","0.7","999.9","0.0","0.07","0.0","0.0"
"2026/09/03 21:11:00","24.5","68.1","158","211","075","0.8","1.5","0.3","999.9","0.0","0.07","0.0","0.0"
"2026/09/03 21:12:00","24.5","67.8","178","204","155","1.7","2.4","0.8","999.9","0.0","0.07","0.0","0.0"
"2026/09/03 21:13:00","24.5","67.9","171","202","125","1.5","2.4","0.5","999.9","0.0","0.07","0.0","0.0"
"2026/09/03 21:14:00","24.5","67.9","174","222","111","1.1","1.8","0.2","999.8","0.0","0.07","0.0","0.0"
"2026/09/03 21:15:00","24.6","67.9","172","199","137","1.4","2.1","0.7","999.8","0.0","0.07","0.0","0.0"
"2026/09/03 21:16:00","24.6","67.8","158","201","104","1.4","1.9","1.1","999.8","0.0","0.07","0.0","0.0"
"2026/09/03 21:17:00","24.6","67.7","157","201","115","1.5","2.4","0.8","999.8","0.0","0.07","0.0","0.0"
"2026/09/03 21:18:00","24.6","67.8","168","189","122","1.6","2.2","0.7","999.8","0.0","0.07","0.0","0.0"
"2026/09/03 21:19:00","24.5","67.9","172","221","149","1.9","2.7","0.9","999.8","0.0","0.07","0.0","0.0"
"2026/09/03 21:20:00","24.5","67.8","156","212","105","1.4","2.6","0.1","999.7","0.0","0.07","0.0","0.0"
"2026/09/03 21:21:00","24.5","68.0","163","193","113","1.6","2.5","0.4","999.7","0.0","0.07","0.0","0.0"
"2026/09/03 21:22:00","24.5","68.1","156","189","110","1.5","2.4","0.9","999.7","0.0","0.07","0.0","0.0"
"2026/09/03 21:23:00","24.5","68.0","150","197","112","1.4","2.6","0.4","999.6","0.0","0.07","0.0","0.0"
"2026/09/03 21:24:00","24.5","67.9","158","204","107","1.5","2.3","0.3","999.5","0.0","0.07","0.0","0.0"
"2026/09/03 21:25:00","24.5","67.9","150","182","120","1.4","1.9","0.7","999.5","0.0","0.07","0.0","0.0"
"2026/09/03 21:26:00","24.5","68.0","154","194","118","1.6","2.4","0.7","999.5","0.0","0.07","0.0","0.0"
"2026/09/03 21:27:00","24.5","67.8","165","190","127","1.8","2.6","1.0","999.5","0.0","0.07","0.0","0.0"
"2026/09/03 21:28:00","24.5","67.8","142","170","121","1.9","2.6","0.6","999.4","0.0","0.07","0.0","0.0"
"2026/09/03 21:29:00","24.5","67.8","159","218","115","1.6","2.9","0.6","999.4","0.0","0.07","0.0","0.0"
"2026/09/03 21:30:00","24.5","67.7","157","248","097","1.2","2.4","0.1","999.4","0.0","0.07","0.0","0.0"
"2026/09/03 21:31:00","24.6","67.8","144","194","122","1.7","2.4","0.7","999.3","0.0","0.07","0.0","0.0"
"2026/09/03 21:32:00","24.5","67.8","147","209","086","1.5","2.7","0.2","999.3","0.0","0.07","0.0","0.0"
"2026/09/03 21:33:00","24.6","67.7","151","183","093","2.1","3.2","0.8","999.2","0.0","0.07","0.0","0.0"
"2026/09/03 21:34:00","24.6","67.7","149","196","123","1.9","2.6","0.9","999.2","0.0","0.07","0.0","0.0"
"2026/09/03 21:35:00","24.6","67.7","154","197","123","2.1","3.3","0.7","999.2","0.0","0.07","0.0","0.0"
"2026/09/03 21:36:00","24.6","67.7","152","219","103","2.0","3.2","0.5","999.2","0.0","0.07","0.0","0.0"
"2026/09/03 21:37:00","24.5","67.6","152","198","125","2.3","3.1","1.1","999.2","0.0","0.07","0.0","0.0"
"2026/09/03 21:38:00","24.5","67.6","151","200","125","2.5","3.2","1.6","999.1","0.0","0.07","0.0","0.0"
"2026/09/03 21:39:00","24.5","67.7","146","160","113","2.4","3.2","1.4","999.0","0.0","0.07","0.0","0.0"
"2026/09/03 21:40:00","24.5","67.8","142","204","099","1.5","2.5","0.6","999.0","0.0","0.07","0.0","0.0"
"2026/09/03 21:41:00","24.5","67.7","150","190","131","1.7","2.4","0.8","999.0","0.0","0.07","0.0","0.0"
"2026/09/03 21:42:00","24.5","67.8","146","215","090","1.3","2.3","0.3","999.0","0.0","0.07","0.0","0.0"
"2026/09/03 21:43:00","24.5","67.8","150","218","077","1.3","2.6","0.2","999.0","0.0","0.07","0.0","0.0"
"2026/09/03 21:44:00","24.5","67.8","155","203","112","1.5","2.6","0.4","999.0","0.0","0.07","0.0","0.0"
"2026/09/03 21:45:00","24.5","67.7","156","193","130","2.1","3.6","0.8","999.0","0.0","0.07","0.0","0.0"
"2026/09/03 21:46:00","24.6","67.6","162","264","093","1.9","3.5","0.6","999.0","0.0","0.07","0.0","0.0"
"2026/09/03 21:47:00","24.6","67.6","150","207","102","1.5","2.4","0.6","998.9","0.0","0.07","0.0","0.0"
"2026/09/03 21:48:00","24.6","67.6","161","214","127","1.7","3.1","0.6","998.9","0.0","0.07","0.0","0.0"
"2026/09/03 21:49:00","24.6","67.5","150","185","111","1.9","2.6","1.0","998.8","0.0","0.07","0.0","0.0"
"2026/09/03 21:50:00","24.6","67.5","152","193","096","1.7","2.6","1.0","998.8","0.0","0.07","0.0","0.0"
"2026/09/03 21:51:00","24.6","67.4","153","186","113","2.5","3.9","0.8","998.8","0.0","0.07","0.0","0.0"
"2026/09/03 21:52:00","24.6","67.3","156","177","133","2.6","4.2","1.1","998.8","0.0","0.07","0.0","0.0"
"2026/09/03 21:53:00","24.6","67.3","165","217","121","2.8","4.0","1.3","998.8","0.0","0.07","0.0","0.0"
"2026/09/03 21:54:00","24.6","67.3","173","204","142","2.3","4.1","0.9","998.8","0.0","0.07","0.0","0.0"
"2026/09/03 21:55:00","24.6","67.3","173","216","122","2.2","4.5","0.4","998.7","0.0","0.07","0.0","0.0"
"2026/09/03 21:56:00","24.6","67.2","157","209","085","2.3","3.8","1.1","998.6","0.0","0.07","0.0","0.0"
"2026/09/03 21:57:00","24.6","67.2","154","242","047","1.6","3.0","0.6","998.5","0.0","0.07","0.0","0.0"
"2026/09/03 21:58:00","24.6","67.2","162","213","118","2.0","3.3","0.8","998.4","0.0","0.07","0.0","0.0"
"2026/09/03 21:59:00","24.6","67.2","155","186","131","2.7","4.0","1.5","998.3","0.0","0.07","0.0","0.0"
"2026/09/03 22:00:00","24.6","67.2","158","218","131","2.4","4.6","0.8","998.4","0.0","0.07","0.0","0.0"
"2026/09/03 22:01:00","24.7","67.2","159","204","118","1.9","2.8","1.1","998.4","0.0","0.07","0.0","0.0"
"2026/09/03 22:02:00","24.7","67.1","162","208","090","2.5","3.9","0.3","998.4","0.0","0.07","0.0","0.0"
"2026/09/03 22:03:00","24.7","67.2","162","193","122","2.4","3.9","1.0","998.4","0.0","0.07","0.0","0.0"
"2026/09/03 22:04:00","24.7","67.2","160","202","124","2.4","3.3","1.0","998.4","0.0","0.07","0.0","0.0"
"2026/09/03 22:05:00","24.7","67.2","171","208","110","2.7","4.0","1.6","998.4","0.0","0.07","0.0","0.0"
"2026/09/03 22:06:00","24.7","67.2","172","197","128","2.6","4.0","0.9","998.3","0.0","0.07","0.0","0.0"
"2026/09/03 22:07:00","24.8","67.1","172","247","139","1.9","2.9","1.2","998.3","0.0","0.07","0.0","0.0"
"2026/09/03 22:08:00","24.8","67.0","165","228","120","1.7","3.4","0.3","998.3","0.0","0.07","0.0","0.0"
"2026/09/03 22:09:00","24.8","66.9","168","268","108","1.4","2.5","0.5","998.3","0.0","0.07","0.0","0.0"
"2026/09/03 22:10:00","24.8","66.9","168","198","139","2.2","3.2","1.3","998.2","0.0","0.07","0.0","0.0"
"2026/09/03 22:11:00","24.8","67.0","161","206","126","1.8","3.6","0.5","998.2","0.0","0.07","0.0","0.0"
"2026/09/03 22:12:00","24.8","67.0","161","204","094","2.0","3.5","0.7","998.2","0.0","0.07","0.0","0.0"
"2026/09/03 22:13:00","24.8","67.0","173","283","112","1.5","2.5","0.6","998.3","0.0","0.07","0.0","0.0"
"2026/09/03 22:14:00","24.8","67.1","171","231","113","1.3","1.9","0.5","998.3","0.0","0.07","0.0","0.0"
"2026/09/03 22:15:00","24.8","67.3","188","239","122","1.6","3.9","0.5","998.2","0.0","0.07","0.0","0.0"
"2026/09/03 22:16:00","24.8","67.3","175","218","153","2.2","3.8","0.7","998.2","0.0","0.07","0.0","0.0"
"2026/09/03 22:17:00","24.8","67.3","187","226","158","2.0","4.2","0.7","998.1","0.0","0.07","0.0","0.0"
"2026/09/03 22:18:00","24.8","67.3","177","229","135","2.6","4.0","0.5","998.1","0.0","0.07","0.0","0.0"
"2026/09/03 22:19:00","24.9","67.1","177","217","143","2.6","4.1","1.1","998.1","0.0","0.07","0.0","0.0"
"2026/09/03 22:20:00","24.9","66.9","171","203","132","2.8","4.4","0.7","998.1","0.0","0.07","0.0","0.0"
"2026/09/03 22:21:00","24.9","66.8","176","221","126","2.1","3.2","1.2","998.0","0.0","0.07","0.0","0.0"
"2026/09/03 22:22:00","24.9","66.7","182","227","151","2.8","4.5","1.1","998.0","0.0","0.07","0.0","0.0"
"2026/09/03 22:23:00","24.9","66.7","167","223","116","1.7","2.7","0.6","998.0","0.0","0.07","0.0","0.0"
"2026/09/03 22:24:00","24.9","66.7","167","262","065","1.4","2.7","0.4","998.0","0.0","0.07","0.0","0.0"
"2026/09/03 22:25:00","24.9","66.6","180","298","146","2.0","3.5","0.7","998.0","0.0","0.07","0.0","0.0"
"2026/09/03 22:26:00","24.9","66.5","171","197","135","3.3","4.9","1.6","997.9","0.0","0.07","0.0","0.0"
"2026/09/03 22:27:00","24.9","66.4","174","215","140","3.0","4.1","1.6","997.9","0.0","0.07","0.0","0.0"
"2026/09/03 22:28:00","24.9","66.5","182","225","134","2.0","3.3","0.4","997.9","0.0","0.07","0.0","0.0"
"2026/09/03 22:29:00","24.9","66.4","175","216","124","1.9","4.4","0.3","997.8","0.0","0.07","0.0","0.0"
"2026/09/03 22:30:00","24.9","66.3","184","221","147","2.3","3.5","1.3","997.9","0.0","0.07","0.0","0.0"
"2026/09/03 22:31:00","24.9","66.3","174","209","136","2.0","3.1","0.9","997.8","0.0","0.07","0.0","0.0"
"2026/09/03 22:32:00","24.9","66.4","187","244","141","1.9","3.2","0.7","997.8","0.0","0.07","0.0","0.0"
"2026/09/03 22:33:00","24.9","66.2","184","226","128","2.8","4.3","1.6","997.8","0.0","0.07","0.0","0.0"
"2026/09/03 22:34:00","24.9","66.1","178","248","122","2.5","4.3","1.2","997.8","0.0","0.07","0.0","0.0"
"2026/09/03 22:35:00","24.9","66.2","180","214","126","2.6","4.5","1.3","997.8","0.0","0.07","0.0","0.0"
"2026/09/03 22:36:00","24.9","66.2","182","209","145","2.4","4.0","1.2","997.8","0.0","0.07","0.0","0.0"
"2026/09/03 22:37:00","24.9","66.2","164","210","080","1.7","3.2","0.2","997.7","0.0","0.07","0.0","0.0"
"2026/09/03 22:38:00","24.9","66.3","186","223","122","1.8","3.2","0.4","997.7","0.0","0.07","0.0","0.0"
"2026/09/03 22:39:00","24.9","66.3","173","218","113","2.0","3.2","1.0","997.7","0.0","0.07","0.0","0.0"
"2026/09/03 22:40:00","24.9","66.3","162","195","105","1.2","2.4","0.4","997.7","0.0","0.07","0.0","0.0"
"2026/09/03 22:41:00","24.9","66.2","168","210","107","1.4","2.4","0.5","997.7","0.0","0.07","0.0","0.0"
"2026/09/03 22:42:00","24.9","66.3","168","212","091","1.8","2.8","0.3","997.7","0.0","0.07","0.0","0.0"
"2026/09/03 22:43:00","24.9","66.3","177","247","087","0.8","1.5","0.1","997.7","0.0","0.07","0.0","0.0"
"2026/09/03 22:44:00","24.9","66.3","164","216","121","1.8","3.4","0.6","997.8","0.0","0.07","0.0","0.0"
"2026/09/03 22:45:00","24.9","66.3","200","236","167","1.8","2.8","1.0","997.8","0.0","0.07","0.0","0.0"
"2026/09/03 22:46:00","24.9","66.4","173","211","133","1.7","2.3","0.5","997.9","0.0","0.07","0.0","0.0"
"2026/09/03 22:47:00","24.9","66.5","220","314","127","1.1","2.3","0.3","997.9","0.0","0.07","0.0","0.0"
"2026/09/03 22:48:00","24.9","66.5","210","278","184","1.2","2.0","0.5","997.9","0.0","0.07","0.0","0.0"
"2026/09/03 22:49:00","24.9","66.6","211","250","179","1.5","2.2","0.5","997.9","0.0","0.07","0.0","0.0"
"2026/09/03 22:50:00","24.9","66.6","206","275","162","1.6","2.6","0.7","997.9","0.0","0.07","0.0","0.0"
"2026/09/03 22:51:00","24.8","66.8","237","325","182","1.6","3.4","0.2","997.8","0.0","0.07","0.0","0.0"
"2026/09/03 22:52:00","24.8","66.8","209","277","161","2.7","3.9","1.1","997.8","0.0","0.07","0.0","0.0"
"2026/09/03 22:53:00","24.8","67.0","198","235","151","1.2","2.2","0.4","997.8","0.0","0.07","0.0","0.0"
"2026/09/03 22:54:00","24.8","67.0","212","256","177","0.8","1.3","0.2","997.8","0.0","0.07","0.0","0.0"
"2026/09/03 22:55:00","24.8","67.0","232","338","097","0.6","1.3","0.1","997.7","0.0","0.07","0.0","0.0"
"2026/09/03 22:56:00","24.8","67.2","215","017","133","0.7","1.6","0.2","997.7","0.0","0.07","0.0","0.0"
"2026/09/03 22:57:00","24.8","67.2","178","311","071","1.3","2.6","0.2","997.7","0.0","0.07","0.0","0.0"
"2026/09/03 22:58:00","24.8","67.2","182","313","108","1.6","2.5","0.4","997.7","0.0","0.07","0.0","0.0"
"2026/09/03 22:59:00","24.8","67.3","200","283","111","1.4","2.5","0.5","997.7","0.0","0.07","0.0","0.0"
"2026/09/03 23:00:00","24.8","67.3","172","299","090","1.4","3.1","0.2","997.7","0.0","0.07","0.0","0.0"
"2026/09/03 23:01:00","24.8","67.3","195","239","136","2.1","3.5","0.5","997.7","0.0","0.07","0.0","0.0"
"2026/09/03 23:02:00","24.8","67.3","202","278","135","1.5","2.8","0.6","997.8","0.0","0.07","0.0","0.0"
"2026/09/03 23:03:00","24.8","67.3","180","221","132","2.0","4.4","0.2","997.7","0.0","0.07","0.0","0.0"
"2026/09/03 23:04:00","24.8","67.3","181","249","079","2.1","4.9","0.3","997.7","0.0","0.07","0.0","0.0"
"2026/09/03 23:05:00","24.8","67.1","199","268","140","2.6","4.7","0.3","997.7","0.0","0.07","0.0","0.0"
"2026/09/03 23:06:00","24.8","67.1","208","321","147","1.8","3.4","0.2","997.7","0.0","0.07","0.0","0.0"
"2026/09/03 23:07:00","24.8","67.1","183","240","130","2.6","3.7","0.5","997.6","0.0","0.07","0.0","0.0"
"2026/09/03 23:08:00","24.8","67.1","193","279","146","2.4","4.3","0.5","997.7","0.0","0.07","0.0","0.0"
"2026/09/03 23:09:00","24.8","67.1","206","330","156","2.4","5.3","0.4","997.6","0.0","0.07","0.0","0.0"
"2026/09/03 23:10:00","24.8","67.0","176","214","127","3.0","5.6","1.8","997.5","0.0","0.07","0.0","0.0"
"2026/09/03 23:11:00","24.9","67.0","179","213","141","3.6","6.3","2.0","997.5","0.0","0.07","0.0","0.0"
"2026/09/03 23:12:00","24.9","67.0","182","282","127","3.1","6.2","0.6","997.5","0.0","0.07","0.0","0.0"
"2026/09/03 23:13:00","24.9","66.9","174","243","140","2.8","5.3","1.4","997.4","0.0","0.07","0.0","0.0"
"2026/09/03 23:14:00","24.9","67.0","199","245","157","2.0","3.3","0.7","997.5","0.0","0.07","0.0","0.0"
"2026/09/03 23:15:00","24.9","66.9","171","206","116","3.0","4.7","0.5","997.5","0.0","0.07","0.0","0.0"
"2026/09/03 23:16:00","24.9","67.0","170","223","095","2.1","5.0","0.3","997.5","0.0","0.07","0.0","0.0"
"2026/09/03 23:17:00","24.9","67.0","176","236","133","2.8","4.9","0.3","997.5","0.0","0.07","0.0","0.0"
"2026/09/03 23:18:00","24.9","67.1","178","245","117","2.4","4.4","0.9","997.5","0.0","0.07","0.0","0.0"
"2026/09/03 23:19:00","24.9","67.1","154","181","118","2.9","4.8","1.2","997.4","0.0","0.07","0.0","0.0"
"2026/09/03 23:20:00","24.9","67.1","159","184","117","4.0","6.2","1.3","997.4","0.0","0.07","0.0","0.0"
