"ì˙éû","â∑ìx","éºìx","ïΩãœïóå¸","ç≈ëÂïóå¸","ç≈è¨ïóå¸","ïΩãœïóë¨","ç≈ëÂïóë¨","ç≈è¨ïóë¨","ãCà≥","âJó ã≠ìx","êœéZâJó ","ç~Ëπã≠ìx","ç~ËπêœéZ"
"2026/09/01 00:01:00","23.8","73.2","062","083","029","1.3","1.7","0.7","1005.7","0.0","0.00","0.0","0.0"
"2026/09/01 00:02:00","23.8","73.0","068","093","051","1.8","2.4","0.8","1005.7","0.0","0.00","0.0","0.0"
"2026/09/01 00:03:00","23.8","73.0","063","083","051","1.9","2.3","1.4","1005.7","0.0","0.00","0.0","0.0"
"2026/09/01 00:04:00","23.7","73.1","066","106","043","1.3","1.9","0.8","1005.7","0.0","0.00","0.0","0.0"
"2026/09/01 00:05:00","23.7","73.1","093","115","036","1.3","1.9","0.8","1005.8","0.0","0.00","0.0","0.0"
"2026/09/01 00:06:00","23.7","73.1","081","104","042","1.2","1.6","0.3","1005.8","0.0","0.00","0.0","0.0"
"2026/09/01 00:07:00","23.7","73.1","079","104","042","1.1","1.5","0.6","1005.7","0.0","0.00","0.0","0.0"
"2026/09/01 00:08:00","23.7","73.1","073","121","036","1.4","1.9","0.9","1005.7","0.0","0.00","0.0","0.0"
"2026/09/01 00:09:00","23.7","72.8","085","111","058","1.3","2.0","0.7","1005.7","0.0","0.00","0.0","0.0"
"2026/09/01 00:10:00","23.7","72.8","079","108","047","1.5","2.2","0.8","1005.7","0.0","0.00","0.0","0.0"
"2026/09/01 00:11:00","23.7","72.8","074","131","039","1.4","2.2","0.5","1005.7","0.0","0.00","0.0","0.0"
"2026/09/01 00:12:00","23.8","72.7","137","211","083","0.5","1.0","0.1","1005.7","0.0","0.00","0.0","0.0"
"2026/09/01 00:13:00","23.8","72.6","108","205","070","0.7","1.3","0.1","1005.7","0.0","0.00","0.0","0.0"
"2026/09/01 00:14:00","23.8","72.8","069","092","050","1.6","2.3","0.8","1005.7","0.0","0.00","0.0","0.0"
"2026/09/01 00:15:00","23.7","72.8","057","079","032","1.8","2.4","1.0","1005.7","0.0","0.00","0.0","0.0"
"2026/09/01 00:16:00","23.7","73.0","048","080","020","1.5","1.9","0.6","1005.7","0.0","0.00","0.0","0.0"
"2026/09/01 00:17:00","23.7","73.0","053","115","313","0.5","1.5","0.1","1005.7","0.0","0.00","0.0","0.0"
"2026/09/01 00:18:00","23.7","72.9","064","084","041","1.4","1.8","1.0","1005.7","0.0","0.00","0.0","0.0"
"2026/09/01 00:19:00","23.7","73.0","060","090","039","1.5","1.9","1.0","1005.7","0.0","0.00","0.0","0.0"
"2026/09/01 00:20:00","23.7","72.3","084","105","051","1.9","2.7","1.0","1005.7","0.0","0.00","0.0","0.0"
"2026/09/01 00:21:00","23.7","72.2","073","104","059","2.1","2.9","0.8","1005.7","0.0","0.00","0.0","0.0"
"2026/09/01 00:22:00","23.7","72.3","065","089","049","2.2","3.3","1.1","1005.7","0.0","0.00","0.0","0.0"
"2026/09/01 00:23:00","23.7","72.3","084","113","060","1.5","2.4","0.8","1005.7","0.0","0.00","0.0","0.0"
"2026/09/01 00:24:00","23.7","72.4","099","191","070","1.6","2.3","0.5","1005.6","0.0","0.00","0.0","0.0"
"2026/09/01 00:25:00","23.7","72.2","114","145","084","1.7","2.7","0.3","1005.6","0.0","0.00","0.0","0.0"
"2026/09/01 00:26:00","23.7","72.1","103","177","064","1.7","3.0","0.2","1005.6","0.0","0.00","0.0","0.0"
"2026/09/01 00:27:00","23.7","72.1","078","117","040","1.9","2.4","0.9","1005.6","0.0","0.00","0.0","0.0"
"2026/09/01 00:28:00","23.7","72.0","079","105","053","1.7","2.4","0.8","1005.6","0.0","0.00","0.0","0.0"
"2026/09/01 00:29:00","23.7","71.9","101","128","079","1.4","2.2","0.3","1005.5","0.0","0.00","0.0","0.0"
"2026/09/01 00:30:00","23.7","72.0","106","130","076","1.7","2.5","0.8","1005.5","0.0","0.00","0.0","0.0"
"2026/09/01 00:31:00","23.7","72.1","103","142","068","1.4","2.4","0.7","1005.5","0.0","0.00","0.0","0.0"
"2026/09/01 00:32:00","23.7","72.0","103","150","052","1.5","2.0","0.6","1005.5","0.0","0.00","0.0","0.0"
"2026/09/01 00:33:00","23.6","72.1","106","140","065","1.5","2.2","1.0","1005.5","0.0","0.00","0.0","0.0"
"2026/09/01 00:34:00","23.6","72.2","105","126","086","1.4","2.2","0.6","1005.5","0.0","0.00","0.0","0.0"
"2026/09/01 00:35:00","23.6","72.3","097","112","081","1.8","2.3","1.3","1005.5","0.0","0.00","0.0","0.0"
"2026/09/01 00:36:00","23.6","72.4","104","132","077","1.5","2.3","0.7","1005.6","0.0","0.00","0.0","0.0"
"2026/09/01 00:37:00","23.6","72.4","100","128","073","1.6","2.2","0.6","1005.6","0.0","0.00","0.0","0.0"
"2026/09/01 00:38:00","23.6","72.5","102","143","064","0.8","1.2","0.4","1005.6","0.0","0.00","0.0","0.0"
"2026/09/01 00:39:00","23.6","72.4","101","114","063","1.4","2.5","0.7","1005.5","0.0","0.00","0.0","0.0"
"2026/09/01 00:40:00","23.6","72.5","101","139","081","1.7","2.6","1.0","1005.5","0.0","0.00","0.0","0.0"
"2026/09/01 00:41:00","23.6","72.6","078","104","045","1.1","1.9","0.2","1005.5","0.0","0.00","0.0","0.0"
"2026/09/01 00:42:00","23.6","72.6","096","180","065","0.9","1.4","0.3","1005.5","0.0","0.00","0.0","0.0"
"2026/09/01 00:43:00","23.6","72.6","086","210","322","0.8","1.3","0.2","1005.5","0.0","0.00","0.0","0.0"
"2026/09/01 00:44:00","23.6","72.6","105","144","067","1.4","2.4","0.8","1005.5","0.0","0.00","0.0","0.0"
"2026/09/01 00:45:00","23.6","72.6","110","146","067","1.9","2.6","0.9","1005.4","0.0","0.00","0.0","0.0"
"2026/09/01 00:46:00","23.6","72.7","099","120","079","2.0","2.8","1.3","1005.4","0.0","0.00","0.0","0.0"
"2026/09/01 00:47:00","23.6","72.8","103","120","084","1.8","2.4","1.2","1005.4","0.0","0.00","0.0","0.0"
"2026/09/01 00:48:00","23.6","72.9","087","138","051","1.3","2.1","0.6","1005.4","0.0","0.00","0.0","0.0"
"2026/09/01 00:49:00","23.6","72.9","105","162","007","1.1","1.8","0.3","1005.4","0.0","0.00","0.0","0.0"
"2026/09/01 00:50:00","23.6","73.0","084","181","046","1.1","1.7","0.4","1005.4","0.0","0.00","0.0","0.0"
"2026/09/01 00:51:00","23.6","73.0","089","178","344","1.2","2.2","0.2","1005.4","0.0","0.00","0.0","0.0"
"2026/09/01 00:52:00","23.6","73.0","082","105","054","1.6","2.3","0.9","1005.4","0.0","0.00","0.0","0.0"
"2026/09/01 00:53:00","23.6","73.0","078","098","057","1.5","2.3","0.7","1005.4","0.0","0.00","0.0","0.0"
"2026/09/01 00:54:00","23.6","73.0","069","097","048","1.5","2.4","0.6","1005.4","0.0","0.00","0.0","0.0"
"2026/09/01 00:55:00","23.6","73.1","055","072","022","1.6","2.2","1.0","1005.4","0.0","0.00","0.0","0.0"
"2026/09/01 00:56:00","23.6","73.1","067","090","046","1.6","2.2","1.0","1005.4","0.0","0.00","0.0","0.0"
"2026/09/01 00:57:00","23.6","73.2","080","095","057","1.1","1.5","0.6","1005.4","0.0","0.00","0.0","0.0"
"2026/09/01 00:58:00","23.6","73.2","067","098","046","1.2","1.6","0.8","1005.4","0.0","0.00","0.0","0.0"
"2026/09/01 00:59:00","23.6","73.2","060","148","329","0.7","1.1","0.1","1005.4","0.0","0.00","0.0","0.0"
"2026/09/01 01:00:00","23.6","73.2","015","092","299","0.8","1.5","0.2","1005.4","0.0","0.00","0.0","0.0"
"2026/09/01 01:01:00","23.6","73.2","032","083","318","0.6","1.1","0.2","1005.5","0.0","0.00","0.0","0.0"
"2026/09/01 01:02:00","23.6","73.2","047","082","011","1.1","2.0","0.3","1005.5","0.0","0.00","0.0","0.0"
"2026/09/01 01:03:00","23.6","73.1","049","072","014","1.4","2.0","0.8","1005.4","0.0","0.00","0.0","0.0"
"2026/09/01 01:04:00","23.6","73.2","056","088","016","1.3","2.2","0.7","1005.5","0.0","0.00","0.0","0.0"
"2026/09/01 01:05:00","23.6","73.2","048","079","017","1.5","2.5","0.7","1005.5","0.0","0.00","0.0","0.0"
"2026/09/01 01:06:00","23.6","73.3","045","073","021","1.9","2.5","0.5","1005.5","0.0","0.00","0.0","0.0"
"2026/09/01 01:07:00","23.6","73.4","056","066","032","1.9","2.5","1.2","1005.5","0.0","0.00","0.0","0.0"
"2026/09/01 01:08:00","23.6","73.4","087","117","051","1.3","1.7","0.8","1005.5","0.0","0.00","0.0","0.0"
"2026/09/01 01:09:00","23.6","73.5","072","116","037","1.0","1.4","0.6","1005.5","0.0","0.00","0.0","0.0"
"2026/09/01 01:10:00","23.6","73.5","054","134","306","0.6","1.7","0.0","1005.4","0.0","0.00","0.0","0.0"
"2026/09/01 01:11:00","23.6","73.5","057","119","316","0.6","1.2","0.1","1005.5","0.0","0.00","0.0","0.0"
"2026/09/01 01:12:00","23.6","73.5","089","178","349","0.5","1.0","0.1","1005.5","0.0","0.00","0.0","0.0"
"2026/09/01 01:13:00","23.6","73.5","061","129","010","0.6","1.3","0.3","1005.5","0.0","0.00","0.0","0.0"
"2026/09/01 01:14:00","23.6","73.5","073","199","300","1.2","2.3","0.3","1005.5","0.0","0.00","0.0","0.0"
"2026/09/01 01:15:00","23.6","73.5","083","102","069","1.5","2.1","0.6","1005.5","0.0","0.00","0.0","0.0"
"2026/09/01 01:16:00","23.6","73.6","088","127","033","1.7","2.6","0.5","1005.5","0.0","0.00","0.0","0.0"
"2026/09/01 01:17:00","23.6","73.8","068","146","335","1.5","2.3","0.6","1005.5","0.0","0.00","0.0","0.0"
"2026/09/01 01:18:00","23.6","74.0","028","050","010","1.4","1.9","0.9","1005.5","0.0","0.00","0.0","0.0"
"2026/09/01 01:19:00","23.6","74.0","016","043","350","0.9","1.6","0.5","1005.5","0.0","0.00","0.0","0.0"
"2026/09/01 01:20:00","23.6","74.2","020","059","311","0.8","1.3","0.3","1005.5","0.0","0.00","0.0","0.0"
"2026/09/01 01:21:00","23.6","74.3","347","042","231","0.5","0.9","0.2","1005.6","0.0","0.00","0.0","0.0"
"2026/09/01 01:22:00","23.6","74.5","261","343","149","0.7","2.8","0.0","1005.6","0.0","0.00","0.0","0.0"
"2026/09/01 01:23:00","23.6","74.7","320","354","290","1.6","2.2","1.0","1005.6","0.0","0.00","0.0","0.0"
"2026/09/01 01:24:00","23.6","74.8","343","030","297","1.1","1.8","0.6","1005.6","0.0","0.00","0.0","0.0"
"2026/09/01 01:25:00","23.6","74.8","359","040","314","0.8","1.3","0.4","1005.6","0.0","0.00","0.0","0.0"
"2026/09/01 01:26:00","23.6","74.8","357","075","199","0.9","2.0","0.1","1005.6","0.0","0.00","0.0","0.0"
"2026/09/01 01:27:00","23.5","75.1","046","085","019","1.4","2.0","0.7","1005.6","0.0","0.00","0.0","0.0"
"2026/09/01 01:28:00","23.5","75.2","025","067","339","1.2","1.8","0.5","1005.6","0.0","0.00","0.0","0.0"
"2026/09/01 01:29:00","23.5","75.1","347","069","254","1.0","1.8","0.3","1005.6","0.0","0.00","0.0","0.0"
"2026/09/01 01:30:00","23.5","75.2","319","031","188","0.6","1.1","0.0","1005.6","0.0","0.00","0.0","0.0"
"2026/09/01 01:31:00","23.5","75.3","317","051","210","0.6","1.1","0.2","1005.6","0.0","0.00","0.0","0.0"
"2026/09/01 01:32:00","23.5","75.4","279","353","181","0.9","1.8","0.1","1005.6","0.0","0.00","0.0","0.0"
"2026/09/01 01:33:00","23.5","75.3","321","063","198","0.8","1.4","0.2","1005.6","0.0","0.00","0.0","0.0"
"2026/09/01 01:34:00","23.5","75.3","050","093","001","1.2","2.0","0.5","1005.6","0.0","0.00","0.0","0.0"
"2026/09/01 01:35:00","23.5","75.4","073","099","055","1.9","2.5","1.4","1005.6","0.0","0.00","0.0","0.0"
"2026/09/01 01:36:00","23.5","75.5","064","087","033","1.5","2.5","0.8","1005.6","0.0","0.00","0.0","0.0"
"2026/09/01 01:37:00","23.5","75.5","071","140","294","1.1","1.7","0.1","1005.6","0.0","0.00","0.0","0.0"
"2026/09/01 01:38:00","23.5","75.5","049","082","015","1.3","2.2","0.4","1005.7","0.0","0.00","0.0","0.0"
"2026/09/01 01:39:00","23.5","75.3","041","069","007","1.3","1.8","0.5","1005.6","0.0","0.00","0.0","0.0"
"2026/09/01 01:40:00","23.5","75.4","046","086","333","1.2","1.9","0.1","1005.6","0.0","0.00","0.0","0.0"
"2026/09/01 01:41:00","23.5","75.3","063","099","040","1.6","1.9","0.8","1005.6","0.0","0.00","0.0","0.0"
"2026/09/01 01:42:00","23.5","75.5","066","088","033","1.2","1.6","1.0","1005.6","0.0","0.00","0.0","0.0"
"2026/09/01 01:43:00","23.5","75.6","058","175","355","0.8","1.4","0.1","1005.7","0.0","0.00","0.0","0.0"
"2026/09/01 01:44:00","23.5","75.7","020","044","346","1.3","2.1","0.8","1005.6","0.0","0.00","0.0","0.0"
"2026/09/01 01:45:00","23.5","75.6","020","086","318","0.7","1.2","0.2","1005.6","0.0","0.00","0.0","0.0"
"2026/09/01 01:46:00","23.5","75.6","051","069","026","0.6","0.7","0.4","1005.6","0.0","0.00","0.0","0.0"
"2026/09/01 01:47:00","23.5","75.6","038","074","340","0.5","0.8","0.2","1005.6","0.0","0.00","0.0","0.0"
"2026/09/01 01:48:00","23.5","75.6","023","077","318","0.6","0.9","0.1","1005.6","0.0","0.00","0.0","0.0"
"2026/09/01 01:49:00","23.5","75.8","327","031","269","0.6","1.5","0.2","1005.6","0.0","0.00","0.0","0.0"
"2026/09/01 01:50:00","23.5","75.8","290","090","196","0.6","1.5","0.1","1005.6","0.0","0.00","0.0","0.0"
"2026/09/01 01:51:00","23.5","75.9","303","008","204","0.8","1.4","0.0","1005.6","0.0","0.00","0.0","0.0"
"2026/09/01 01:52:00","23.5","75.9","220","337","090","0.5","1.0","0.1","1005.6","0.0","0.00","0.0","0.0"
"2026/09/01 01:53:00","23.5","75.9","169","295","073","0.4","0.7","0.0","1005.6","0.0","0.00","0.0","0.0"
"2026/09/01 01:54:00","23.5","76.0","089","232","301","0.4","1.2","0.0","1005.6","0.0","0.00","0.0","0.0"
"2026/09/01 01:55:00","23.5","76.0","325","011","309","1.5","1.9","1.2","1005.6","0.0","0.00","0.0","0.0"
"2026/09/01 01:56:00","23.5","76.2","345","019","293","0.9","1.3","0.3","1005.6","0.0","0.00","0.0","0.0"
"2026/09/01 01:57:00","23.5","76.3","329","108","177","0.3","0.7","0.0","1005.6","0.0","0.00","0.0","0.0"
"2026/09/01 01:58:00","23.5","76.3","238","015","072","0.5","0.8","0.1","1005.6","0.0","0.00","0.0","0.0"
"2026/09/01 01:59:00","23.5","76.3","242","311","114","0.4","0.7","0.0","1005.6","0.0","0.00","0.0","0.0"
"2026/09/01 02:00:00","23.5","76.3","207","257","114","0.3","0.5","0.1","1005.6","0.0","0.00","0.0","0.0"
"2026/09/01 02:01:00","23.5","76.3","162","307","011","0.2","0.3","0.0","1005.6","0.0","0.00","0.0","0.0"
"2026/09/01 02:02:00","23.5","76.3","023","139","301","0.5","1.1","0.0","1005.6","0.0","0.00","0.0","0.0"
"2026/09/01 02:03:00","23.5","76.3","044","122","269","0.8","1.9","0.1","1005.6","0.0","0.00","0.0","0.0"
"2026/09/01 02:04:00","23.5","76.2","067","080","045","1.1","1.5","0.6","1005.6","0.0","0.00","0.0","0.0"
"2026/09/01 02:05:00","23.5","76.3","052","067","037","1.3","1.6","0.9","1005.6","0.0","0.00","0.0","0.0"
"2026/09/01 02:06:00","23.4","76.3","028","073","354","1.5","2.2","0.5","1005.6","0.0","0.00","0.0","0.0"
"2026/09/01 02:07:00","23.4","76.3","025","141","334","1.0","1.7","0.3","1005.6","0.0","0.00","0.0","0.0"
"2026/09/01 02:08:00","23.4","76.2","041","079","008","1.3","2.0","0.8","1005.7","0.0","0.00","0.0","0.0"
"2026/09/01 02:09:00","23.4","76.2","031","067","341","1.2","1.9","0.2","1005.7","0.0","0.00","0.0","0.0"
"2026/09/01 02:10:00","23.4","76.2","040","164","333","1.0","1.6","0.2","1005.7","0.0","0.00","0.0","0.0"
"2026/09/01 02:11:00","23.4","76.1","049","081","022","1.1","1.4","0.6","1005.7","0.0","0.00","0.0","0.0"
"2026/09/01 02:12:00","23.4","75.9","083","115","056","0.6","1.0","0.3","1005.7","0.0","0.00","0.0","0.0"
"2026/09/01 02:13:00","23.4","75.7","062","090","274","0.3","0.7","0.0","1005.7","0.0","0.00","0.0","0.0"
"2026/09/01 02:14:00","23.4","76.0","004","025","336","0.4","0.8","0.0","1005.7","0.0","0.00","0.0","0.0"
"2026/09/01 02:15:00","23.4","76.0","024","090","316","0.3","0.6","0.0","1005.7","0.0","0.00","0.0","0.0"
"2026/09/01 02:16:00","23.4","76.1","353","169","186","0.2","0.4","0.0","1005.7","0.0","0.00","0.0","0.0"
"2026/09/01 02:17:00","23.4","76.2","350","117","283","0.4","1.2","0.0","1005.7","0.0","0.00","0.0","0.0"
"2026/09/01 02:18:00","23.4","76.0","316","344","292","0.6","1.1","0.3","1005.7","0.0","0.00","0.0","0.0"
"2026/09/01 02:19:00","23.4","75.9","345","052","250","0.4","1.2","0.0","1005.7","0.0","0.00","0.0","0.0"
"2026/09/01 02:20:00","23.4","75.9","067","222","246","0.3","0.6","0.0","1005.7","0.0","0.00","0.0","0.0"
"2026/09/01 02:21:00","23.4","76.0","129","204","030","0.2","0.6","0.0","1005.7","0.0","0.00","0.0","0.0"
"2026/09/01 02:22:00","23.4","75.9","110","275","311","0.1","0.4","0.0","1005.7","0.0","0.00","0.0","0.0"
"2026/09/01 02:23:00","23.4","76.0","026","073","345","0.5","0.9","0.1","1005.7","0.0","0.00","0.0","0.0"
"2026/09/01 02:24:00","23.4","75.9","041","089","346","0.8","1.3","0.5","1005.8","0.0","0.00","0.0","0.0"
"2026/09/01 02:25:00","23.4","75.8","358","030","302","1.1","1.7","0.5","1005.8","0.0","0.00","0.0","0.0"
"2026/09/01 02:26:00","23.4","75.8","012","108","229","0.8","1.8","0.0","1005.8","0.0","0.00","0.0","0.0"
"2026/09/01 02:27:00","23.4","75.8","019","071","323","1.4","2.3","0.3","1005.8","0.0","0.00","0.0","0.0"
"2026/09/01 02:28:00","23.4","75.8","035","064","016","1.5","1.9","1.0","1005.8","0.0","0.00","0.0","0.0"
"2026/09/01 02:29:00","23.4","75.8","049","087","035","1.3","1.7","0.8","1005.8","0.0","0.00","0.0","0.0"
"2026/09/01 02:30:00","23.4","75.9","074","098","055","1.2","1.8","0.8","1005.7","0.0","0.00","0.0","0.0"
"2026/09/01 02:31:00","23.4","75.9","067","085","031","1.0","1.5","0.6","1005.7","0.0","0.00","0.0","0.0"
"2026/09/01 02:32:00","23.4","76.0","041","098","355","0.6","1.3","0.2","1005.7","0.0","0.00","0.0","0.0"
"2026/09/01 02:33:00","23.4","76.0","091","134","063","1.1","1.7","0.4","1005.7","0.0","0.00","0.0","0.0"
"2026/09/01 02:34:00","23.4","76.0","073","088","063","1.4","1.9","0.9","1005.7","0.0","0.00","0.0","0.0"
"2026/09/01 02:35:00","23.4","75.9","070","081","060","1.3","1.6","0.8","1005.6","0.0","0.00","0.0","0.0"
"2026/09/01 02:36:00","23.4","75.9","078","092","062","0.9","1.6","0.4","1005.6","0.0","0.00","0.0","0.0"
"2026/09/01 02:37:00","23.4","76.0","072","105","042","0.6","1.1","0.3","1005.6","0.0","0.00","0.0","0.0"
"2026/09/01 02:38:00","23.4","75.9","111","156","065","0.5","1.1","0.1","1005.6","0.0","0.00","0.0","0.0"
"2026/09/01 02:39:00","23.4","75.8","067","090","041","0.6","0.9","0.2","1005.6","0.0","0.00","0.0","0.0"
"2026/09/01 02:40:00","23.4","75.8","046","114","313","0.3","0.7","0.0","1005.6","0.0","0.00","0.0","0.0"
"2026/09/01 02:41:00","23.4","75.8","312","089","226","0.1","0.3","0.0","1005.6","0.0","0.00","0.0","0.0"
"2026/09/01 02:42:00","23.4","76.0","096","160","348","0.4","0.9","0.0","1005.6","0.0","0.00","0.0","0.0"
"2026/09/01 02:43:00","23.4","76.0","128","186","083","0.5","0.9","0.1","1005.6","0.0","0.00","0.0","0.0"
"2026/09/01 02:44:00","23.4","75.9","123","274","068","0.2","0.6","0.0","1005.6","0.0","0.00","0.0","0.0"
"2026/09/01 02:45:00","23.4","75.9","307","015","138","0.1","0.3","0.0","1005.6","0.0","0.00","0.0","0.0"
"2026/09/01 02:46:00","23.3","76.0","009","089","293","0.3","0.6","0.0","1005.6","0.0","0.00","0.0","0.0"
"2026/09/01 02:47:00","23.4","76.0","062","090","034","0.8","1.2","0.2","1005.5","0.0","0.00","0.0","0.0"
"2026/09/01 02:48:00","23.3","76.0","052","064","039","1.1","1.4","0.9","1005.5","0.0","0.00","0.0","0.0"
"2026/09/01 02:49:00","23.3","76.0","042","059","018","1.1","1.6","0.8","1005.5","0.0","0.00","0.0","0.0"
"2026/09/01 02:50:00","23.3","76.1","035","047","001","1.0","1.4","0.5","1005.5","0.0","0.00","0.0","0.0"
"2026/09/01 02:51:00","23.3","76.1","023","055","354","0.9","1.3","0.6","1005.5","0.0","0.00","0.0","0.0"
"2026/09/01 02:52:00","23.3","76.0","015","046","354","0.7","1.0","0.2","1005.5","0.0","0.00","0.0","0.0"
"2026/09/01 02:53:00","23.3","76.1","339","024","298","0.5","0.7","0.3","1005.5","0.0","0.00","0.0","0.0"
"2026/09/01 02:54:00","23.3","76.2","325","355","306","0.6","0.8","0.2","1005.5","0.0","0.00","0.0","0.0"
"2026/09/01 02:55:00","23.3","76.2","030","092","313","0.2","0.5","0.0","1005.5","0.0","0.00","0.0","0.0"
"2026/09/01 02:56:00","23.3","76.2","048","147","298","0.3","0.7","0.0","1005.5","0.0","0.00","0.0","0.0"
"2026/09/01 02:57:00","23.3","76.2","089","222","310","0.6","1.4","0.0","1005.5","0.0","0.00","0.0","0.0"
"2026/09/01 02:58:00","23.4","76.2","098","146","053","0.7","1.5","0.1","1005.5","0.0","0.00","0.0","0.0"
"2026/09/01 02:59:00","23.4","76.1","094","120","074","1.0","1.5","0.5","1005.5","0.0","0.00","0.0","0.0"
"2026/09/01 03:00:00","23.4","76.1","101","132","050","0.7","1.1","0.2","1005.5","0.0","0.00","0.0","0.0"
"2026/09/01 03:01:00","23.4","76.1","091","135","053","0.9","1.4","0.4","1005.5","0.0","0.00","0.0","0.0"
"2026/09/01 03:02:00","23.4","76.1","099","134","030","1.0","1.4","0.5","1005.5","0.0","0.00","0.0","0.0"
"2026/09/01 03:03:00","23.4","76.0","104","160","066","0.9","1.6","0.2","1005.5","0.0","0.00","0.0","0.0"
"2026/09/01 03:04:00","23.4","75.9","078","120","059","1.2","1.6","0.7","1005.5","0.0","0.00","0.0","0.0"
"2026/09/01 03:05:00","23.4","75.9","075","084","062","1.2","1.7","0.9","1005.5","0.0","0.00","0.0","0.0"
"2026/09/01 03:06:00","23.4","76.1","069","082","044","1.1","1.5","0.8","1005.5","0.0","0.00","0.0","0.0"
"2026/09/01 03:07:00","23.4","76.1","082","097","058","1.3","1.9","0.6","1005.5","0.0","0.00","0.0","0.0"
"2026/09/01 03:08:00","23.4","76.2","082","102","050","1.3","1.9","0.7","1005.5","0.0","0.00","0.0","0.0"
"2026/09/01 03:09:00","23.4","76.2","097","134","073","1.4","1.9","0.9","1005.5","0.0","0.00","0.0","0.0"
"2026/09/01 03:10:00","23.4","76.3","087","273","030","0.9","1.3","0.0","1005.5","0.0","0.00","0.0","0.0"
"2026/09/01 03:11:00","23.4","76.3","081","182","342","0.9","1.9","0.1","1005.5","0.0","0.00","0.0","0.0"
"2026/09/01 03:12:00","23.4","76.3","073","129","252","0.6","1.2","0.1","1005.5","0.0","0.00","0.0","0.0"
"2026/09/01 03:13:00","23.4","76.3","062","115","030","1.0","1.6","0.3","1005.5","0.0","0.00","0.0","0.0"
"2026/09/01 03:14:00","23.4","76.3","359","178","221","0.5","1.3","0.0","1005.5","0.0","0.00","0.0","0.0"
"2026/09/01 03:15:00","23.4","76.4","348","083","189","0.5","1.3","0.1","1005.5","0.0","0.00","0.0","0.0"
"2026/09/01 03:16:00","23.4","76.3","024","084","333","1.2","2.0","0.6","1005.5","0.0","0.00","0.0","0.0"
"2026/09/01 03:17:00","23.4","76.3","056","088","025","1.6","2.3","0.6","1005.5","0.0","0.00","0.0","0.0"
"2026/09/01 03:18:00","23.4","76.3","054","088","009","2.0","2.9","0.9","1005.5","0.0","0.00","0.0","0.0"
"2026/09/01 03:19:00","23.3","76.4","046","071","019","2.3","3.2","1.4","1005.5","0.0","0.00","0.0","0.0"
"2026/09/01 03:20:00","23.3","76.4","032","056","357","2.1","2.7","0.9","1005.5","0.0","0.00","0.0","0.0"
"2026/09/01 03:21:00","23.3","76.5","037","073","358","2.1","3.0","0.6","1005.5","0.0","0.00","0.0","0.0"
"2026/09/01 03:22:00","23.3","76.6","024","051","349","2.1","2.7","1.2","1005.5","0.0","0.00","0.0","0.0"
"2026/09/01 03:23:00","23.2","76.5","035","083","341","2.1","3.3","0.5","1005.5","0.0","0.00","0.0","0.0"
"2026/09/01 03:24:00","23.2","76.6","028","063","344","2.3","3.2","1.2","1005.5","0.0","0.00","0.0","0.0"
"2026/09/01 03:25:00","23.2","76.6","018","057","328","1.5","2.9","0.2","1005.5","0.0","0.00","0.0","0.0"
"2026/09/01 03:26:00","23.2","76.6","011","069","294","1.6","2.8","0.3","1005.4","0.0","0.00","0.0","0.0"
"2026/09/01 03:27:00","23.2","76.4","026","076","324","2.0","3.1","0.6","1005.4","0.0","0.00","0.0","0.0"
"2026/09/01 03:28:00","23.2","76.2","033","057","355","2.3","3.2","1.2","1005.4","0.0","0.00","0.0","0.0"
"2026/09/01 03:29:00","23.2","76.0","032","091","357","2.4","3.2","1.2","1005.4","0.0","0.00","0.0","0.0"
"2026/09/01 03:30:00","23.2","76.0","031","066","324","2.2","3.5","0.6","1005.4","0.0","0.00","0.0","0.0"
"2026/09/01 03:31:00","23.2","76.0","045","103","259","1.1","2.3","0.1","1005.5","0.0","0.00","0.0","0.0"
"2026/09/01 03:32:00","23.2","76.0","041","093","354","1.2","2.2","0.3","1005.5","0.0","0.00","0.0","0.0"
"2026/09/01 03:33:00","23.2","76.0","019","157","330","1.0","1.8","0.1","1005.5","0.0","0.00","0.0","0.0"
"2026/09/01 03:34:00","23.2","75.9","015","054","330","1.4","2.1","0.6","1005.5","0.0","0.00","0.0","0.0"
"2026/09/01 03:35:00","23.2","75.9","023","117","317","1.1","1.8","0.2","1005.5","0.0","0.00","0.0","0.0"
"2026/09/01 03:36:00","23.2","75.9","004","062","307","1.2","2.4","0.3","1005.5","0.0","0.00","0.0","0.0"
"2026/09/01 03:37:00","23.2","75.8","003","077","274","1.3","2.2","0.3","1005.5","0.0","0.00","0.0","0.0"
"2026/09/01 03:38:00","23.2","75.8","354","077","305","1.8","2.7","0.9","1005.5","0.0","0.00","0.0","0.0"
"2026/09/01 03:39:00","23.2","75.8","005","052","320","1.3","2.0","0.7","1005.5","0.0","0.00","0.0","0.0"
"2026/09/01 03:40:00","23.2","75.8","357","090","224","0.7","1.5","0.1","1005.5","0.0","0.00","0.0","0.0"
"2026/09/01 03:41:00","23.2","75.8","026","136","278","0.8","1.8","0.1","1005.5","0.0","0.00","0.0","0.0"
"2026/09/01 03:42:00","23.2","75.7","083","145","036","1.4","2.7","0.1","1005.5","0.0","0.00","0.0","0.0"
"2026/09/01 03:43:00","23.2","75.7","069","108","031","1.4","2.4","0.6","1005.5","0.0","0.00","0.0","0.0"
"2026/09/01 03:44:00","23.2","75.5","074","104","060","2.7","3.6","1.3","1005.5","0.0","0.00","0.0","0.0"
"2026/09/01 03:45:00","23.2","75.6","068","097","060","2.7","3.6","1.3","1005.4","0.0","0.00","0.0","0.0"
"2026/09/01 03:46:00","23.2","75.6","070","091","049","2.0","2.8","1.2","1005.4","0.0","0.00","0.0","0.0"
"2026/09/01 03:47:00","23.2","75.6","072","102","046","2.0","3.3","0.8","1005.4","0.0","0.00","0.0","0.0"
"2026/09/01 03:48:00","23.2","75.7","071","117","005","1.9","3.1","0.7","1005.4","0.0","0.00","0.0","0.0"
"2026/09/01 03:49:00","23.2","75.7","048","104","333","1.2","2.2","0.4","1005.4","0.0","0.00","0.0","0.0"
"2026/09/01 03:50:00","23.2","75.8","024","099","282","0.8","2.0","0.1","1005.4","0.0","0.00","0.0","0.0"
"2026/09/01 03:51:00","23.2","75.7","086","154","012","1.5","2.6","0.3","1005.4","0.0","0.00","0.0","0.0"
"2026/09/01 03:52:00","23.2","75.8","079","148","034","1.7","2.5","0.9","1005.4","0.0","0.00","0.0","0.0"
"2026/09/01 03:53:00","23.2","75.8","069","146","008","1.2","2.0","0.3","1005.4","0.0","0.00","0.0","0.0"
"2026/09/01 03:54:00","23.2","75.9","030","224","329","1.1","2.5","0.1","1005.4","0.0","0.00","0.0","0.0"
"2026/09/01 03:55:00","23.2","76.1","343","023","250","1.8","2.9","0.4","1005.4","0.0","0.00","0.0","0.0"
"2026/09/01 03:56:00","23.2","76.2","351","050","272","2.2","3.5","0.7","1005.4","0.0","0.00","0.0","0.0"
"2026/09/01 03:57:00","23.1","76.3","042","080","357","2.5","3.3","1.3","1005.4","0.0","0.00","0.0","0.0"
"2026/09/01 03:58:00","23.1","76.5","033","081","351","2.2","3.0","1.2","1005.4","0.0","0.00","0.0","0.0"
"2026/09/01 03:59:00","23.1","76.6","051","125","016","1.9","2.9","0.6","1005.4","0.0","0.00","0.0","0.0"
"2026/09/01 04:00:00","23.1","76.8","029","088","351","1.8","2.8","0.9","1005.4","0.0","0.00","0.0","0.0"
"2026/09/01 04:01:00","23.0","76.9","046","124","312","1.9","3.3","0.7","1005.4","0.0","0.00","0.0","0.0"
"2026/09/01 04:02:00","23.0","77.0","057","076","029","2.5","3.0","1.9","1005.4","0.0","0.00","0.0","0.0"
"2026/09/01 04:03:00","23.0","77.1","012","058","343","2.2","3.2","1.2","1005.4","0.0","0.00","0.0","0.0"
"2026/09/01 04:04:00","23.0","77.2","023","114","296","1.4","2.8","0.2","1005.5","0.0","0.00","0.0","0.0"
"2026/09/01 04:05:00","23.0","77.2","020","101","350","1.3","2.6","0.3","1005.5","0.0","0.00","0.0","0.0"
"2026/09/01 04:06:00","23.0","77.3","354","064","287","1.8","2.9","0.3","1005.4","0.0","0.00","0.0","0.0"
"2026/09/01 04:07:00","23.0","77.4","016","074","325","1.5","2.4","0.7","1005.5","0.0","0.00","0.0","0.0"
"2026/09/01 04:08:00","23.0","77.5","057","086","004","2.0","3.0","1.5","1005.4","0.0","0.00","0.0","0.0"
"2026/09/01 04:09:00","23.0","77.6","010","118","320","1.5","2.8","0.3","1005.4","0.0","0.00","0.0","0.0"
"2026/09/01 04:10:00","23.0","77.7","018","045","335","1.3","2.1","0.3","1005.4","0.0","0.00","0.0","0.0"
"2026/09/01 04:11:00","22.9","77.8","042","086","000","1.5","2.8","0.5","1005.4","0.0","0.00","0.0","0.0"
"2026/09/01 04:12:00","22.9","77.8","049","116","023","2.0","2.7","0.9","1005.4","0.0","0.00","0.0","0.0"
"2026/09/01 04:13:00","22.9","77.8","044","065","012","1.7","2.6","0.8","1005.4","0.0","0.00","0.0","0.0"
"2026/09/01 04:14:00","22.9","77.9","046","069","031","2.7","3.3","1.7","1005.4","0.0","0.00","0.0","0.0"
"2026/09/01 04:15:00","22.9","78.0","044","068","021","2.4","3.1","0.9","1005.4","0.0","0.00","0.0","0.0"
"2026/09/01 04:16:00","22.9","78.1","044","130","314","2.0","3.5","0.2","1005.5","0.0","0.00","0.0","0.0"
"2026/09/01 04:17:00","22.8","78.1","037","076","018","2.5","3.2","1.3","1005.5","0.0","0.00","0.0","0.0"
"2026/09/01 04:18:00","22.8","78.2","052","081","035","2.3","3.3","1.7","1005.5","0.0","0.00","0.0","0.0"
"2026/09/01 04:19:00","22.8","78.2","047","065","017","2.3","3.1","1.6","1005.4","0.0","0.00","0.0","0.0"
"2026/09/01 04:20:00","22.8","78.3","046","062","017","2.6","3.4","1.6","1005.4","0.0","0.00","0.0","0.0"
"2026/09/01 04:21:00","22.8","78.4","042","064","005","2.5","3.3","1.0","1005.4","0.0","0.00","0.0","0.0"
"2026/09/01 04:22:00","22.8","78.4","034","074","359","2.3","3.2","1.2","1005.4","0.0","0.00","0.0","0.0"
"2026/09/01 04:23:00","22.8","78.5","027","067","003","2.2","3.0","0.9","1005.4","0.0","0.00","0.0","0.0"
"2026/09/01 04:24:00","22.8","78.5","010","066","336","1.9","3.1","0.9","1005.4","0.0","0.00","0.0","0.0"
"2026/09/01 04:25:00","22.8","78.5","045","127","296","1.5","2.9","0.2","1005.4","0.0","0.00","0.0","0.0"
"2026/09/01 04:26:00","22.8","78.5","011","067","346","1.4","1.9","0.4","1005.4","0.0","0.00","0.0","0.0"
"2026/09/01 04:27:00","22.8","78.4","043","096","013","2.4","3.3","0.9","1005.4","0.0","0.00","0.0","0.0"
"2026/09/01 04:28:00","22.8","78.5","041","087","335","2.4","3.5","0.5","1005.4","0.0","0.00","0.0","0.0"
"2026/09/01 04:29:00","22.8","78.5","052","070","035","3.1","4.0","1.9","1005.4","0.0","0.00","0.0","0.0"
"2026/09/01 04:30:00","22.8","78.6","042","075","006","2.3","3.5","1.5","1005.4","0.0","0.00","0.0","0.0"
"2026/09/01 04:31:00","22.8","78.5","047","073","018","2.2","3.4","0.9","1005.4","0.0","0.00","0.0","0.0"
"2026/09/01 04:32:00","22.8","78.5","048","066","023","2.4","3.3","1.6","1005.4","0.0","0.00","0.0","0.0"
"2026/09/01 04:33:00","22.8","78.5","052","073","028","2.4","3.1","1.2","1005.4","0.0","0.00","0.0","0.0"
"2026/09/01 04:34:00","22.8","78.5","036","057","350","2.4","3.2","1.2","1005.4","0.0","0.00","0.0","0.0"
"2026/09/01 04:35:00","22.8","78.5","051","072","001","1.8","2.7","1.1","1005.4","0.0","0.00","0.0","0.0"
"2026/09/01 04:36:00","22.8","78.5","049","072","015","1.7","2.8","0.9","1005.4","0.0","0.00","0.0","0.0"
"2026/09/01 04:37:00","22.8","78.5","048","076","025","2.8","3.5","2.1","1005.4","0.0","0.00","0.0","0.0"
"2026/09/01 04:38:00","22.8","78.6","056","079","030","2.7","3.4","1.8","1005.4","0.0","0.00","0.0","0.0"
"2026/09/01 04:39:00","22.8","78.5","040","065","029","2.7","3.4","1.9","1005.4","0.0","0.00","0.0","0.0"
"2026/09/01 04:40:00","22.7","78.6","062","078","049","2.5","3.2","1.4","1005.4","0.0","0.00","0.0","0.0"
"2026/09/01 04:41:00","22.7","78.6","046","066","031","2.4","3.1","0.9","1005.4","0.0","0.00","0.0","0.0"
"2026/09/01 04:42:00","22.7","78.7","052","077","026","2.5","3.4","1.3","1005.4","0.0","0.00","0.0","0.0"
"2026/09/01 04:43:00","22.7","78.7","049","076","028","2.3","3.1","1.2","1005.4","0.0","0.00","0.0","0.0"
"2026/09/01 04:44:00","22.7","78.7","050","068","026","2.0","2.6","1.2","1005.4","0.0","0.00","0.0","0.0"
"2026/09/01 04:45:00","22.7","78.8","055","085","008","1.8","2.6","0.7","1005.4","0.0","0.00","0.0","0.0"
"2026/09/01 04:46:00","22.7","78.7","051","091","031","1.9","2.9","1.1","1005.4","0.0","0.00","0.0","0.0"
"2026/09/01 04:47:00","22.7","78.6","046","084","020","2.2","3.2","1.6","1005.4","0.0","0.00","0.0","0.0"
"2026/09/01 04:48:00","22.7","78.7","048","081","016","2.0","3.1","0.9","1005.4","0.0","0.00","0.0","0.0"
"2026/09/01 04:49:00","22.7","78.7","035","123","353","1.8","2.7","0.3","1005.4","0.0","0.00","0.0","0.0"
"2026/09/01 04:50:00","22.7","78.6","034","134","356","1.9","3.1","0.3","1005.4","0.0","0.00","0.0","0.0"
"2026/09/01 04:51:00","22.7","78.6","037","101","357","2.5","3.6","0.9","1005.4","0.0","0.00","0.0","0.0"
"2026/09/01 04:52:00","22.7","78.6","047","094","001","2.1","3.4","0.4","1005.4","0.0","0.00","0.0","0.0"
"2026/09/01 04:53:00","22.7","78.6","027","060","341","2.5","3.6","1.2","1005.4","0.0","0.00","0.0","0.0"
"2026/09/01 04:54:00","22.7","78.6","032","063","359","2.7","3.6","1.3","1005.4","0.0","0.00","0.0","0.0"
"2026/09/01 04:55:00","22.7","78.6","033","056","358","2.7","4.3","0.4","1005.3","0.0","0.00","0.0","0.0"
"2026/09/01 04:56:00","22.7","78.7","031","054","002","2.7","3.6","1.3","1005.4","0.0","0.00","0.0","0.0"
"2026/09/01 04:57:00","22.7","78.8","038","078","018","2.3","3.5","0.7","1005.4","0.0","0.00","0.0","0.0"
"2026/09/01 04:58:00","22.7","78.8","010","073","322","2.4","3.4","0.7","1005.4","0.0","0.00","0.0","0.0"
"2026/09/01 04:59:00","22.7","78.8","036","087","337","2.0","3.1","0.9","1005.4","0.0","0.00","0.0","0.0"
"2026/09/01 05:00:00","22.7","78.8","041","079","332","1.9","2.8","0.5","1005.4","0.0","0.00","0.0","0.0"
"2026/09/01 05:01:00","22.7","78.8","038","083","005","2.4","4.1","0.9","1005.4","0.0","0.00","0.0","0.0"
"2026/09/01 05:02:00","22.7","78.9","035","063","333","2.2","3.7","1.2","1005.4","0.0","0.00","0.0","0.0"
"2026/09/01 05:03:00","22.7","78.9","015","137","265","1.5","2.5","0.2","1005.4","0.0","0.00","0.0","0.0"
"2026/09/01 05:04:00","22.7","78.8","032","089","356","2.0","3.2","0.7","1005.4","0.0","0.00","0.0","0.0"
"2026/09/01 05:05:00","22.7","78.8","036","070","355","3.3","4.3","1.4","1005.4","0.0","0.00","0.0","0.0"
"2026/09/01 05:06:00","22.7","78.9","034","060","002","3.4","4.4","2.2","1005.4","0.0","0.00","0.0","0.0"
"2026/09/01 05:07:00","22.7","79.0","014","072","316","2.1","3.3","0.6","1005.3","0.0","0.00","0.0","0.0"
"2026/09/01 05:08:00","22.7","79.0","007","153","200","1.1","3.2","0.2","1005.3","0.0","0.00","0.0","0.0"
"2026/09/01 05:09:00","22.7","79.0","040","060","022","2.4","3.3","1.4","1005.4","0.0","0.00","0.0","0.0"
"2026/09/01 05:10:00","22.7","79.0","070","093","036","1.5","2.5","0.9","1005.3","0.0","0.00","0.0","0.0"
"2026/09/01 05:11:00","22.7","78.9","087","146","027","1.7","2.5","0.8","1005.3","0.0","0.00","0.0","0.0"
"2026/09/01 05:12:00","22.7","78.9","078","100","009","2.8","3.9","0.6","1005.4","0.0","0.00","0.0","0.0"
"2026/09/01 05:13:00","22.7","78.9","072","108","041","2.5","3.6","1.5","1005.3","0.0","0.00","0.0","0.0"
"2026/09/01 05:14:00","22.7","79.0","078","100","047","2.1","3.1","0.9","1005.4","0.0","0.00","0.0","0.0"
"2026/09/01 05:15:00","22.7","79.0","080","116","059","2.0","2.6","1.0","1005.4","0.0","0.00","0.0","0.0"
"2026/09/01 05:16:00","22.7","79.1","056","081","023","2.8","4.1","1.4","1005.4","0.0","0.00","0.0","0.0"
"2026/09/01 05:17:00","22.7","79.1","069","112","052","2.7","3.6","0.9","1005.4","0.0","0.00","0.0","0.0"
"2026/09/01 05:18:00","22.7","79.2","062","082","033","2.3","3.3","1.3","1005.4","0.0","0.00","0.0","0.0"
"2026/09/01 05:19:00","22.7","79.2","066","088","046","2.6","3.5","1.8","1005.4","0.0","0.00","0.0","0.0"
"2026/09/01 05:20:00","22.6","79.2","062","074","045","2.8","3.8","2.1","1005.4","0.0","0.00","0.0","0.0"
"2026/09/01 05:21:00","22.6","79.3","039","065","351","2.3","3.5","0.5","1005.4","0.0","0.00","0.0","0.0"
"2026/09/01 05:22:00","22.6","79.3","047","087","021","3.0","4.2","1.3","1005.4","0.0","0.00","0.0","0.0"
"2026/09/01 05:23:00","22.6","79.3","052","071","031","2.1","3.1","1.3","1005.4","0.0","0.00","0.0","0.0"
"2026/09/01 05:24:00","22.6","79.4","037","107","325","1.5","2.7","0.2","1005.4","0.0","0.00","0.0","0.0"
"2026/09/01 05:25:00","22.6","79.4","049","081","005","1.9","2.7","0.6","1005.4","0.0","0.00","0.0","0.0"
"2026/09/01 05:26:00","22.7","79.3","052","082","003","2.2","3.1","0.9","1005.4","0.0","0.00","0.0","0.0"
"2026/09/01 05:27:00","22.7","79.3","048","080","351","1.8","2.8","0.9","1005.4","0.0","0.00","0.0","0.0"
"2026/09/01 05:28:00","22.7","79.3","063","128","008","0.9","2.4","0.2","1005.4","0.0","0.00","0.0","0.0"
"2026/09/01 05:29:00","22.7","79.2","055","101","003","1.4","2.7","0.7","1005.4","0.0","0.00","0.0","0.0"
"2026/09/01 05:30:00","22.7","79.2","043","069","028","2.7","3.6","1.5","1005.4","0.0","0.00","0.0","0.0"
"2026/09/01 05:31:00","22.7","79.2","040","088","354","1.9","2.7","0.8","1005.4","0.0","0.00","0.0","0.0"
"2026/09/01 05:32:00","22.6","79.3","076","111","008","2.0","3.1","1.1","1005.4","0.0","0.00","0.0","0.0"
"2026/09/01 05:33:00","22.6","79.3","016","057","335","1.5","2.2","1.0","1005.4","0.0","0.00","0.0","0.0"
"2026/09/01 05:34:00","22.7","79.3","016","102","319","1.2","2.1","0.2","1005.4","0.0","0.00","0.0","0.0"
"2026/09/01 05:35:00","22.7","79.1","063","089","030","1.9","3.1","0.6","1005.4","0.0","0.00","0.0","0.0"
"2026/09/01 05:36:00","22.7","79.1","080","099","062","1.8","2.7","1.1","1005.4","0.0","0.00","0.0","0.0"
"2026/09/01 05:37:00","22.7","79.2","076","104","041","1.7","2.7","0.7","1005.4","0.0","0.00","0.0","0.0"
"2026/09/01 05:38:00","22.7","79.1","065","088","042","2.4","3.4","1.2","1005.4","0.0","0.00","0.0","0.0"
"2026/09/01 05:39:00","22.6","79.2","054","076","032","2.5","3.3","1.7","1005.4","0.0","0.00","0.0","0.0"
"2026/09/01 05:40:00","22.7","79.2","054","107","021","1.9","3.2","0.5","1005.4","0.0","0.00","0.0","0.0"
"2026/09/01 05:41:00","22.7","79.2","079","129","028","1.2","1.9","0.5","1005.4","0.0","0.00","0.0","0.0"
"2026/09/01 05:42:00","22.7","79.0","080","112","024","1.8","2.4","0.5","1005.4","0.0","0.00","0.0","0.0"
"2026/09/01 05:43:00","22.7","78.9","080","105","050","2.5","3.6","1.4","1005.4","0.0","0.00","0.0","0.0"
"2026/09/01 05:44:00","22.6","79.0","082","109","061","3.0","3.6","2.1","1005.5","0.0","0.00","0.0","0.0"
"2026/09/01 05:45:00","22.6","79.0","074","092","058","2.3","2.9","1.6","1005.5","0.0","0.00","0.0","0.0"
"2026/09/01 05:46:00","22.6","79.1","070","101","024","1.4","2.0","0.9","1005.5","0.0","0.00","0.0","0.0"
"2026/09/01 05:47:00","22.6","79.1","044","151","294","1.3","2.4","0.1","1005.5","0.0","0.00","0.0","0.0"
"2026/09/01 05:48:00","22.6","79.1","049","095","018","1.8","2.6","0.7","1005.5","0.0","0.00","0.0","0.0"
"2026/09/01 05:49:00","22.6","79.1","069","095","043","1.8","2.9","1.0","1005.5","0.0","0.00","0.0","0.0"
"2026/09/01 05:50:00","22.6","79.1","082","103","051","1.8","2.2","1.0","1005.5","0.0","0.00","0.0","0.0"
"2026/09/01 05:51:00","22.6","79.0","059","097","021","2.0","3.0","1.0","1005.5","0.0","0.00","0.0","0.0"
"2026/09/01 05:52:00","22.7","79.0","046","085","013","1.6","2.4","0.9","1005.6","0.0","0.00","0.0","0.0"
"2026/09/01 05:53:00","22.7","78.9","071","097","033","2.0","2.9","1.0","1005.6","0.0","0.00","0.0","0.0"
"2026/09/01 05:54:00","22.7","78.7","080","105","062","1.8","3.0","0.8","1005.6","0.0","0.00","0.0","0.0"
"2026/09/01 05:55:00","22.7","78.7","066","085","044","2.3","2.9","1.6","1005.6","0.0","0.00","0.0","0.0"
"2026/09/01 05:56:00","22.7","78.7","056","089","019","1.5","2.6","0.6","1005.6","0.0","0.00","0.0","0.0"
"2026/09/01 05:57:00","22.7","78.6","015","124","311","1.0","2.3","0.1","1005.6","0.1","0.01","0.0","0.0"
"2026/09/01 05:58:00","22.8","78.6","050","089","339","1.2","2.0","0.3","1005.6","0.0","0.01","0.0","0.0"
"2026/09/01 05:59:00","22.8","78.4","076","125","017","1.0","2.2","0.1","1005.7","0.0","0.01","0.0","0.0"
"2026/09/01 06:00:00","22.8","78.4","049","082","020","1.1","1.4","0.6","1005.6","0.0","0.01","0.0","0.0"
"2026/09/01 06:01:00","22.8","78.4","358","050","313","1.2","2.1","0.4","1005.6","0.0","0.01","0.0","0.0"
"2026/09/01 06:02:00","22.8","78.3","057","124","350","1.1","1.8","0.5","1005.6","0.0","0.01","0.0","0.0"
"2026/09/01 06:03:00","22.8","78.3","044","094","315","1.3","2.0","0.6","1005.6","0.0","0.01","0.0","0.0"
"2026/09/01 06:04:00","22.8","78.3","354","142","176","0.7","1.7","0.2","1005.7","0.0","0.01","0.0","0.0"
"2026/09/01 06:05:00","22.8","78.1","046","099","025","1.6","2.2","0.4","1005.7","0.0","0.01","0.0","0.0"
"2026/09/01 06:06:00","22.8","78.1","038","134","288","1.4","2.4","0.3","1005.7","0.0","0.01","0.0","0.0"
"2026/09/01 06:07:00","22.8","78.1","352","042","303","1.7","2.4","1.0","1005.7","0.0","0.01","0.0","0.0"
"2026/09/01 06:08:00","22.8","78.0","006","031","326","1.9","2.6","0.6","1005.7","0.0","0.01","0.0","0.0"
"2026/09/01 06:09:00","22.8","78.1","355","099","253","1.5","2.2","0.3","1005.7","0.0","0.01","0.0","0.0"
"2026/09/01 06:10:00","22.8","78.0","054","084","357","1.8","3.3","0.3","1005.7","0.0","0.01","0.0","0.0"
"2026/09/01 06:11:00","22.8","77.9","036","178","259","1.7","3.6","0.2","1005.8","0.0","0.01","0.0","0.0"
"2026/09/01 06:12:00","22.8","78.0","037","076","000","2.5","3.3","1.3","1005.8","0.0","0.01","0.0","0.0"
"2026/09/01 06:13:00","22.8","78.1","027","050","350","2.3","3.2","1.2","1005.8","0.0","0.01","0.0","0.0"
"2026/09/01 06:14:00","22.7","78.2","034","092","013","1.8","3.0","0.6","1005.8","0.0","0.01","0.0","0.0"
"2026/09/01 06:15:00","22.7","78.2","014","042","355","3.0","3.7","1.7","1005.8","0.0","0.01","0.0","0.0"
"2026/09/01 06:16:00","22.7","78.3","023","049","358","2.3","3.3","1.0","1005.8","0.0","0.01","0.0","0.0"
"2026/09/01 06:17:00","22.7","78.3","356","031","312","1.3","2.3","0.4","1005.8","0.0","0.01","0.0","0.0"
"2026/09/01 06:18:00","22.7","78.3","030","111","338","1.7","3.8","0.3","1005.8","0.0","0.01","0.0","0.0"
"2026/09/01 06:19:00","22.7","78.3","044","062","019","2.7","3.5","1.4","1005.8","0.0","0.01","0.0","0.0"
"2026/09/01 06:20:00","22.7","78.4","017","118","209","0.9","2.0","0.2","1005.8","0.0","0.01","0.0","0.0"
"2026/09/01 06:21:00","22.7","78.3","026","087","325","1.8","2.9","0.6","1005.8","0.0","0.01","0.0","0.0"
"2026/09/01 06:22:00","22.7","78.2","042","066","019","2.2","3.1","1.2","1005.8","0.0","0.01","0.0","0.0"
"2026/09/01 06:23:00","22.7","78.2","025","062","345","2.1","2.9","0.8","1005.8","0.0","0.01","0.0","0.0"
"2026/09/01 06:24:00","22.7","78.2","042","071","353","2.2","2.9","1.0","1005.8","0.0","0.01","0.0","0.0"
"2026/09/01 06:25:00","22.8","78.2","040","079","352","1.7","2.4","1.1","1005.8","0.0","0.01","0.0","0.0"
"2026/09/01 06:26:00","22.8","78.2","004","065","316","1.7","2.6","0.4","1005.8","0.0","0.01","0.0","0.0"
"2026/09/01 06:27:00","22.8","78.2","050","110","346","1.4","2.8","0.4","1005.8","0.0","0.01","0.0","0.0"
"2026/09/01 06:28:00","22.8","78.1","038","109","320","1.0","1.8","0.3","1005.8","0.0","0.01","0.0","0.0"
"2026/09/01 06:29:00","22.8","77.9","049","085","018","2.2","3.2","1.2","1005.8","0.0","0.01","0.0","0.0"
"2026/09/01 06:30:00","22.8","77.8","051","076","036","2.7","3.9","1.5","1005.8","0.0","0.01","0.0","0.0"
"2026/09/01 06:31:00","22.8","77.9","032","089","322","1.4","2.3","0.5","1005.8","0.0","0.01","0.0","0.0"
"2026/09/01 06:32:00","22.8","77.8","045","091","018","2.7","4.2","1.3","1005.8","0.0","0.01","0.0","0.0"
"2026/09/01 06:33:00","22.8","77.8","065","082","047","3.1","3.8","2.2","1005.8","0.0","0.01","0.0","0.0"
"2026/09/01 06:34:00","22.8","77.8","049","080","020","2.6","4.0","1.4","1005.8","0.0","0.01","0.0","0.0"
"2026/09/01 06:35:00","22.8","77.7","027","053","348","2.3","3.3","1.3","1005.9","0.0","0.01","0.0","0.0"
"2026/09/01 06:36:00","22.8","77.6","037","071","348","2.7","4.0","1.7","1005.9","0.0","0.01","0.0","0.0"
"2026/09/01 06:37:00","22.8","77.7","026","068","327","2.0","3.4","1.0","1005.8","0.0","0.01","0.0","0.0"
"2026/09/01 06:38:00","22.8","77.7","041","080","342","2.0","3.5","0.6","1005.8","0.0","0.01","0.0","0.0"
"2026/09/01 06:39:00","22.8","77.7","010","115","327","1.9","3.2","0.2","1005.8","0.0","0.01","0.0","0.0"
"2026/09/01 06:40:00","22.8","77.8","034","101","003","1.6","2.8","0.2","1005.8","0.0","0.01","0.0","0.0"
"2026/09/01 06:41:00","22.9","77.7","010","109","274","1.1","3.3","0.2","1005.8","0.0","0.01","0.0","0.0"
"2026/09/01 06:42:00","22.9","77.6","016","053","340","2.0","3.1","0.9","1005.8","0.0","0.01","0.0","0.0"
"2026/09/01 06:43:00","22.9","77.5","017","064","315","1.9","3.4","0.8","1005.8","0.0","0.01","0.0","0.0"
"2026/09/01 06:44:00","22.9","77.3","031","069","317","2.1","3.3","0.6","1005.8","0.0","0.01","0.0","0.0"
"2026/09/01 06:45:00","22.9","77.2","040","074","009","3.0","4.2","0.3","1005.8","0.0","0.01","0.0","0.0"
"2026/09/01 06:46:00","22.9","77.2","044","067","010","2.9","4.2","1.4","1005.8","0.0","0.01","0.0","0.0"
"2026/09/01 06:47:00","22.9","77.2","021","056","352","2.7","4.1","1.3","1005.8","0.0","0.01","0.0","0.0"
"2026/09/01 06:48:00","22.9","77.2","035","063","333","3.0","4.3","0.7","1005.9","0.0","0.01","0.0","0.0"
"2026/09/01 06:49:00","22.8","77.3","044","078","014","3.0","4.4","0.8","1005.9","0.0","0.01","0.0","0.0"
"2026/09/01 06:50:00","22.8","77.2","030","056","001","3.6","4.8","1.7","1005.9","0.0","0.01","0.0","0.0"
"2026/09/01 06:51:00","22.8","77.2","036","080","358","2.7","3.7","1.5","1005.9","0.0","0.01","0.0","0.0"
"2026/09/01 06:52:00","22.8","77.3","015","053","303","2.2","4.0","0.0","1005.9","0.0","0.01","0.0","0.0"
"2026/09/01 06:53:00","22.8","77.4","027","102","286","1.3","3.2","0.3","1005.9","0.0","0.01","0.0","0.0"
"2026/09/01 06:54:00","22.9","77.3","039","092","357","1.5","2.7","0.2","1005.9","0.0","0.01","0.0","0.0"
"2026/09/01 06:55:00","22.9","77.2","042","089","338","1.7","3.6","0.3","1005.9","0.0","0.01","0.0","0.0"
"2026/09/01 06:56:00","23.0","77.1","068","147","320","1.0","2.2","0.2","1005.9","0.0","0.01","0.0","0.0"
"2026/09/01 06:57:00","23.0","76.8","083","144","040","1.9","2.9","0.9","1005.8","0.0","0.01","0.0","0.0"
"2026/09/01 06:58:00","23.1","76.8","064","100","023","1.7","3.0","0.6","1005.8","0.0","0.01","0.0","0.0"
"2026/09/01 06:59:00","23.1","76.6","058","092","029","1.6","2.3","1.0","1005.8","0.0","0.01","0.0","0.0"
"2026/09/01 07:00:00","23.1","76.4","085","126","029","1.8","3.6","0.3","1005.8","0.0","0.01","0.0","0.0"
"2026/09/01 07:01:00","23.1","76.3","060","117","035","2.9","4.2","0.7","1005.8","0.0","0.01","0.0","0.0"
"2026/09/01 07:02:00","23.0","76.4","019","075","325","2.1","3.3","0.4","1005.8","0.0","0.01","0.0","0.0"
"2026/09/01 07:03:00","23.0","76.6","358","097","230","1.3","2.9","0.1","1005.7","0.0","0.01","0.0","0.0"
"2026/09/01 07:04:00","23.1","76.5","318","013","251","1.4","2.7","0.1","1005.7","0.0","0.01","0.0","0.0"
"2026/09/01 07:05:00","23.1","76.4","001","160","234","0.8","2.0","0.1","1005.7","0.0","0.01","0.0","0.0"
"2026/09/01 07:06:00","23.1","76.1","062","109","015","2.1","3.3","0.9","1005.7","0.0","0.01","0.0","0.0"
"2026/09/01 07:07:00","23.1","76.2","045","079","351","1.6","2.5","0.5","1005.7","0.0","0.01","0.0","0.0"
"2026/09/01 07:08:00","23.1","76.2","067","103","029","2.0","2.8","1.2","1005.7","0.0","0.01","0.0","0.0"
"2026/09/01 07:09:00","23.1","76.1","078","093","051","2.0","2.6","1.5","1005.7","0.0","0.01","0.0","0.0"
"2026/09/01 07:10:00","23.1","76.2","060","088","038","2.9","3.7","2.0","1005.7","0.0","0.01","0.0","0.0"
"2026/09/01 07:11:00","23.1","76.2","078","101","000","2.0","3.1","0.6","1005.7","0.0","0.01","0.0","0.0"
"2026/09/01 07:12:00","23.2","76.2","046","083","007","1.5","2.2","0.4","1005.7","0.0","0.01","0.0","0.0"
"2026/09/01 07:13:00","23.2","75.9","032","072","000","1.6","2.8","0.8","1005.7","0.0","0.01","0.0","0.0"
"2026/09/01 07:14:00","23.2","75.7","048","096","330","1.8","3.0","0.5","1005.7","0.0","0.01","0.0","0.0"
"2026/09/01 07:15:00","23.2","75.7","035","068","006","2.4","3.6","0.5","1005.7","0.0","0.01","0.0","0.0"
"2026/09/01 07:16:00","23.2","75.8","015","044","325","2.6","3.7","1.4","1005.7","0.0","0.01","0.0","0.0"
"2026/09/01 07:17:00","23.1","76.1","349","025","291","1.9","2.8","0.7","1005.7","0.0","0.01","0.0","0.0"
"2026/09/01 07:18:00","23.2","76.0","339","039","248","1.6","2.6","0.7","1005.7","0.0","0.01","0.0","0.0"
"2026/09/01 07:19:00","23.2","75.8","356","084","300","2.5","3.9","0.9","1005.7","0.0","0.01","0.0","0.0"
"2026/09/01 07:20:00","23.3","75.5","025","075","324","1.7","2.5","0.6","1005.7","0.0","0.01","0.0","0.0"
"2026/09/01 07:21:00","23.3","75.2","028","078","352","2.0","2.7","0.5","1005.7","0.0","0.01","0.0","0.0"
"2026/09/01 07:22:00","23.3","75.3","033","070","331","1.1","2.0","0.3","1005.7","0.0","0.01","0.0","0.0"
"2026/09/01 07:23:00","23.4","75.2","344","025","284","1.0","1.7","0.2","1005.7","0.0","0.01","0.0","0.0"
"2026/09/01 07:24:00","23.5","75.0","354","063","249","1.8","3.0","1.0","1005.7","0.0","0.01","0.0","0.0"
"2026/09/01 07:25:00","23.5","74.5","036","077","313","1.8","3.0","0.6","1005.8","0.0","0.01","0.0","0.0"
"2026/09/01 07:26:00","23.5","74.7","051","124","357","2.2","3.6","0.6","1005.8","0.0","0.01","0.0","0.0"
"2026/09/01 07:27:00","23.4","74.4","053","078","018","1.9","2.7","1.3","1005.8","0.0","0.01","0.0","0.0"
"2026/09/01 07:28:00","23.4","74.5","051","084","029","1.9","3.2","1.2","1005.8","0.0","0.01","0.0","0.0"
"2026/09/01 07:29:00","23.4","74.8","039","084","354","1.7","2.9","1.1","1005.8","0.0","0.01","0.0","0.0"
"2026/09/01 07:30:00","23.4","74.7","014","074","324","1.9","2.9","0.7","1005.8","0.0","0.01","0.0","0.0"
"2026/09/01 07:31:00","23.4","74.6","018","057","337","1.6","2.7","0.3","1005.8","0.0","0.01","0.0","0.0"
"2026/09/01 07:32:00","23.4","74.3","025","051","340","2.0","3.2","0.5","1005.8","0.0","0.01","0.0","0.0"
"2026/09/01 07:33:00","23.4","74.5","017","044","343","2.5","3.9","1.1","1005.8","0.0","0.01","0.0","0.0"
"2026/09/01 07:34:00","23.4","74.6","050","091","004","2.0","2.9","0.6","1005.8","0.0","0.01","0.0","0.0"
"2026/09/01 07:35:00","23.4","74.6","038","074","010","1.8","2.7","1.0","1005.8","0.0","0.01","0.0","0.0"
"2026/09/01 07:36:00","23.4","74.8","039","080","291","0.9","1.5","0.1","1005.8","0.0","0.01","0.0","0.0"
"2026/09/01 07:37:00","23.5","74.3","355","032","310","2.2","3.2","0.8","1005.8","0.0","0.01","0.0","0.0"
"2026/09/01 07:38:00","23.5","74.3","004","042","320","1.4","2.8","0.7","1005.8","0.0","0.01","0.0","0.0"
"2026/09/01 07:39:00","23.6","74.5","331","043","276","1.5","2.7","0.8","1005.8","0.0","0.01","0.0","0.0"
"2026/09/01 07:40:00","23.6","74.1","315","037","220","2.4","3.8","0.6","1005.8","0.0","0.01","0.0","0.0"
"2026/09/01 07:41:00","23.7","73.8","022","058","335","1.7","3.4","0.9","1005.8","0.0","0.01","0.0","0.0"
"2026/09/01 07:42:00","23.7","73.6","036","080","004","1.6","2.5","0.7","1005.8","0.0","0.01","0.0","0.0"
"2026/09/01 07:43:00","23.7","73.6","016","082","327","2.0","3.6","1.0","1005.8","0.0","0.01","0.0","0.0"
"2026/09/01 07:44:00","23.7","73.7","011","086","320","1.0","2.0","0.2","1005.8","0.0","0.01","0.0","0.0"
"2026/09/01 07:45:00","23.7","73.6","052","090","357","0.8","1.7","0.2","1005.9","0.0","0.01","0.0","0.0"
"2026/09/01 07:46:00","23.7","73.3","046","103","359","2.1","3.7","0.2","1005.9","0.0","0.01","0.0","0.0"
"2026/09/01 07:47:00","23.7","73.4","033","152","263","1.6","3.1","0.1","1005.9","0.0","0.01","0.0","0.0"
"2026/09/01 07:48:00","23.7","73.4","046","117","001","1.9","2.9","0.3","1005.9","0.0","0.01","0.0","0.0"
"2026/09/01 07:49:00","23.6","73.5","055","078","037","2.3","2.9","1.6","1005.9","0.0","0.01","0.0","0.0"
"2026/09/01 07:50:00","23.5","73.8","020","126","226","1.1","2.3","0.1","1005.9","0.0","0.01","0.0","0.0"
"2026/09/01 07:51:00","23.6","74.0","343","028","313","1.1","1.9","0.2","1005.9","0.0","0.01","0.0","0.0"
"2026/09/01 07:52:00","23.7","73.6","026","110","275","1.3","2.9","0.2","1005.9","0.0","0.01","0.0","0.0"
"2026/09/01 07:53:00","23.7","73.4","074","127","053","1.7","2.6","1.1","1005.9","0.0","0.01","0.0","0.0"
"2026/09/01 07:54:00","23.7","73.6","103","175","044","1.3","2.6","0.3","1005.9","0.0","0.01","0.0","0.0"
"2026/09/01 07:55:00","23.8","73.1","089","148","044","1.3","2.1","0.2","1005.9","0.0","0.01","0.0","0.0"
"2026/09/01 07:56:00","23.8","73.1","091","114","075","1.7","2.5","0.7","1005.9","0.0","0.01","0.0","0.0"
"2026/09/01 07:57:00","23.8","73.0","073","101","054","2.4","3.0","1.8","1005.9","0.0","0.01","0.0","0.0"
"2026/09/01 07:58:00","23.8","73.2","059","078","025","1.7","2.6","1.1","1005.9","0.0","0.01","0.0","0.0"
"2026/09/01 07:59:00","23.7","73.2","073","112","033","1.9","2.8","1.0","1005.9","0.0","0.01","0.0","0.0"
"2026/09/01 08:00:00","23.8","73.4","078","119","009","1.5","2.7","0.6","1005.8","0.0","0.01","0.0","0.0"
"2026/09/01 08:01:00","23.8","72.9","054","072","032","1.9","2.9","1.3","1005.8","0.0","0.01","0.0","0.0"
"2026/09/01 08:02:00","23.8","73.0","041","087","000","1.5","2.6","0.5","1005.8","0.0","0.01","0.0","0.0"
"2026/09/01 08:03:00","23.8","72.8","061","073","029","1.8","2.6","1.0","1005.8","0.0","0.01","0.0","0.0"
"2026/09/01 08:04:00","23.9","73.0","024","107","324","0.9","1.8","0.2","1005.8","0.0","0.01","0.0","0.0"
"2026/09/01 08:05:00","23.9","72.9","034","172","294","1.5","2.4","0.2","1005.8","0.0","0.01","0.0","0.0"
"2026/09/01 08:06:00","24.0","72.3","333","025","296","2.6","3.6","1.1","1005.8","0.0","0.01","0.0","0.0"
"2026/09/01 08:07:00","24.0","72.4","351","029","292","2.2","3.3","0.9","1005.8","0.0","0.01","0.0","0.0"
"2026/09/01 08:08:00","24.0","72.7","351","085","230","1.4","2.3","0.3","1005.8","0.0","0.01","0.0","0.0"
"2026/09/01 08:09:00","24.1","72.4","348","078","207","0.9","1.8","0.1","1005.8","0.0","0.01","0.0","0.0"
"2026/09/01 08:10:00","24.2","71.8","042","108","222","1.3","2.1","0.2","1005.8","0.0","0.01","0.0","0.0"
"2026/09/01 08:11:00","24.3","71.9","017","143","259","0.6","1.6","0.1","1005.7","0.0","0.01","0.0","0.0"
"2026/09/01 08:12:00","24.3","71.1","062","096","018","1.3","2.9","0.3","1005.7","0.0","0.01","0.0","0.0"
"2026/09/01 08:13:00","24.2","71.2","070","086","055","2.2","3.1","1.3","1005.7","0.0","0.01","0.0","0.0"
"2026/09/01 08:14:00","24.1","71.5","086","123","057","1.7","3.0","0.8","1005.7","0.0","0.01","0.0","0.0"
"2026/09/01 08:15:00","24.0","71.6","105","144","084","2.1","3.2","1.4","1005.7","0.0","0.01","0.0","0.0"
"2026/09/01 08:16:00","24.1","71.7","137","214","033","1.4","2.4","0.2","1005.7","0.0","0.01","0.0","0.0"
"2026/09/01 08:17:00","24.2","71.9","034","228","308","1.6","2.8","0.5","1005.7","0.0","0.01","0.0","0.0"
"2026/09/01 08:18:00","24.2","71.3","047","111","273","2.6","3.7","0.3","1005.8","0.0","0.01","0.0","0.0"
"2026/09/01 08:19:00","24.1","71.5","066","100","015","1.7","2.7","0.5","1005.8","0.0","0.01","0.0","0.0"
"2026/09/01 08:20:00","24.2","71.4","005","141","287","1.4","2.3","0.2","1005.8","0.0","0.01","0.0","0.0"
"2026/09/01 08:21:00","24.2","71.2","039","088","353","1.8","2.7","1.1","1005.8","0.0","0.01","0.0","0.0"
"2026/09/01 08:22:00","24.1","71.4","026","060","323","1.6","3.3","0.6","1005.8","0.0","0.01","0.0","0.0"
"2026/09/01 08:23:00","24.1","71.4","046","167","315","1.3","2.7","0.2","1005.8","0.0","0.01","0.0","0.0"
"2026/09/01 08:24:00","24.1","71.3","060","101","010","1.3","2.0","0.2","1005.8","0.0","0.01","0.0","0.0"
"2026/09/01 08:25:00","24.2","71.1","046","106","315","1.7","3.3","0.1","1005.8","0.0","0.01","0.0","0.0"
"2026/09/01 08:26:00","24.2","71.2","009","042","326","1.5","2.4","0.4","1005.8","0.0","0.01","0.0","0.0"
"2026/09/01 08:27:00","24.3","71.1","004","051","330","1.3","1.9","0.5","1005.8","0.0","0.01","0.0","0.0"
"2026/09/01 08:28:00","24.3","70.8","012","077","236","1.7","3.1","0.4","1005.8","0.0","0.01","0.0","0.0"
"2026/09/01 08:29:00","24.3","70.9","017","082","314","1.1","1.7","0.2","1005.8","0.0","0.01","0.0","0.0"
"2026/09/01 08:30:00","24.3","70.9","049","133","313","1.4","2.5","0.1","1005.8","0.0","0.01","0.0","0.0"
"2026/09/01 08:31:00","24.4","70.5","359","013","336","1.8","2.6","1.1","1005.8","0.0","0.01","0.0","0.0"
"2026/09/01 08:32:00","24.3","70.8","020","110","293","1.1","2.2","0.2","1005.8","0.0","0.01","0.0","0.0"
"2026/09/01 08:33:00","24.4","70.4","039","095","324","0.8","1.6","0.2","1005.8","0.0","0.01","0.0","0.0"
"2026/09/01 08:34:00","24.4","70.3","064","094","031","1.0","1.5","0.5","1005.8","0.0","0.01","0.0","0.0"
"2026/09/01 08:35:00","24.4","70.5","053","085","015","0.8","1.3","0.2","1005.8","0.0","0.01","0.0","0.0"
"2026/09/01 08:36:00","24.4","70.2","025","083","324","1.4","2.5","0.6","1005.8","0.0","0.01","0.0","0.0"
"2026/09/01 08:37:00","24.4","70.5","032","104","329","1.4","2.5","0.4","1005.8","0.0","0.01","0.0","0.0"
"2026/09/01 08:38:00","24.3","70.7","090","187","036","1.8","2.7","0.4","1005.7","0.0","0.01","0.0","0.0"
"2026/09/01 08:39:00","24.3","70.5","105","225","328","1.3","2.5","0.2","1005.7","0.0","0.01","0.0","0.0"
"2026/09/01 08:40:00","24.4","70.4","096","157","030","1.5","2.9","0.6","1005.7","0.0","0.01","0.0","0.0"
"2026/09/01 08:41:00","24.3","70.5","080","095","055","2.1","2.8","1.4","1005.7","0.0","0.01","0.0","0.0"
"2026/09/01 08:42:00","24.3","70.6","083","165","351","1.3","2.5","0.1","1005.7","0.0","0.01","0.0","0.0"
"2026/09/01 08:43:00","24.3","70.9","025","081","261","1.4","2.6","0.3","1005.8","0.0","0.01","0.0","0.0"
"2026/09/01 08:44:00","24.4","70.5","354","080","309","1.5","2.3","0.4","1005.8","0.0","0.01","0.0","0.0"
"2026/09/01 08:45:00","24.4","70.3","041","098","356","1.3","2.2","0.6","1005.8","0.0","0.01","0.0","0.0"
"2026/09/01 08:46:00","24.4","70.3","002","111","246","1.3","3.5","0.2","1005.8","0.0","0.01","0.0","0.0"
"2026/09/01 08:47:00","24.4","70.3","052","097","024","2.5","3.4","1.1","1005.8","0.0","0.01","0.0","0.0"
"2026/09/01 08:48:00","24.4","70.6","030","066","310","1.6","3.1","0.2","1005.8","0.0","0.01","0.0","0.0"
"2026/09/01 08:49:00","24.4","70.8","326","040","183","0.5","1.2","0.1","1005.8","0.0","0.01","0.0","0.0"
"2026/09/01 08:50:00","24.5","70.3","343","085","176","1.0","2.7","0.1","1005.8","0.0","0.01","0.0","0.0"
"2026/09/01 08:51:00","24.5","70.6","017","084","280","1.6","2.4","0.4","1005.8","0.0","0.01","0.0","0.0"
"2026/09/01 08:52:00","24.5","70.3","347","025","288","1.9","2.6","0.6","1005.8","0.0","0.01","0.0","0.0"
"2026/09/01 08:53:00","24.5","70.6","347","104","273","1.2","2.3","0.0","1005.8","0.0","0.01","0.0","0.0"
"2026/09/01 08:54:00","24.5","70.4","041","104","277","1.1","2.0","0.3","1005.9","0.0","0.01","0.0","0.0"
"2026/09/01 08:55:00","24.5","70.4","039","082","327","1.3","2.3","0.2","1005.9","0.0","0.01","0.0","0.0"
"2026/09/01 08:56:00","24.5","70.4","047","103","003","1.0","2.0","0.2","1005.9","0.0","0.01","0.0","0.0"
"2026/09/01 08:57:00","24.5","70.3","015","043","356","0.7","1.2","0.3","1005.9","0.0","0.01","0.0","0.0"
"2026/09/01 08:58:00","24.5","70.3","346","018","306","0.6","1.3","0.2","1005.8","0.0","0.01","0.0","0.0"
"2026/09/01 08:59:00","24.6","70.2","009","056","325","1.2","2.3","0.6","1005.8","0.0","0.01","0.0","0.0"
"2026/09/01 09:00:00","24.6","70.3","017","079","309","1.5","2.7","0.4","1005.8","0.0","0.01","0.0","0.0"
"2026/09/01 09:01:00","24.6","70.0","047","091","344","1.7","2.7","0.7","1005.9","0.0","0.01","0.0","0.0"
"2026/09/01 09:02:00","24.5","70.2","054","092","028","1.7","2.6","0.9","1005.9","0.0","0.01","0.0","0.0"
"2026/09/01 09:03:00","24.4","70.5","015","052","306","1.1","1.8","0.5","1005.9","0.0","0.01","0.0","0.0"
"2026/09/01 09:04:00","24.4","70.3","019","079","334","1.4","1.9","0.7","1005.9","0.0","0.01","0.0","0.0"
"2026/09/01 09:05:00","24.4","70.4","055","104","018","0.8","1.4","0.3","1005.9","0.0","0.01","0.0","0.0"
"2026/09/01 09:06:00","24.5","70.4","077","109","033","0.5","1.2","0.2","1005.9","0.0","0.01","0.0","0.0"
"2026/09/01 09:07:00","24.5","70.3","018","074","334","0.7","2.4","0.1","1005.8","0.0","0.01","0.0","0.0"
"2026/09/01 09:08:00","24.6","70.1","015","076","314","1.8","3.1","0.8","1005.9","0.0","0.01","0.0","0.0"
"2026/09/01 09:09:00","24.5","70.1","041","064","028","2.2","2.6","1.2","1005.8","0.0","0.01","0.0","0.0"
"2026/09/01 09:10:00","24.4","70.5","033","089","354","1.8","2.5","1.0","1005.8","0.0","0.01","0.0","0.0"
"2026/09/01 09:11:00","24.4","70.6","021","075","310","1.6","2.8","0.3","1005.9","0.0","0.01","0.0","0.0"
"2026/09/01 09:12:00","24.4","70.5","062","091","019","1.8","2.5","1.2","1005.9","0.0","0.01","0.0","0.0"
"2026/09/01 09:13:00","24.3","70.7","075","089","062","2.1","3.1","1.3","1005.9","0.0","0.01","0.0","0.0"
"2026/09/01 09:14:00","24.3","71.0","083","097","070","2.2","2.6","1.8","1005.9","0.0","0.01","0.0","0.0"
"2026/09/01 09:15:00","24.2","71.3","026","070","002","2.4","3.7","1.1","1005.9","0.0","0.01","0.0","0.0"
"2026/09/01 09:16:00","24.2","71.4","072","106","041","1.4","1.9","0.7","1005.9","0.0","0.01","0.0","0.0"
"2026/09/01 09:17:00","24.2","71.5","050","105","314","0.6","1.1","0.1","1005.9","0.0","0.01","0.0","0.0"
"2026/09/01 09:18:00","24.4","71.5","350","079","280","1.1","2.1","0.3","1005.9","0.0","0.01","0.0","0.0"
"2026/09/01 09:19:00","24.5","71.0","012","063","338","1.7","2.7","0.9","1005.9","0.0","0.01","0.0","0.0"
"2026/09/01 09:20:00","24.6","70.7","016","051","285","0.9","1.7","0.3","1005.9","0.0","0.01","0.0","0.0"
"2026/09/01 09:21:00","24.7","70.5","047","109","006","1.2","2.2","0.4","1005.9","0.0","0.01","0.0","0.0"
"2026/09/01 09:22:00","24.7","70.2","043","060","359","1.4","1.9","0.6","1005.9","0.0","0.01","0.0","0.0"
"2026/09/01 09:23:00","24.7","70.4","067","124","009","1.3","2.2","0.6","1005.8","0.0","0.01","0.0","0.0"
"2026/09/01 09:24:00","24.7","70.3","054","149","010","2.3","3.4","0.5","1005.8","0.0","0.01","0.0","0.0"
"2026/09/01 09:25:00","24.7","70.3","083","142","028","1.6","2.2","0.8","1005.8","0.0","0.01","0.0","0.0"
"2026/09/01 09:26:00","24.6","70.2","090","115","061","2.2","2.8","1.1","1005.8","0.0","0.01","0.0","0.0"
"2026/09/01 09:27:00","24.6","70.6","092","218","002","1.0","2.3","0.2","1005.8","0.0","0.01","0.0","0.0"
"2026/09/01 09:28:00","24.7","70.2","079","209","052","1.9","2.9","0.2","1005.8","0.0","0.01","0.0","0.0"
"2026/09/01 09:29:00","24.7","70.3","070","113","042","2.0","3.3","0.5","1005.8","0.0","0.01","0.0","0.0"
"2026/09/01 09:30:00","24.7","70.1","084","115","016","2.1","3.6","0.3","1005.8","0.0","0.01","0.0","0.0"
"2026/09/01 09:31:00","24.7","70.0","074","126","047","2.1","3.3","0.6","1005.8","0.0","0.01","0.0","0.0"
"2026/09/01 09:32:00","24.6","70.0","063","082","039","1.8","2.8","0.7","1005.8","0.0","0.01","0.0","0.0"
"2026/09/01 09:33:00","24.6","70.0","011","054","305","1.2","1.8","0.3","1005.8","0.0","0.01","0.0","0.0"
"2026/09/01 09:34:00","24.7","69.9","049","135","269","0.8","2.0","0.2","1005.8","0.0","0.01","0.0","0.0"
"2026/09/01 09:35:00","24.8","69.9","069","172","287","0.6","1.1","0.2","1005.8","0.0","0.01","0.0","0.0"
"2026/09/01 09:36:00","24.9","69.4","060","201","338","0.9","1.5","0.3","1005.8","0.0","0.01","0.0","0.0"
"2026/09/01 09:37:00","25.0","69.1","063","141","004","1.2","2.0","0.4","1005.9","0.0","0.01","0.0","0.0"
"2026/09/01 09:38:00","25.1","68.6","081","108","036","1.2","2.0","0.5","1005.9","0.0","0.01","0.0","0.0"
"2026/09/01 09:39:00","25.1","68.9","057","258","301","0.5","1.2","0.1","1005.8","0.0","0.01","0.0","0.0"
"2026/09/01 09:40:00","25.2","68.9","322","012","267","1.0","1.7","0.3","1005.8","0.0","0.01","0.0","0.0"
"2026/09/01 09:41:00","25.3","67.9","329","355","257","1.4","2.5","0.5","1005.8","0.0","0.01","0.0","0.0"
"2026/09/01 09:42:00","25.3","68.2","341","043","275","0.8","1.4","0.2","1005.9","0.0","0.01","0.0","0.0"
"2026/09/01 09:43:00","25.4","67.3","316","341","267","1.9","2.6","0.6","1005.9","0.0","0.01","0.0","0.0"
"2026/09/01 09:44:00","25.4","67.4","319","003","281","2.0","2.8","1.1","1005.9","0.0","0.01","0.0","0.0"
"2026/09/01 09:45:00","25.4","67.6","306","084","191","1.3","3.2","0.2","1005.8","0.0","0.01","0.0","0.0"
"2026/09/01 09:46:00","25.5","67.0","284","056","204","0.7","1.8","0.1","1005.9","0.0","0.01","0.0","0.0"
"2026/09/01 09:47:00","25.6","66.6","282","334","212","1.7","3.0","0.3","1005.8","0.0","0.01","0.0","0.0"
"2026/09/01 09:48:00","25.6","66.6","288","040","221","1.6","2.9","0.3","1005.8","0.0","0.01","0.0","0.0"
"2026/09/01 09:49:00","25.6","66.6","266","086","150","0.9","1.6","0.1","1005.9","0.0","0.01","0.0","0.0"
"2026/09/01 09:50:00","25.7","66.3","308","056","207","1.0","2.9","0.2","1005.9","0.0","0.01","0.0","0.0"
"2026/09/01 09:51:00","25.5","66.7","047","055","021","2.4","2.9","0.7","1005.8","0.0","0.01","0.0","0.0"
"2026/09/01 09:52:00","25.4","67.3","353","075","288","1.9","2.9","0.6","1005.8","0.0","0.01","0.0","0.0"
"2026/09/01 09:53:00","25.3","67.4","323","337","279","1.8","2.3","1.0","1005.8","0.0","0.01","0.0","0.0"
"2026/09/01 09:54:00","25.3","67.4","316","007","227","1.2","2.3","0.1","1005.8","0.0","0.01","0.0","0.0"
"2026/09/01 09:55:00","25.4","67.1","335","003","310","1.4","2.0","0.8","1005.9","0.0","0.01","0.0","0.0"
"2026/09/01 09:56:00","25.4","67.4","004","072","264","1.6","2.5","0.8","1005.9","0.0","0.01","0.0","0.0"
"2026/09/01 09:57:00","25.4","67.6","316","088","226","1.2","1.9","0.3","1005.9","0.0","0.01","0.0","0.0"
"2026/09/01 09:58:00","25.5","66.9","286","061","184","1.3","2.5","0.2","1005.8","0.0","0.01","0.0","0.0"
"2026/09/01 09:59:00","25.6","66.8","343","029","293","1.0","2.0","0.2","1005.9","0.0","0.01","0.0","0.0"
"2026/09/01 10:00:00","25.6","66.7","342","101","184","0.3","0.8","0.1","1005.8","0.0","0.01","0.0","0.0"
"2026/09/01 10:01:00","25.7","66.3","068","144","037","1.5","2.3","0.3","1005.8","0.0","0.01","0.0","0.0"
"2026/09/01 10:02:00","25.6","66.5","036","057","012","1.6","2.5","1.1","1005.8","0.0","0.01","0.0","0.0"
"2026/09/01 10:03:00","25.5","66.9","013","082","322","1.4","2.5","0.1","1005.8","0.0","0.01","0.0","0.0"
"2026/09/01 10:04:00","25.5","67.7","316","066","227","1.5","2.8","0.3","1005.8","0.0","0.01","0.0","0.0"
"2026/09/01 10:05:00","25.5","67.0","326","347","250","2.1","2.7","1.1","1005.8","0.0","0.01","0.0","0.0"
"2026/09/01 10:06:00","25.5","67.1","312","342","280","1.7","2.3","0.9","1005.8","0.0","0.01","0.0","0.0"
"2026/09/01 10:07:00","25.5","67.0","358","059","279","0.8","1.3","0.1","1005.8","0.0","0.01","0.0","0.0"
"2026/09/01 10:08:00","25.5","66.9","055","126","346","0.6","1.0","0.3","1005.7","0.0","0.01","0.0","0.0"
"2026/09/01 10:09:00","25.6","66.9","052","094","028","1.1","1.6","0.5","1005.7","0.0","0.01","0.0","0.0"
"2026/09/01 10:10:00","25.5","67.0","058","200","314","0.7","1.4","0.1","1005.7","0.0","0.01","0.0","0.0"
"2026/09/01 10:11:00","25.6","67.0","335","113","291","0.7","1.7","0.1","1005.7","0.0","0.01","0.0","0.0"
"2026/09/01 10:12:00","25.6","66.9","358","046","324","1.1","1.9","0.2","1005.7","0.0","0.01","0.0","0.0"
"2026/09/01 10:13:00","25.7","66.4","015","120","292","1.7","3.1","0.3","1005.7","0.0","0.01","0.0","0.0"
"2026/09/01 10:14:00","25.7","65.7","038","073","015","2.1","3.3","0.9","1005.7","0.0","0.01","0.0","0.0"
"2026/09/01 10:15:00","25.5","66.1","051","068","027","2.1","3.1","1.6","1005.7","0.0","0.01","0.0","0.0"
"2026/09/01 10:16:00","25.4","66.2","021","111","259","1.8","2.8","0.3","1005.7","0.0","0.01","0.0","0.0"
"2026/09/01 10:17:00","25.4","67.2","319","346","290","1.6","2.2","0.9","1005.6","0.0","0.01","0.0","0.0"
"2026/09/01 10:18:00","25.5","66.9","303","053","208","0.8","1.8","0.1","1005.6","0.0","0.01","0.0","0.0"
"2026/09/01 10:19:00","25.7","65.9","345","007","325","1.2","2.4","0.4","1005.6","0.0","0.01","0.0","0.0"
"2026/09/01 10:20:00","25.8","65.9","003","063","299","1.6","2.5","0.9","1005.6","0.0","0.01","0.0","0.0"
"2026/09/01 10:21:00","25.7","66.1","011","079","334","1.4","2.3","0.6","1005.6","0.0","0.01","0.0","0.0"
"2026/09/01 10:22:00","25.7","66.1","047","057","035","1.7","2.0","1.5","1005.7","0.0","0.01","0.0","0.0"
"2026/09/01 10:23:00","25.5","66.5","058","073","034","1.2","1.8","0.4","1005.6","0.0","0.01","0.0","0.0"
"2026/09/01 10:24:00","25.5","67.2","037","083","346","1.3","2.2","0.4","1005.7","0.0","0.01","0.0","0.0"
"2026/09/01 10:25:00","25.5","66.9","034","134","313","1.3","2.2","0.6","1005.7","0.0","0.01","0.0","0.0"
"2026/09/01 10:26:00","25.6","67.2","047","218","251","0.7","1.5","0.1","1005.7","0.0","0.01","0.0","0.0"
"2026/09/01 10:27:00","25.7","66.0","344","097","313","1.8","3.1","0.4","1005.7","0.0","0.01","0.0","0.0"
"2026/09/01 10:28:00","25.6","66.2","352","018","316","2.3","3.1","1.4","1005.7","0.0","0.01","0.0","0.0"
"2026/09/01 10:29:00","25.6","66.5","325","016","228","1.3","2.4","0.1","1005.7","0.0","0.01","0.0","0.0"
"2026/09/01 10:30:00","25.7","67.1","311","346","264","2.4","3.7","0.5","1005.6","0.0","0.01","0.0","0.0"
"2026/09/01 10:31:00","25.7","66.5","303","330","276","2.2","3.2","1.0","1005.7","0.0","0.01","0.0","0.0"
"2026/09/01 10:32:00","25.8","66.1","345","062","242","1.4","2.4","0.5","1005.6","0.0","0.01","0.0","0.0"
"2026/09/01 10:33:00","25.7","66.2","005","049","255","2.1","3.3","0.2","1005.7","0.0","0.01","0.0","0.0"
"2026/09/01 10:34:00","25.7","66.3","002","025","311","2.8","3.6","1.8","1005.7","0.0","0.01","0.0","0.0"
"2026/09/01 10:35:00","25.7","66.4","010","059","336","2.1","3.4","0.4","1005.7","0.0","0.01","0.0","0.0"
"2026/09/01 10:36:00","25.7","66.3","349","032","327","1.9","2.9","1.2","1005.7","0.0","0.01","0.0","0.0"
"2026/09/01 10:37:00","25.7","66.8","305","056","159","0.6","1.5","0.1","1005.7","0.0","0.01","0.0","0.0"
"2026/09/01 10:38:00","25.8","66.2","352","042","284","1.6","2.6","0.7","1005.7","0.0","0.01","0.0","0.0"
"2026/09/01 10:39:00","25.8","65.9","003","056","248","1.3","2.2","0.3","1005.7","0.0","0.01","0.0","0.0"
"2026/09/01 10:40:00","25.8","66.0","340","013","299","1.2","1.8","0.4","1005.6","0.0","0.01","0.0","0.0"
"2026/09/01 10:41:00","25.9","65.8","020","104","214","1.5","3.8","0.1","1005.6","0.0","0.01","0.0","0.0"
"2026/09/01 10:42:00","25.8","66.3","095","119","064","2.1","3.0","0.9","1005.6","0.0","0.01","0.0","0.0"
"2026/09/01 10:43:00","25.7","66.3","084","153","012","1.7","2.7","0.4","1005.6","0.0","0.01","0.0","0.0"
"2026/09/01 10:44:00","25.7","66.6","050","083","351","1.8","3.1","0.6","1005.5","0.0","0.01","0.0","0.0"
"2026/09/01 10:45:00","25.9","65.8","035","104","340","2.0","3.7","0.6","1005.5","0.0","0.01","0.0","0.0"
"2026/09/01 10:46:00","25.9","65.2","030","086","288","2.2","3.7","0.4","1005.5","0.0","0.01","0.0","0.0"
"2026/09/01 10:47:00","25.9","65.4","027","088","315","1.9","3.2","0.7","1005.5","0.0","0.01","0.0","0.0"
"2026/09/01 10:48:00","25.8","65.4","034","056","022","1.5","2.6","0.6","1005.5","0.0","0.01","0.0","0.0"
"2026/09/01 10:49:00","25.8","66.0","037","074","007","0.8","1.0","0.5","1005.5","0.0","0.01","0.0","0.0"
"2026/09/01 10:50:00","25.8","66.1","038","186","254","0.4","1.1","0.0","1005.5","0.0","0.01","0.0","0.0"
"2026/09/01 10:51:00","25.9","66.1","025","062","305","1.7","2.8","1.0","1005.5","0.0","0.01","0.0","0.0"
"2026/09/01 10:52:00","26.0","65.7","336","038","296","2.4","3.9","0.8","1005.4","0.0","0.01","0.0","0.0"
"2026/09/01 10:53:00","26.0","66.0","359","079","266","1.8","2.8","0.4","1005.5","0.0","0.01","0.0","0.0"
"2026/09/01 10:54:00","26.0","65.7","333","045","278","2.1","3.6","0.9","1005.5","0.0","0.01","0.0","0.0"
"2026/09/01 10:55:00","26.0","65.3","354","036","315","2.5","3.9","0.7","1005.4","0.0","0.01","0.0","0.0"
"2026/09/01 10:56:00","26.0","65.6","010","077","308","1.9","3.7","0.3","1005.4","0.0","0.01","0.0","0.0"
"2026/09/01 10:57:00","25.9","65.9","048","073","359","1.8","2.8","1.1","1005.4","0.0","0.01","0.0","0.0"
"2026/09/01 10:58:00","26.0","65.4","024","062","357","1.9","2.7","0.9","1005.4","0.0","0.01","0.0","0.0"
"2026/09/01 10:59:00","26.0","65.3","003","037","321","2.3","3.7","1.1","1005.4","0.0","0.01","0.0","0.0"
"2026/09/01 11:00:00","25.9","65.4","336","005","292","1.9","2.7","1.2","1005.3","0.0","0.01","0.0","0.0"
"2026/09/01 11:01:00","26.0","65.4","355","050","320","1.5","2.5","0.3","1005.3","0.0","0.01","0.0","0.0"
"2026/09/01 11:02:00","26.0","65.5","024","199","220","0.6","1.5","0.1","1005.3","0.0","0.01","0.0","0.0"
"2026/09/01 11:03:00","26.2","65.0","344","181","191","0.9","1.9","0.2","1005.3","0.0","0.01","0.0","0.0"
"2026/09/01 11:04:00","26.4","64.7","331","058","293","0.9","1.5","0.2","1005.3","0.0","0.01","0.0","0.0"
"2026/09/01 11:05:00","26.6","64.5","309","083","170","0.5","1.2","0.1","1005.3","0.0","0.01","0.0","0.0"
"2026/09/01 11:06:00","26.8","63.9","339","026","287","1.1","1.8","0.5","1005.3","0.0","0.01","0.0","0.0"
"2026/09/01 11:07:00","26.9","63.1","320","021","289","1.9","3.4","0.3","1005.2","0.0","0.01","0.0","0.0"
"2026/09/01 11:08:00","26.7","63.3","322","336","302","3.7","4.5","2.2","1005.2","0.0","0.01","0.0","0.0"
"2026/09/01 11:09:00","26.5","64.7","298","058","227","2.7","4.1","1.2","1005.2","0.0","0.01","0.0","0.0"
"2026/09/01 11:10:00","26.5","64.5","301","319","275","3.3","4.4","2.4","1005.2","0.0","0.01","0.0","0.0"
"2026/09/01 11:11:00","26.4","64.4","292","338","253","3.1","5.0","1.2","1005.2","0.0","0.01","0.0","0.0"
"2026/09/01 11:12:00","26.4","64.8","274","020","141","1.1","2.5","0.2","1005.2","0.0","0.01","0.0","0.0"
"2026/09/01 11:13:00","26.5","64.4","271","010","136","1.8","3.2","0.2","1005.1","0.0","0.01","0.0","0.0"
"2026/09/01 11:14:00","26.6","64.2","270","012","162","1.1","2.4","0.3","1005.2","0.0","0.01","0.0","0.0"
"2026/09/01 11:15:00","26.7","63.7","286","065","095","0.9","1.7","0.3","1005.1","0.0","0.01","0.0","0.0"
"2026/09/01 11:16:00","26.9","63.4","274","090","157","1.1","2.2","0.2","1005.1","0.0","0.01","0.0","0.0"
"2026/09/01 11:17:00","27.0","63.1","286","332","228","1.4","2.2","0.5","1005.1","0.0","0.01","0.0","0.0"
"2026/09/01 11:18:00","27.1","63.0","342","073","275","0.8","1.5","0.4","1005.1","0.0","0.01","0.0","0.0"
"2026/09/01 11:19:00","27.0","62.3","012","111","321","1.5","2.9","0.3","1005.1","0.0","0.01","0.0","0.0"
"2026/09/01 11:20:00","26.8","62.9","037","074","011","1.8","2.7","1.0","1005.1","0.0","0.01","0.0","0.0"
"2026/09/01 11:21:00","26.5","63.7","075","097","053","2.2","3.0","1.1","1005.1","0.0","0.01","0.0","0.0"
"2026/09/01 11:22:00","26.3","64.6","073","111","044","1.8","2.9","0.8","1005.1","0.0","0.01","0.0","0.0"
"2026/09/01 11:23:00","26.2","64.8","073","111","043","1.8","3.1","0.5","1005.1","0.0","0.01","0.0","0.0"
"2026/09/01 11:24:00","26.2","64.7","012","067","315","2.5","4.2","0.7","1005.1","0.0","0.01","0.0","0.0"
"2026/09/01 11:25:00","26.3","64.7","020","085","317","1.5","2.2","0.5","1005.1","0.0","0.01","0.0","0.0"
"2026/09/01 11:26:00","26.4","64.3","355","073","232","0.8","2.4","0.3","1005.1","0.0","0.01","0.0","0.0"
"2026/09/01 11:27:00","26.4","64.1","056","076","032","2.0","3.7","1.2","1005.1","0.0","0.01","0.0","0.0"
"2026/09/01 11:28:00","26.2","64.4","062","086","034","2.3","3.5","1.4","1005.2","0.0","0.01","0.0","0.0"
"2026/09/01 11:29:00","26.1","64.9","073","102","049","1.2","1.9","0.4","1005.1","0.0","0.01","0.0","0.0"
"2026/09/01 11:30:00","26.1","65.2","087","121","026","1.0","1.8","0.3","1005.2","0.0","0.01","0.0","0.0"
"2026/09/01 11:31:00","26.2","64.9","043","085","307","0.7","1.4","0.2","1005.1","0.0","0.01","0.0","0.0"
"2026/09/01 11:32:00","26.4","64.8","024","207","245","0.5","1.1","0.1","1005.1","0.0","0.01","0.0","0.0"
"2026/09/01 11:33:00","26.6","64.5","315","062","257","0.7","1.6","0.1","1005.1","0.0","0.01","0.0","0.0"
"2026/09/01 11:34:00","26.6","63.3","042","116","015","2.1","3.3","0.7","1005.1","0.0","0.01","0.0","0.0"
"2026/09/01 11:35:00","26.5","63.6","012","063","327","1.4","2.1","0.4","1005.1","0.0","0.01","0.0","0.0"
"2026/09/01 11:36:00","26.5","64.0","342","047","277","1.5","3.6","0.5","1005.1","0.0","0.01","0.0","0.0"
"2026/09/01 11:37:00","26.4","63.8","353","028","294","2.6","4.2","0.7","1005.0","0.0","0.01","0.0","0.0"
"2026/09/01 11:38:00","26.4","64.1","007","069","330","2.8","4.0","1.7","1005.1","0.0","0.01","0.0","0.0"
"2026/09/01 11:39:00","26.3","64.2","077","098","052","3.3","4.0","2.1","1005.0","0.0","0.01","0.0","0.0"
"2026/09/01 11:40:00","26.2","64.4","086","098","069","3.0","3.9","1.4","1005.0","0.0","0.01","0.0","0.0"
"2026/09/01 11:41:00","26.2","64.5","078","115","035","2.1","3.0","1.3","1005.0","0.0","0.01","0.0","0.0"
"2026/09/01 11:42:00","26.3","64.6","067","103","004","1.4","2.2","0.3","1005.0","0.0","0.01","0.0","0.0"
"2026/09/01 11:43:00","26.3","64.5","079","116","045","1.7","2.4","0.6","1005.0","0.0","0.01","0.0","0.0"
"2026/09/01 11:44:00","26.4","64.1","067","091","039","1.8","2.7","0.7","1005.0","0.0","0.01","0.0","0.0"
"2026/09/01 11:45:00","26.4","64.3","077","113","052","1.8","2.6","1.0","1005.0","0.0","0.01","0.0","0.0"
"2026/09/01 11:46:00","26.4","64.4","090","193","043","1.1","2.0","0.4","1005.0","0.0","0.01","0.0","0.0"
"2026/09/01 11:47:00","26.4","64.2","100","210","006","1.1","2.2","0.2","1005.0","0.0","0.01","0.0","0.0"
"2026/09/01 11:48:00","26.6","63.9","066","158","013","1.3","2.8","0.1","1005.0","0.0","0.01","0.0","0.0"
"2026/09/01 11:49:00","26.5","64.0","049","076","022","2.8","4.5","1.9","1005.0","0.0","0.01","0.0","0.0"
"2026/09/01 11:50:00","26.4","64.1","046","072","031","3.4","4.3","2.1","1005.0","0.0","0.01","0.0","0.0"
"2026/09/01 11:51:00","26.3","64.6","033","065","007","2.6","3.3","1.7","1005.0","0.0","0.01","0.0","0.0"
"2026/09/01 11:52:00","26.2","64.8","034","063","358","3.0","3.8","2.2","1005.0","0.0","0.01","0.0","0.0"
"2026/09/01 11:53:00","26.2","64.9","062","089","024","2.3","3.0","1.6","1005.0","0.0","0.01","0.0","0.0"
"2026/09/01 11:54:00","26.2","65.0","079","133","044","1.6","2.9","0.5","1005.0","0.0","0.01","0.0","0.0"
"2026/09/01 11:55:00","26.3","64.8","091","145","053","2.4","3.9","0.6","1005.0","0.0","0.01","0.0","0.0"
"2026/09/01 11:56:00","26.3","64.9","112","144","087","2.3","3.3","1.1","1005.0","0.0","0.01","0.0","0.0"
"2026/09/01 11:57:00","26.3","64.7","070","099","044","2.5","3.5","1.5","1005.0","0.0","0.01","0.0","0.0"
"2026/09/01 11:58:00","26.3","64.7","058","087","029","2.1","3.3","1.0","1005.0","0.0","0.01","0.0","0.0"
"2026/09/01 11:59:00","26.3","65.1","032","162","301","1.0","2.1","0.2","1005.0","0.0","0.01","0.0","0.0"
"2026/09/01 12:00:00","26.4","64.8","005","040","324","1.8","2.6","1.2","1005.0","0.0","0.01","0.0","0.0"
"2026/09/01 12:01:00","26.4","64.7","039","114","350","1.8","2.5","0.9","1005.0","0.0","0.01","0.0","0.0"
"2026/09/01 12:02:00","26.4","64.6","047","097","023","1.4","2.8","0.7","1005.0","0.0","0.01","0.0","0.0"
"2026/09/01 12:03:00","26.5","64.6","122","185","054","0.8","1.8","0.1","1005.0","0.0","0.01","0.0","0.0"
"2026/09/01 12:04:00","26.5","64.8","348","115","265","0.6","1.2","0.1","1005.0","0.0","0.01","0.0","0.0"
"2026/09/01 12:05:00","26.6","64.2","341","002","301","1.8","2.5","0.8","1005.0","0.0","0.01","0.0","0.0"
"2026/09/01 12:06:00","26.6","64.9","336","022","274","1.3","2.2","0.5","1005.0","0.0","0.01","0.0","0.0"
"2026/09/01 12:07:00","26.6","64.3","337","025","259","2.2","3.2","1.0","1005.0","0.0","0.01","0.0","0.0"
"2026/09/01 12:08:00","26.6","64.5","324","352","300","3.0","4.3","1.6","1005.0","0.0","0.01","0.0","0.0"
"2026/09/01 12:09:00","26.6","64.1","327","001","278","2.3","3.0","1.0","1005.0","0.0","0.01","0.0","0.0"
"2026/09/01 12:10:00","26.6","64.2","351","018","314","2.1","3.0","1.5","1005.0","0.0","0.01","0.0","0.0"
"2026/09/01 12:11:00","26.5","64.5","033","081","000","1.7","2.6","1.0","1005.0","0.0","0.01","0.0","0.0"
"2026/09/01 12:12:00","26.5","64.4","040","073","015","2.3","4.1","1.0","1005.0","0.0","0.01","0.0","0.0"
"2026/09/01 12:13:00","26.5","64.4","039","058","016","2.4","3.1","1.2","1005.0","0.0","0.01","0.0","0.0"
"2026/09/01 12:14:00","26.5","64.4","356","048","279","1.6","2.7","0.2","1005.0","0.0","0.01","0.0","0.0"
"2026/09/01 12:15:00","26.5","64.6","332","000","250","1.5","3.0","0.5","1005.0","0.0","0.01","0.0","0.0"
"2026/09/01 12:16:00","26.5","64.7","309","034","189","0.5","1.0","0.1","1005.0","0.0","0.01","0.0","0.0"
"2026/09/01 12:17:00","26.6","64.5","325","100","165","0.4","0.9","0.1","1005.0","0.0","0.01","0.0","0.0"
"2026/09/01 12:18:00","26.7","64.2","286","093","191","0.3","0.8","0.1","1005.0","0.0","0.01","0.0","0.0"
"2026/09/01 12:19:00","26.8","64.0","005","052","305","0.6","1.3","0.1","1005.0","0.0","0.01","0.0","0.0"
"2026/09/01 12:20:00","26.9","63.5","028","084","305","1.6","2.3","0.5","1005.0","0.0","0.01","0.0","0.0"
"2026/09/01 12:21:00","26.9","63.3","056","104","001","1.2","2.0","0.2","1005.0","0.0","0.01","0.0","0.0"
"2026/09/01 12:22:00","26.8","63.5","049","085","015","0.9","1.5","0.5","1005.0","0.0","0.01","0.0","0.0"
"2026/09/01 12:23:00","26.8","63.6","034","069","354","0.6","1.5","0.2","1005.0","0.0","0.01","0.0","0.0"
"2026/09/01 12:24:00","26.8","63.5","058","136","326","0.4","0.9","0.0","1005.0","0.0","0.01","0.0","0.0"
"2026/09/01 12:25:00","26.8","63.7","075","122","355","1.6","2.7","0.4","1004.9","0.0","0.01","0.0","0.0"
"2026/09/01 12:26:00","26.8","63.6","074","133","027","1.7","2.9","0.9","1004.9","0.0","0.01","0.0","0.0"
"2026/09/01 12:27:00","26.8","63.6","033","089","330","0.9","1.7","0.2","1004.9","0.0","0.01","0.0","0.0"
"2026/09/01 12:28:00","26.8","63.5","064","145","008","2.0","3.2","0.5","1004.9","0.0","0.01","0.0","0.0"
"2026/09/01 12:29:00","26.7","63.4","061","079","029","2.5","3.1","1.8","1004.9","0.0","0.01","0.0","0.0"
"2026/09/01 12:30:00","26.6","63.7","074","108","064","1.7","2.4","1.1","1004.9","0.0","0.01","0.0","0.0"
"2026/09/01 12:31:00","26.5","64.1","099","130","055","1.6","2.8","0.9","1004.9","0.0","0.01","0.0","0.0"
"2026/09/01 12:32:00","26.5","63.9","081","147","054","1.9","3.0","1.0","1004.9","0.0","0.01","0.0","0.0"
"2026/09/01 12:33:00","26.5","64.1","085","109","062","2.0","2.9","0.9","1004.9","0.0","0.01","0.0","0.0"
"2026/09/01 12:34:00","26.5","64.3","083","108","065","2.5","3.5","1.6","1004.9","0.0","0.01","0.0","0.0"
"2026/09/01 12:35:00","26.5","64.5","048","086","006","1.6","2.1","0.9","1004.9","0.0","0.01","0.0","0.0"
"2026/09/01 12:36:00","26.6","64.0","032","064","355","2.1","3.2","0.9","1004.9","0.0","0.01","0.0","0.0"
"2026/09/01 12:37:00","26.6","64.0","044","064","023","2.3","3.1","1.1","1004.9","0.0","0.01","0.0","0.0"
"2026/09/01 12:38:00","26.5","64.2","043","068","026","2.0","3.2","1.0","1004.8","0.0","0.01","0.0","0.0"
"2026/09/01 12:39:00","26.5","64.3","039","071","001","0.8","1.3","0.3","1004.8","0.0","0.01","0.0","0.0"
"2026/09/01 12:40:00","26.5","64.3","078","111","048","0.7","1.3","0.4","1004.8","0.0","0.01","0.0","0.0"
"2026/09/01 12:41:00","26.5","64.2","061","084","025","0.7","1.3","0.2","1004.7","0.0","0.01","0.0","0.0"
"2026/09/01 12:42:00","26.5","64.1","066","101","357","1.0","2.1","0.4","1004.7","0.0","0.01","0.0","0.0"
"2026/09/01 12:43:00","26.6","64.2","021","115","303","0.5","0.9","0.0","1004.7","0.0","0.01","0.0","0.0"
"2026/09/01 12:44:00","26.7","64.1","038","184","263","0.6","1.6","0.1","1004.7","0.0","0.01","0.0","0.0"
"2026/09/01 12:45:00","26.8","63.6","107","137","069","2.2","3.8","1.1","1004.7","0.0","0.01","0.0","0.0"
"2026/09/01 12:46:00","26.8","63.4","080","172","020","2.3","3.4","1.0","1004.7","0.0","0.01","0.0","0.0"
"2026/09/01 12:47:00","26.8","63.5","044","083","340","2.1","3.5","0.8","1004.8","0.0","0.01","0.0","0.0"
"2026/09/01 12:48:00","26.8","63.6","035","082","348","1.7","3.0","0.1","1004.8","0.0","0.01","0.0","0.0"
"2026/09/01 12:49:00","26.8","63.4","067","098","325","1.8","2.9","0.3","1004.8","0.0","0.01","0.0","0.0"
"2026/09/01 12:50:00","26.8","63.4","078","093","064","1.3","1.8","0.8","1004.8","0.0","0.01","0.0","0.0"
"2026/09/01 12:51:00","26.7","63.8","081","108","034","0.8","1.8","0.3","1004.8","0.0","0.01","0.0","0.0"
"2026/09/01 12:52:00","26.7","63.6","124","177","018","1.0","1.8","0.3","1004.8","0.0","0.01","0.0","0.0"
"2026/09/01 12:53:00","26.8","63.5","128","245","342","0.5","1.3","0.1","1004.8","0.0","0.01","0.0","0.0"
"2026/09/01 12:54:00","27.1","63.1","193","352","028","0.5","1.2","0.1","1004.8","0.0","0.01","0.0","0.0"
"2026/09/01 12:55:00","27.3","62.4","101","210","354","1.1","2.9","0.1","1004.8","0.0","0.01","0.0","0.0"
"2026/09/01 12:56:00","27.3","62.4","097","150","054","1.9","3.2","0.7","1004.8","0.0","0.01","0.0","0.0"
"2026/09/01 12:57:00","27.2","62.2","090","128","053","2.1","3.0","0.7","1004.8","0.0","0.01","0.0","0.0"
"2026/09/01 12:58:00","27.1","62.4","099","139","076","2.0","2.9","1.2","1004.8","0.0","0.01","0.0","0.0"
"2026/09/01 12:59:00","27.0","62.5","104","136","065","1.7","2.4","0.2","1004.7","0.0","0.01","0.0","0.0"
"2026/09/01 13:00:00","26.9","62.7","132","186","105","1.6","2.8","0.5","1004.7","0.0","0.01","0.0","0.0"
"2026/09/01 13:01:00","27.0","62.5","154","224","071","1.1","2.2","0.2","1004.7","0.0","0.01","0.0","0.0"
"2026/09/01 13:02:00","27.1","62.1","110","228","075","1.6","2.2","0.3","1004.7","0.0","0.01","0.0","0.0"
"2026/09/01 13:03:00","27.1","62.3","103","124","064","1.1","1.7","0.4","1004.7","0.0","0.01","0.0","0.0"
"2026/09/01 13:04:00","27.1","62.2","090","136","053","0.7","1.4","0.3","1004.7","0.0","0.01","0.0","0.0"
"2026/09/01 13:05:00","27.2","62.1","064","128","014","0.8","1.7","0.3","1004.6","0.0","0.01","0.0","0.0"
"2026/09/01 13:06:00","27.2","62.2","031","083","272","0.6","1.2","0.1","1004.6","0.0","0.01","0.0","0.0"
"2026/09/01 13:07:00","27.3","61.9","093","151","036","0.8","1.3","0.2","1004.6","0.0","0.01","0.0","0.0"
"2026/09/01 13:08:00","27.5","61.4","061","106","029","1.6","3.0","0.5","1004.6","0.0","0.01","0.0","0.0"
"2026/09/01 13:09:00","27.5","61.0","045","086","012","2.6","3.6","1.3","1004.6","0.0","0.01","0.0","0.0"
"2026/09/01 13:10:00","27.4","61.3","032","087","332","2.5","3.5","1.2","1004.6","0.0","0.01","0.0","0.0"
"2026/09/01 13:11:00","27.2","61.5","049","083","358","2.7","4.0","1.5","1004.6","0.0","0.01","0.0","0.0"
"2026/09/01 13:12:00","27.1","62.3","023","158","287","1.4","2.9","0.2","1004.6","0.0","0.01","0.0","0.0"
"2026/09/01 13:13:00","27.2","61.6","352","058","290","1.2","2.3","0.1","1004.6","0.0","0.01","0.0","0.0"
"2026/09/01 13:14:00","27.3","61.5","028","081","277","0.9","1.4","0.4","1004.5","0.0","0.01","0.0","0.0"
"2026/09/01 13:15:00","27.5","61.5","009","165","262","0.7","1.6","0.2","1004.5","0.0","0.01","0.0","0.0"
"2026/09/01 13:16:00","27.6","60.7","067","139","009","1.6","2.4","0.2","1004.5","0.0","0.01","0.0","0.0"
"2026/09/01 13:17:00","27.5","60.7","073","091","064","2.9","3.8","1.9","1004.5","0.0","0.01","0.0","0.0"
"2026/09/01 13:18:00","27.3","61.2","075","085","062","2.2","3.0","1.5","1004.6","0.0","0.01","0.0","0.0"
"2026/09/01 13:19:00","27.1","61.6","090","113","078","1.8","2.6","0.7","1004.6","0.0","0.01","0.0","0.0"
"2026/09/01 13:20:00","27.1","61.9","128","238","288","0.9","1.8","0.2","1004.6","0.0","0.01","0.0","0.0"
"2026/09/01 13:21:00","27.3","61.2","190","230","133","1.1","1.8","0.4","1004.6","0.0","0.01","0.0","0.0"
"2026/09/01 13:22:00","27.5","60.5","156","233","064","0.6","1.3","0.1","1004.6","0.0","0.01","0.0","0.0"
"2026/09/01 13:23:00","27.7","60.3","075","125","029","1.2","1.6","0.5","1004.6","0.0","0.01","0.0","0.0"
"2026/09/01 13:24:00","27.7","60.1","068","119","028","1.0","1.5","0.5","1004.6","0.0","0.01","0.0","0.0"
"2026/09/01 13:25:00","27.7","60.3","064","221","272","0.4","0.8","0.0","1004.6","0.0","0.01","0.0","0.0"
"2026/09/01 13:26:00","27.8","59.6","112","179","046","0.9","1.9","0.1","1004.6","0.0","0.01","0.0","0.0"
"2026/09/01 13:27:00","27.8","59.8","089","157","023","1.7","3.6","0.5","1004.6","0.0","0.01","0.0","0.0"
"2026/09/01 13:28:00","27.6","60.3","066","075","051","3.1","3.9","2.2","1004.6","0.0","0.01","0.0","0.0"
"2026/09/01 13:29:00","27.3","61.1","076","105","064","2.9","3.8","1.7","1004.6","0.0","0.01","0.0","0.0"
"2026/09/01 13:30:00","27.2","61.6","069","113","331","1.3","2.7","0.4","1004.6","0.0","0.01","0.0","0.0"
"2026/09/01 13:31:00","27.2","61.7","063","097","029","2.1","3.6","0.8","1004.6","0.0","0.01","0.0","0.0"
"2026/09/01 13:32:00","27.2","61.7","065","167","346","1.1","2.5","0.3","1004.6","0.0","0.01","0.0","0.0"
"2026/09/01 13:33:00","27.2","61.8","050","108","012","2.2","3.5","0.5","1004.6","0.0","0.01","0.0","0.0"
"2026/09/01 13:34:00","27.3","61.5","036","105","328","1.3","2.1","0.4","1004.6","0.0","0.01","0.0","0.0"
"2026/09/01 13:35:00","27.4","61.3","352","100","266","0.9","1.8","0.4","1004.6","0.0","0.01","0.0","0.0"
"2026/09/01 13:36:00","27.4","60.9","031","115","350","2.0","3.6","0.3","1004.6","0.0","0.01","0.0","0.0"
"2026/09/01 13:37:00","27.4","61.0","060","104","356","1.0","1.9","0.3","1004.6","0.0","0.01","0.0","0.0"
"2026/09/01 13:38:00","27.4","61.1","038","100","357","1.2","2.1","0.5","1004.6","0.0","0.01","0.0","0.0"
"2026/09/01 13:39:00","27.4","61.0","020","045","324","1.3","2.7","0.4","1004.6","0.0","0.01","0.0","0.0"
"2026/09/01 13:40:00","27.4","61.0","348","022","317","1.4","2.0","0.5","1004.6","0.0","0.01","0.0","0.0"
"2026/09/01 13:41:00","27.4","61.0","314","083","183","0.8","2.3","0.0","1004.6","0.0","0.01","0.0","0.0"
"2026/09/01 13:42:00","27.5","60.9","324","009","289","1.7","2.5","1.1","1004.6","0.0","0.01","0.0","0.0"
"2026/09/01 13:43:00","27.5","60.7","332","028","281","2.1","2.7","1.1","1004.5","0.0","0.01","0.0","0.0"
"2026/09/01 13:44:00","27.5","60.8","349","072","291","1.7","2.7","0.7","1004.6","0.0","0.01","0.0","0.0"
"2026/09/01 13:45:00","27.5","61.2","327","012","226","0.9","1.5","0.2","1004.5","0.0","0.01","0.0","0.0"
"2026/09/01 13:46:00","27.6","60.8","289","084","189","0.4","1.1","0.0","1004.5","0.0","0.01","0.0","0.0"
"2026/09/01 13:47:00","27.7","60.2","016","123","199","0.3","0.7","0.1","1004.5","0.0","0.01","0.0","0.0"
"2026/09/01 13:48:00","27.8","60.0","111","207","057","0.8","1.9","0.2","1004.6","0.0","0.01","0.0","0.0"
"2026/09/01 13:49:00","27.8","59.9","097","115","077","2.1","2.9","0.5","1004.5","0.0","0.01","0.0","0.0"
"2026/09/01 13:50:00","27.7","60.3","091","126","054","1.7","2.5","0.9","1004.5","0.0","0.01","0.0","0.0"
"2026/09/01 13:51:00","27.6","60.4","070","103","042","2.3","3.2","1.3","1004.6","0.0","0.01","0.0","0.0"
"2026/09/01 13:52:00","27.6","60.5","047","071","024","1.9","2.8","1.0","1004.6","0.0","0.01","0.0","0.0"
"2026/09/01 13:53:00","27.5","60.8","038","076","356","1.3","2.0","0.3","1004.6","0.0","0.01","0.0","0.0"
"2026/09/01 13:54:00","27.5","60.9","068","128","007","1.6","2.5","0.8","1004.5","0.0","0.01","0.0","0.0"
"2026/09/01 13:55:00","27.5","60.9","076","199","310","1.5","3.1","0.2","1004.5","0.0","0.01","0.0","0.0"
"2026/09/01 13:56:00","27.5","60.9","035","076","327","1.2","2.2","0.1","1004.5","0.0","0.01","0.0","0.0"
"2026/09/01 13:57:00","27.5","61.1","042","129","286","1.0","2.1","0.3","1004.5","0.0","0.01","0.0","0.0"
"2026/09/01 13:58:00","27.6","61.5","303","003","252","1.1","1.7","0.4","1004.5","0.0","0.01","0.0","0.0"
"2026/09/01 13:59:00","27.6","60.8","342","073","273","1.0","2.0","0.1","1004.5","0.0","0.01","0.0","0.0"
"2026/09/01 14:00:00","27.7","61.0","303","351","271","1.2","2.0","0.4","1004.5","0.0","0.01","0.0","0.0"
"2026/09/01 14:01:00","27.8","61.3","269","038","191","0.6","1.4","0.0","1004.5","0.0","0.01","0.0","0.0"
"2026/09/01 14:02:00","27.9","60.3","339","051","232","0.9","2.1","0.1","1004.5","0.0","0.01","0.0","0.0"
"2026/09/01 14:03:00","27.9","60.3","062","089","348","2.2","3.1","0.8","1004.5","0.0","0.01","0.0","0.0"
"2026/09/01 14:04:00","27.8","60.4","100","162","062","2.2","3.8","0.9","1004.5","0.0","0.01","0.0","0.0"
"2026/09/01 14:05:00","27.6","60.7","094","116","073","2.2","3.3","1.2","1004.5","0.0","0.01","0.0","0.0"
"2026/09/01 14:06:00","27.5","60.8","081","105","047","1.3","2.3","0.5","1004.5","0.0","0.01","0.0","0.0"
"2026/09/01 14:07:00","27.5","60.9","073","105","042","1.6","2.2","1.0","1004.5","0.0","0.01","0.0","0.0"
"2026/09/01 14:08:00","27.4","61.2","059","083","040","1.6","2.9","0.8","1004.4","0.0","0.01","0.0","0.0"
"2026/09/01 14:09:00","27.3","61.5","057","068","044","1.9","2.9","1.0","1004.4","0.0","0.01","0.0","0.0"
"2026/09/01 14:10:00","27.3","61.6","059","132","277","0.5","1.1","0.1","1004.4","0.1","0.01","0.0","0.0"
"2026/09/01 14:11:00","27.3","61.7","050","071","013","1.6","2.8","0.9","1004.4","0.0","0.01","0.0","0.0"
"2026/09/01 14:12:00","27.4","61.9","078","129","059","1.8","2.9","1.0","1004.4","0.0","0.01","0.0","0.0"
"2026/09/01 14:13:00","27.5","61.3","111","144","089","2.2","2.9","1.2","1004.4","0.0","0.01","0.0","0.0"
"2026/09/01 14:14:00","27.5","61.5","107","147","086","2.0","2.9","1.2","1004.4","0.0","0.01","0.0","0.0"
"2026/09/01 14:15:00","27.5","61.5","071","139","003","1.3","2.8","0.2","1004.4","0.0","0.01","0.0","0.0"
"2026/09/01 14:16:00","27.6","61.1","104","141","056","1.5","2.7","0.3","1004.4","0.0","0.01","0.0","0.0"
"2026/09/01 14:17:00","27.6","61.4","088","143","027","1.1","1.7","0.3","1004.4","0.0","0.01","0.0","0.0"
"2026/09/01 14:18:00","27.6","60.9","096","122","052","1.7","2.8","0.7","1004.4","0.0","0.01","0.0","0.0"
"2026/09/01 14:19:00","27.6","61.0","112","204","030","1.4","2.5","0.3","1004.4","0.0","0.01","0.0","0.0"
"2026/09/01 14:20:00","27.6","61.0","118","153","061","2.3","3.4","0.9","1004.4","0.0","0.01","0.0","0.0"
"2026/09/01 14:21:00","27.6","61.0","120","200","039","1.1","1.8","0.5","1004.4","0.0","0.01","0.0","0.0"
"2026/09/01 14:22:00","27.7","60.9","139","176","106","1.2","1.8","0.5","1004.4","0.0","0.01","0.0","0.0"
"2026/09/01 14:23:00","27.7","61.0","134","307","344","0.4","0.8","0.0","1004.4","0.0","0.01","0.0","0.0"
"2026/09/01 14:24:00","27.8","60.9","045","089","256","0.4","0.8","0.1","1004.4","0.0","0.01","0.0","0.0"
"2026/09/01 14:25:00","27.8","61.0","029","057","328","0.9","1.5","0.2","1004.4","0.0","0.01","0.0","0.0"
"2026/09/01 14:26:00","27.8","60.8","055","128","354","0.9","1.9","0.2","1004.4","0.0","0.01","0.0","0.0"
"2026/09/01 14:27:00","27.7","60.9","062","078","047","1.1","1.7","0.6","1004.3","0.0","0.01","0.0","0.0"
"2026/09/01 14:28:00","27.7","61.0","038","069","352","1.7","2.2","1.1","1004.3","0.0","0.01","0.0","0.0"
"2026/09/01 14:29:00","27.7","61.0","068","095","028","1.8","3.2","0.9","1004.3","0.0","0.01","0.0","0.0"
"2026/09/01 14:30:00","27.6","60.9","094","119","074","1.8","2.6","1.2","1004.3","0.0","0.01","0.0","0.0"
"2026/09/01 14:31:00","27.6","61.0","084","118","038","1.7","3.1","0.7","1004.3","0.0","0.01","0.0","0.0"
"2026/09/01 14:32:00","27.6","61.3","090","159","043","1.4","2.1","0.6","1004.3","0.0","0.01","0.0","0.0"
"2026/09/01 14:33:00","27.6","61.2","070","098","039","1.9","2.7","1.0","1004.3","0.0","0.01","0.0","0.0"
"2026/09/01 14:34:00","27.5","61.3","065","095","027","1.8","3.2","1.0","1004.3","0.0","0.01","0.0","0.0"
"2026/09/01 14:35:00","27.5","61.5","046","102","010","1.4","2.9","0.5","1004.3","0.0","0.01","0.0","0.0"
"2026/09/01 14:36:00","27.6","61.4","092","142","045","1.8","2.4","1.1","1004.3","0.0","0.01","0.0","0.0"
"2026/09/01 14:37:00","27.6","61.3","105","145","088","1.6","2.2","0.7","1004.3","0.0","0.01","0.0","0.0"
"2026/09/01 14:38:00","27.6","61.3","083","118","057","1.7","2.1","0.7","1004.3","0.0","0.01","0.0","0.0"
"2026/09/01 14:39:00","27.6","61.5","056","092","027","1.6","2.3","1.1","1004.3","0.0","0.01","0.0","0.0"
"2026/09/01 14:40:00","27.6","61.5","036","069","358","2.1","2.9","1.1","1004.3","0.0","0.01","0.0","0.0"
"2026/09/01 14:41:00","27.5","61.4","063","089","041","2.1","3.6","1.1","1004.3","0.0","0.01","0.0","0.0"
"2026/09/01 14:42:00","27.5","61.6","071","099","052","2.3","3.6","1.3","1004.3","0.0","0.01","0.0","0.0"
"2026/09/01 14:43:00","27.5","61.7","084","102","061","2.4","3.4","1.0","1004.3","0.0","0.01","0.0","0.0"
"2026/09/01 14:44:00","27.4","61.9","084","097","070","2.5","3.3","1.5","1004.3","0.0","0.01","0.0","0.0"
"2026/09/01 14:45:00","27.4","61.7","111","165","089","2.0","2.8","1.3","1004.4","0.0","0.01","0.0","0.0"
"2026/09/01 14:46:00","27.5","61.7","111","151","033","1.7","2.6","0.5","1004.4","0.0","0.01","0.0","0.0"
"2026/09/01 14:47:00","27.5","61.6","086","176","024","1.9","2.6","0.6","1004.4","0.0","0.01","0.0","0.0"
"2026/09/01 14:48:00","27.5","61.7","078","099","036","2.1","3.2","0.8","1004.4","0.0","0.01","0.0","0.0"
"2026/09/01 14:49:00","27.5","61.8","056","093","290","1.2","2.3","0.1","1004.4","0.0","0.01","0.0","0.0"
"2026/09/01 14:50:00","27.5","61.7","073","095","044","1.6","2.6","0.6","1004.4","0.0","0.01","0.0","0.0"
"2026/09/01 14:51:00","27.5","61.5","060","082","028","1.3","2.4","0.6","1004.4","0.1","0.01","0.0","0.0"
"2026/09/01 14:52:00","27.5","61.7","085","105","058","0.9","1.3","0.4","1004.3","0.3","0.02","0.0","0.0"
"2026/09/01 14:53:00","27.6","61.5","098","122","069","0.7","1.3","0.2","1004.4","0.0","0.02","0.0","0.0"
"2026/09/01 14:54:00","27.6","61.4","096","139","073","0.8","1.2","0.4","1004.4","0.0","0.02","0.0","0.0"
"2026/09/01 14:55:00","27.6","61.4","085","247","298","0.4","0.8","0.0","1004.4","0.0","0.02","0.0","0.0"
"2026/09/01 14:56:00","27.7","61.2","201","280","182","1.7","2.8","0.5","1004.3","0.0","0.02","0.0","0.0"
"2026/09/01 14:57:00","27.8","61.0","217","284","105","1.5","2.4","0.7","1004.3","0.0","0.02","0.0","0.0"
"2026/09/01 14:58:00","27.8","60.9","173","256","108","0.9","1.7","0.2","1004.3","0.0","0.02","0.0","0.0"
"2026/09/01 14:59:00","27.9","61.0","092","152","049","1.1","1.7","0.3","1004.3","0.0","0.02","0.0","0.0"
"2026/09/01 15:00:00","27.9","61.0","071","162","344","0.9","1.6","0.2","1004.3","0.0","0.02","0.0","0.0"
"2026/09/01 15:01:00","27.9","60.4","051","089","005","1.6","2.5","0.5","1004.3","0.0","0.02","0.0","0.0"
"2026/09/01 15:02:00","27.9","60.6","072","121","006","1.1","2.1","0.4","1004.3","0.0","0.02","0.0","0.0"
"2026/09/01 15:03:00","27.9","60.5","059","127","028","1.2","1.9","0.5","1004.3","0.0","0.02","0.0","0.0"
"2026/09/01 15:04:00","27.8","60.6","050","083","015","1.2","2.0","0.3","1004.3","0.0","0.02","0.0","0.0"
"2026/09/01 15:05:00","27.8","60.6","032","060","338","1.2","1.8","0.7","1004.3","0.0","0.02","0.0","0.0"
"2026/09/01 15:06:00","27.8","60.9","352","088","302","0.7","1.2","0.2","1004.3","0.0","0.02","0.0","0.0"
"2026/09/01 15:07:00","27.8","60.8","064","101","005","2.1","3.0","0.6","1004.3","0.0","0.02","0.0","0.0"
"2026/09/01 15:08:00","27.7","60.9","036","057","019","1.8","2.6","1.3","1004.3","0.0","0.02","0.0","0.0"
"2026/09/01 15:09:00","27.7","61.1","041","131","298","1.9","3.8","0.6","1004.2","0.0","0.02","0.0","0.0"
"2026/09/01 15:10:00","27.7","61.1","090","152","033","1.2","2.1","0.5","1004.2","0.0","0.02","0.0","0.0"
"2026/09/01 15:11:00","27.8","60.9","086","136","043","1.4","2.6","0.4","1004.2","0.0","0.02","0.0","0.0"
"2026/09/01 15:12:00","27.7","61.1","059","081","021","1.6","2.7","0.8","1004.2","0.0","0.02","0.0","0.0"
"2026/09/01 15:13:00","27.7","61.2","086","129","054","1.4","2.3","0.8","1004.2","0.0","0.02","0.0","0.0"
"2026/09/01 15:14:00","27.7","61.2","168","263","085","0.7","2.2","0.3","1004.2","0.0","0.02","0.0","0.0"
"2026/09/01 15:15:00","27.7","61.8","243","030","086","0.8","2.0","0.1","1004.2","0.0","0.02","0.0","0.0"
"2026/09/01 15:16:00","27.8","61.1","107","164","003","0.5","1.0","0.1","1004.2","0.0","0.02","0.0","0.0"
"2026/09/01 15:17:00","27.9","60.8","086","129","051","0.7","1.0","0.2","1004.3","0.0","0.02","0.0","0.0"
"2026/09/01 15:18:00","27.9","60.7","103","149","063","0.7","1.5","0.2","1004.3","0.0","0.02","0.0","0.0"
"2026/09/01 15:19:00","27.9","60.7","103","275","062","0.6","1.3","0.0","1004.3","0.0","0.02","0.0","0.0"
"2026/09/01 15:20:00","27.9","60.7","053","105","337","0.6","1.1","0.1","1004.3","0.0","0.02","0.0","0.0"
"2026/09/01 15:21:00","27.9","60.7","064","110","013","1.0","1.6","0.4","1004.2","0.0","0.02","0.0","0.0"
"2026/09/01 15:22:00","27.9","60.7","075","241","288","0.9","1.7","0.1","1004.2","0.0","0.02","0.0","0.0"
"2026/09/01 15:23:00","27.9","60.7","100","243","350","1.0","2.1","0.1","1004.2","0.0","0.02","0.0","0.0"
"2026/09/01 15:24:00","27.9","60.7","081","181","028","2.2","3.5","0.4","1004.2","0.0","0.02","0.0","0.0"
"2026/09/01 15:25:00","27.8","60.8","072","101","060","2.4","3.7","1.6","1004.2","0.0","0.02","0.0","0.0"
"2026/09/01 15:26:00","27.8","61.0","037","073","351","1.2","2.0","0.5","1004.2","0.0","0.02","0.0","0.0"
"2026/09/01 15:27:00","27.8","60.9","023","076","320","1.4","2.9","0.4","1004.2","0.0","0.02","0.0","0.0"
"2026/09/01 15:28:00","27.8","60.9","042","076","013","2.5","3.5","1.2","1004.2","0.0","0.02","0.0","0.0"
"2026/09/01 15:29:00","27.7","61.0","008","050","250","1.8","2.9","0.3","1004.3","0.0","0.02","0.0","0.0"
"2026/09/01 15:30:00","27.7","61.2","028","081","004","2.2","3.2","0.9","1004.3","0.0","0.02","0.0","0.0"
"2026/09/01 15:31:00","27.7","61.2","025","078","315","1.2","1.7","0.5","1004.3","0.0","0.02","0.0","0.0"
"2026/09/01 15:32:00","27.7","61.2","348","095","314","0.9","1.6","0.4","1004.2","0.0","0.02","0.0","0.0"
"2026/09/01 15:33:00","27.7","61.5","354","045","316","1.0","1.6","0.6","1004.2","0.0","0.02","0.0","0.0"
"2026/09/01 15:34:00","27.8","61.1","008","053","309","1.6","2.6","0.5","1004.2","0.0","0.02","0.0","0.0"
"2026/09/01 15:35:00","27.7","61.2","006","040","316","1.3","2.0","0.4","1004.2","0.0","0.02","0.0","0.0"
"2026/09/01 15:36:00","27.8","61.2","357","039","316","1.0","1.5","0.6","1004.2","0.0","0.02","0.0","0.0"
"2026/09/01 15:37:00","27.8","61.3","040","090","340","1.1","1.7","0.4","1004.2","0.0","0.02","0.0","0.0"
"2026/09/01 15:38:00","27.8","61.5","012","052","308","1.6","3.1","0.4","1004.2","0.0","0.02","0.0","0.0"
"2026/09/01 15:39:00","27.8","61.3","354","053","310","1.6","2.8","0.2","1004.2","0.0","0.02","0.0","0.0"
"2026/09/01 15:40:00","27.8","61.1","022","113","308","1.8","3.2","0.2","1004.2","0.0","0.02","0.0","0.0"
"2026/09/01 15:41:00","27.8","61.3","046","096","330","1.8","3.1","0.6","1004.2","0.0","0.02","0.0","0.0"
"2026/09/01 15:42:00","27.8","61.1","050","091","015","1.6","2.7","0.9","1004.2","0.0","0.02","0.0","0.0"
"2026/09/01 15:43:00","27.8","61.1","038","093","358","1.1","1.8","0.6","1004.2","0.0","0.02","0.0","0.0"
"2026/09/01 15:44:00","27.8","61.2","041","074","021","1.3","2.0","0.9","1004.2","0.0","0.02","0.0","0.0"
"2026/09/01 15:45:00","27.7","61.3","029","071","342","1.1","1.8","0.5","1004.2","0.0","0.02","0.0","0.0"
"2026/09/01 15:46:00","27.7","61.3","011","048","333","1.4","2.3","0.8","1004.2","0.0","0.02","0.0","0.0"
"2026/09/01 15:47:00","27.7","61.3","006","035","333","1.0","1.9","0.6","1004.2","0.0","0.02","0.0","0.0"
"2026/09/01 15:48:00","27.7","61.6","353","027","302","1.2","1.9","0.6","1004.2","0.0","0.02","0.0","0.0"
"2026/09/01 15:49:00","27.8","61.5","357","090","312","1.2","1.8","0.2","1004.2","0.0","0.02","0.0","0.0"
"2026/09/01 15:50:00","27.8","61.3","027","078","349","1.0","1.8","0.4","1004.2","0.0","0.02","0.0","0.0"
"2026/09/01 15:51:00","27.8","61.2","047","098","338","0.7","1.0","0.2","1004.2","0.0","0.02","0.0","0.0"
"2026/09/01 15:52:00","27.8","61.3","078","118","041","0.9","1.7","0.4","1004.2","0.0","0.02","0.0","0.0"
"2026/09/01 15:53:00","27.8","61.4","083","109","051","1.5","2.4","0.8","1004.1","0.0","0.02","0.0","0.0"
"2026/09/01 15:54:00","27.7","61.5","089","181","030","1.4","2.2","0.1","1004.1","0.0","0.02","0.0","0.0"
"2026/09/01 15:55:00","27.7","61.7","082","150","348","1.2","2.1","0.2","1004.2","0.0","0.02","0.0","0.0"
"2026/09/01 15:56:00","27.7","61.6","073","124","039","1.5","2.6","0.4","1004.2","0.0","0.02","0.0","0.0"
"2026/09/01 15:57:00","27.7","61.6","065","086","031","1.6","2.3","0.7","1004.2","0.0","0.02","0.0","0.0"
"2026/09/01 15:58:00","27.7","61.6","074","110","029","1.0","1.8","0.5","1004.2","0.0","0.02","0.0","0.0"
"2026/09/01 15:59:00","27.7","61.6","072","231","344","0.5","1.0","0.0","1004.2","0.0","0.02","0.0","0.0"
"2026/09/01 16:00:00","27.7","61.6","034","064","014","0.6","1.0","0.4","1004.2","0.0","0.02","0.0","0.0"
"2026/09/01 16:01:00","27.6","61.9","351","109","278","1.2","2.2","0.4","1004.1","0.0","0.02","0.0","0.0"
"2026/09/01 16:02:00","27.7","61.7","034","077","001","1.5","2.1","0.8","1004.1","0.0","0.02","0.0","0.0"
"2026/09/01 16:03:00","27.6","61.7","033","105","307","1.0","2.1","0.1","1004.1","0.0","0.02","0.0","0.0"
"2026/09/01 16:04:00","27.7","61.8","029","127","278","0.7","1.3","0.1","1004.1","0.0","0.02","0.0","0.0"
"2026/09/01 16:05:00","27.7","61.9","062","089","020","0.6","1.1","0.3","1004.1","0.0","0.02","0.0","0.0"
"2026/09/01 16:06:00","27.7","61.6","059","078","026","1.7","2.5","0.8","1004.1","0.0","0.02","0.0","0.0"
"2026/09/01 16:07:00","27.7","61.7","063","080","022","1.8","2.2","1.1","1004.1","0.0","0.02","0.0","0.0"
"2026/09/01 16:08:00","27.6","61.8","055","072","035","1.3","2.0","0.7","1004.1","0.0","0.02","0.0","0.0"
"2026/09/01 16:09:00","27.6","62.0","024","047","001","1.1","1.7","0.6","1004.1","0.0","0.02","0.0","0.0"
"2026/09/01 16:10:00","27.6","62.1","074","096","037","1.6","2.3","0.6","1004.1","0.0","0.02","0.0","0.0"
"2026/09/01 16:11:00","27.6","62.1","092","118","060","1.1","1.8","0.4","1004.2","0.0","0.02","0.0","0.0"
"2026/09/01 16:12:00","27.5","62.2","073","091","018","0.8","1.2","0.4","1004.1","0.0","0.02","0.0","0.0"
"2026/09/01 16:13:00","27.6","62.2","067","111","352","0.5","0.9","0.2","1004.2","0.0","0.02","0.0","0.0"
"2026/09/01 16:14:00","27.6","62.2","089","223","283","0.3","0.7","0.0","1004.2","0.0","0.02","0.0","0.0"
"2026/09/01 16:15:00","27.6","62.0","111","178","072","0.6","1.0","0.1","1004.2","0.0","0.02","0.0","0.0"
"2026/09/01 16:16:00","27.7","61.9","150","194","119","0.6","1.2","0.1","1004.2","0.0","0.02","0.0","0.0"
"2026/09/01 16:17:00","27.7","61.8","117","209","009","0.5","0.8","0.1","1004.2","0.0","0.02","0.0","0.0"
"2026/09/01 16:18:00","27.8","61.9","061","183","355","0.9","1.4","0.2","1004.2","0.0","0.02","0.0","0.0"
"2026/09/01 16:19:00","27.8","61.9","031","087","253","0.9","1.5","0.2","1004.2","0.0","0.02","0.0","0.0"
"2026/09/01 16:20:00","27.8","61.9","017","126","308","0.8","1.4","0.2","1004.2","0.0","0.02","0.0","0.0"
"2026/09/01 16:21:00","27.8","61.8","058","100","347","1.4","2.8","0.3","1004.2","0.0","0.02","0.0","0.0"
"2026/09/01 16:22:00","27.7","61.9","068","125","018","1.8","2.6","1.0","1004.2","0.0","0.02","0.0","0.0"
"2026/09/01 16:23:00","27.7","62.0","057","108","000","1.3","1.8","0.4","1004.2","0.0","0.02","0.0","0.0"
"2026/09/01 16:24:00","27.7","61.9","083","111","047","1.7","2.3","1.1","1004.2","0.0","0.02","0.0","0.0"
"2026/09/01 16:25:00","27.6","62.1","065","101","042","1.7","2.2","1.1","1004.2","0.0","0.02","0.0","0.0"
"2026/09/01 16:26:00","27.6","62.2","074","120","030","1.6","2.6","0.9","1004.2","0.0","0.02","0.0","0.0"
"2026/09/01 16:27:00","27.6","62.1","104","130","071","1.2","1.8","0.5","1004.2","0.0","0.02","0.0","0.0"
"2026/09/01 16:28:00","27.6","62.2","080","211","041","1.2","2.2","0.3","1004.2","0.0","0.02","0.0","0.0"
"2026/09/01 16:29:00","27.6","62.3","052","085","359","1.6","2.1","0.8","1004.2","0.0","0.02","0.0","0.0"
"2026/09/01 16:30:00","27.6","62.4","079","098","048","1.2","1.7","0.7","1004.2","0.0","0.02","0.0","0.0"
"2026/09/01 16:31:00","27.6","62.4","088","120","046","1.1","1.7","0.3","1004.2","0.0","0.02","0.0","0.0"
"2026/09/01 16:32:00","27.6","62.2","074","113","015","1.0","1.7","0.4","1004.2","0.0","0.02","0.0","0.0"
"2026/09/01 16:33:00","27.6","62.4","079","114","043","1.3","1.9","0.7","1004.2","0.0","0.02","0.0","0.0"
"2026/09/01 16:34:00","27.6","62.5","066","113","036","0.9","1.4","0.3","1004.2","0.0","0.02","0.0","0.0"
"2026/09/01 16:35:00","27.6","62.5","082","122","042","0.7","1.1","0.1","1004.1","0.0","0.02","0.0","0.0"
"2026/09/01 16:36:00","27.6","62.5","015","108","286","0.5","0.9","0.0","1004.1","0.0","0.02","0.0","0.0"
"2026/09/01 16:37:00","27.7","62.8","037","101","315","0.7","1.3","0.2","1004.2","0.0","0.02","0.0","0.0"
"2026/09/01 16:38:00","27.7","63.0","048","107","325","0.7","1.3","0.1","1004.2","0.0","0.02","0.0","0.0"
"2026/09/01 16:39:00","27.7","63.1","038","078","004","1.1","1.8","0.5","1004.2","0.0","0.02","0.0","0.0"
"2026/09/01 16:40:00","27.7","63.2","091","149","045","1.5","2.1","0.8","1004.2","0.0","0.02","0.0","0.0"
"2026/09/01 16:41:00","27.7","63.2","081","124","033","1.1","1.7","0.4","1004.2","0.0","0.02","0.0","0.0"
"2026/09/01 16:42:00","27.7","63.1","066","114","031","1.1","1.8","0.6","1004.2","0.0","0.02","0.0","0.0"
"2026/09/01 16:43:00","27.7","62.9","081","151","055","1.2","2.0","0.5","1004.2","0.0","0.02","0.0","0.0"
"2026/09/01 16:44:00","27.7","62.6","082","122","059","1.3","1.7","0.6","1004.2","0.0","0.02","0.0","0.0"
"2026/09/01 16:45:00","27.7","62.6","089","114","065","1.1","1.8","0.7","1004.2","0.0","0.02","0.0","0.0"
"2026/09/01 16:46:00","27.6","62.6","088","117","067","1.1","1.6","0.6","1004.2","0.0","0.02","0.0","0.0"
"2026/09/01 16:47:00","27.6","62.7","072","092","005","1.1","1.6","0.4","1004.2","0.0","0.02","0.0","0.0"
"2026/09/01 16:48:00","27.6","62.7","043","062","014","1.1","1.6","0.6","1004.2","0.0","0.02","0.0","0.0"
"2026/09/01 16:49:00","27.6","62.9","069","087","040","1.3","2.1","0.8","1004.2","0.0","0.02","0.0","0.0"
"2026/09/01 16:50:00","27.6","62.9","085","103","067","1.9","2.5","1.4","1004.2","0.0","0.02","0.0","0.0"
"2026/09/01 16:51:00","27.6","63.0","089","140","028","1.3","2.4","0.4","1004.2","0.0","0.02","0.0","0.0"
"2026/09/01 16:52:00","27.6","63.0","070","100","045","1.5","1.9","0.7","1004.2","0.0","0.02","0.0","0.0"
"2026/09/01 16:53:00","27.6","63.1","099","141","052","1.4","2.3","0.7","1004.2","0.0","0.02","0.0","0.0"
"2026/09/01 16:54:00","27.6","63.0","099","135","073","1.4","2.3","0.6","1004.2","0.0","0.02","0.0","0.0"
"2026/09/01 16:55:00","27.6","62.9","102","126","085","1.5","1.9","0.7","1004.2","0.0","0.02","0.0","0.0"
"2026/09/01 16:56:00","27.6","63.0","101","157","064","1.1","1.5","0.5","1004.2","0.0","0.02","0.0","0.0"
"2026/09/01 16:57:00","27.6","63.0","099","136","078","1.2","1.7","0.9","1004.2","0.0","0.02","0.0","0.0"
"2026/09/01 16:58:00","27.6","63.2","076","111","044","0.9","1.5","0.4","1004.2","0.0","0.02","0.0","0.0"
"2026/09/01 16:59:00","27.6","63.2","089","118","018","1.2","1.9","0.5","1004.2","0.0","0.02","0.0","0.0"
"2026/09/01 17:00:00","27.6","63.0","071","105","032","1.5","2.1","0.9","1004.3","0.0","0.02","0.0","0.0"
"2026/09/01 17:01:00","27.6","63.1","069","089","059","1.8","2.3","1.4","1004.3","0.0","0.02","0.0","0.0"
"2026/09/01 17:02:00","27.5","63.1","077","099","064","1.6","2.0","0.8","1004.3","0.0","0.02","0.0","0.0"
"2026/09/01 17:03:00","27.5","63.1","082","093","067","1.1","1.5","0.7","1004.3","0.0","0.02","0.0","0.0"
"2026/09/01 17:04:00","27.5","63.2","081","117","051","1.3","1.9","0.5","1004.3","0.0","0.02","0.0","0.0"
"2026/09/01 17:05:00","27.5","63.2","115","174","061","1.2","1.7","0.5","1004.2","0.0","0.02","0.0","0.0"
"2026/09/01 17:06:00","27.5","63.1","134","216","345","0.6","1.3","0.1","1004.2","0.0","0.02","0.0","0.0"
"2026/09/01 17:07:00","27.5","63.0","111","133","091","0.7","1.1","0.4","1004.2","0.0","0.02","0.0","0.0"
"2026/09/01 17:08:00","27.5","63.1","112","169","085","1.2","2.1","0.5","1004.2","0.0","0.02","0.0","0.0"
"2026/09/01 17:09:00","27.5","63.1","128","172","095","2.0","2.9","0.8","1004.2","0.0","0.02","0.0","0.0"
"2026/09/01 17:10:00","27.6","63.0","127","180","083","1.4","2.2","0.8","1004.2","0.0","0.02","0.0","0.0"
"2026/09/01 17:11:00","27.6","63.0","099","182","329","0.8","1.6","0.1","1004.3","0.0","0.02","0.0","0.0"
"2026/09/01 17:12:00","27.6","62.8","097","157","037","1.2","1.9","0.3","1004.3","0.0","0.02","0.0","0.0"
"2026/09/01 17:13:00","27.6","62.9","099","139","002","1.0","1.8","0.5","1004.3","0.0","0.02","0.0","0.0"
"2026/09/01 17:14:00","27.6","62.8","103","161","078","0.9","1.3","0.5","1004.3","0.0","0.02","0.0","0.0"
"2026/09/01 17:15:00","27.6","63.0","092","132","060","0.9","1.5","0.5","1004.3","0.0","0.02","0.0","0.0"
"2026/09/01 17:16:00","27.6","63.0","091","132","050","0.8","1.6","0.3","1004.3","0.0","0.02","0.0","0.0"
"2026/09/01 17:17:00","27.6","63.0","088","108","068","1.0","1.6","0.3","1004.3","0.0","0.02","0.0","0.0"
"2026/09/01 17:18:00","27.6","63.1","075","110","050","0.8","1.2","0.4","1004.3","0.0","0.02","0.0","0.0"
"2026/09/01 17:19:00","27.5","63.1","051","096","016","0.6","1.0","0.2","1004.3","0.0","0.02","0.0","0.0"
"2026/09/01 17:20:00","27.5","63.2","023","077","305","0.3","0.6","0.0","1004.3","0.0","0.02","0.0","0.0"
"2026/09/01 17:21:00","27.5","63.4","305","346","280","0.4","0.7","0.0","1004.3","0.0","0.02","0.0","0.0"
"2026/09/01 17:22:00","27.5","63.6","284","307","214","0.6","0.9","0.2","1004.3","0.0","0.02","0.0","0.0"
"2026/09/01 17:23:00","27.5","63.7","258","331","118","0.4","0.8","0.0","1004.3","0.0","0.02","0.0","0.0"
"2026/09/01 17:24:00","27.5","63.8","271","003","111","0.3","0.7","0.0","1004.3","0.0","0.02","0.0","0.0"
"2026/09/01 17:25:00","27.5","63.8","252","318","196","0.4","0.7","0.1","1004.3","0.0","0.02","0.0","0.0"
"2026/09/01 17:26:00","27.5","64.2","240","297","188","0.6","1.4","0.1","1004.3","0.0","0.02","0.0","0.0"
"2026/09/01 17:27:00","27.5","64.4","284","327","209","0.8","1.4","0.2","1004.2","0.0","0.02","0.0","0.0"
"2026/09/01 17:28:00","27.5","64.5","198","358","096","0.3","0.9","0.1","1004.2","0.0","0.02","0.0","0.0"
"2026/09/01 17:29:00","27.5","64.9","277","350","168","0.6","1.5","0.0","1004.2","0.0","0.02","0.0","0.0"
"2026/09/01 17:30:00","27.5","65.1","299","061","187","0.7","1.6","0.1","1004.2","0.0","0.02","0.0","0.0"
"2026/09/01 17:31:00","27.4","65.4","287","302","272","2.2","2.9","1.1","1004.2","0.0","0.02","0.0","0.0"
"2026/09/01 17:32:00","27.4","65.7","301","321","284","1.5","2.2","0.8","1004.2","0.0","0.02","0.0","0.0"
"2026/09/01 17:33:00","27.3","65.7","307","350","235","1.4","2.3","0.4","1004.2","0.0","0.02","0.0","0.0"
"2026/09/01 17:34:00","27.3","65.7","006","102","246","1.6","3.1","0.1","1004.2","0.0","0.02","0.0","0.0"
"2026/09/01 17:35:00","27.2","65.8","030","064","340","1.8","2.8","0.9","1004.2","0.0","0.02","0.0","0.0"
"2026/09/01 17:36:00","27.2","66.0","320","053","269","1.4","2.4","0.4","1004.2","0.0","0.02","0.0","0.0"
"2026/09/01 17:37:00","27.2","66.1","341","077","290","1.4","2.3","0.1","1004.2","0.0","0.02","0.0","0.0"
"2026/09/01 17:38:00","27.1","66.4","304","344","232","1.5","2.3","0.4","1004.2","0.0","0.02","0.0","0.0"
"2026/09/01 17:39:00","27.1","66.5","273","324","108","0.7","2.3","0.1","1004.3","0.0","0.02","0.0","0.0"
"2026/09/01 17:40:00","27.1","66.5","320","354","197","1.8","2.7","0.3","1004.3","0.0","0.02","0.0","0.0"
"2026/09/01 17:41:00","27.0","66.9","268","014","176","1.0","2.1","0.2","1004.3","0.0","0.02","0.0","0.0"
"2026/09/01 17:42:00","27.0","67.0","293","017","224","1.1","2.1","0.3","1004.3","0.0","0.02","0.0","0.0"
"2026/09/01 17:43:00","27.0","67.0","301","343","246","1.8","2.8","0.7","1004.3","0.0","0.02","0.0","0.0"
"2026/09/01 17:44:00","27.0","67.1","302","338","239","1.7","2.5","0.8","1004.3","0.0","0.02","0.0","0.0"
"2026/09/01 17:45:00","27.0","67.2","316","348","276","1.9","3.0","0.9","1004.3","0.0","0.02","0.0","0.0"
"2026/09/01 17:46:00","26.9","67.2","316","339","293","2.1","3.3","1.5","1004.3","0.0","0.02","0.0","0.0"
"2026/09/01 17:47:00","26.9","67.5","296","080","213","1.5","2.8","0.1","1004.3","0.0","0.02","0.0","0.0"
"2026/09/01 17:48:00","26.9","67.5","304","040","225","1.6","2.4","0.2","1004.3","0.0","0.02","0.0","0.0"
"2026/09/01 17:49:00","26.9","67.6","278","064","164","1.3","2.8","0.2","1004.3","0.0","0.02","0.0","0.0"
"2026/09/01 17:50:00","26.9","67.7","292","354","216","1.6","3.0","0.3","1004.3","0.0","0.02","0.0","0.0"
"2026/09/01 17:51:00","26.9","67.7","275","346","202","1.7","2.7","0.3","1004.3","0.0","0.02","0.0","0.0"
"2026/09/01 17:52:00","26.9","67.9","283","007","179","2.1","3.9","0.3","1004.3","0.0","0.02","0.0","0.0"
"2026/09/01 17:53:00","26.8","68.0","296","347","249","2.0","3.9","0.6","1004.3","0.0","0.02","0.0","0.0"
"2026/09/01 17:54:00","26.8","68.2","315","337","280","2.4","3.1","1.5","1004.4","0.0","0.02","0.0","0.0"
"2026/09/01 17:55:00","26.8","68.3","311","339","285","2.6","4.0","1.2","1004.3","0.0","0.02","0.0","0.0"
"2026/09/01 17:56:00","26.7","68.4","308","330","275","2.2","3.4","1.3","1004.3","0.0","0.02","0.0","0.0"
"2026/09/01 17:57:00","26.7","68.4","317","341","289","2.9","3.5","1.7","1004.3","0.0","0.02","0.0","0.0"
"2026/09/01 17:58:00","26.7","68.5","307","333","277","2.8","3.7","1.8","1004.3","0.0","0.02","0.0","0.0"
"2026/09/01 17:59:00","26.7","68.7","309","327","273","2.7","3.9","1.4","1004.3","0.0","0.02","0.0","0.0"
"2026/09/01 18:00:00","26.7","68.8","281","339","189","1.9","2.9","0.5","1004.3","0.0","0.02","0.0","0.0"
"2026/09/01 18:01:00","26.7","68.8","336","008","291","2.0","2.6","1.1","1004.3","0.0","0.02","0.0","0.0"
"2026/09/01 18:02:00","26.7","68.7","342","030","304","1.4","2.2","0.7","1004.3","0.0","0.02","0.0","0.0"
"2026/09/01 18:03:00","26.7","68.5","322","349","297","1.8","2.4","0.9","1004.3","0.0","0.02","0.0","0.0"
"2026/09/01 18:04:00","26.7","68.4","310","004","251","1.3","2.2","0.4","1004.3","0.0","0.02","0.0","0.0"
"2026/09/01 18:05:00","26.7","68.5","308","340","234","1.7","2.6","0.9","1004.4","0.0","0.02","0.0","0.0"
"2026/09/01 18:06:00","26.7","68.6","284","337","198","1.2","2.3","0.2","1004.4","0.0","0.02","0.0","0.0"
"2026/09/01 18:07:00","26.8","68.6","203","018","067","0.5","0.9","0.2","1004.4","0.0","0.02","0.0","0.0"
"2026/09/01 18:08:00","26.8","68.5","244","001","100","0.8","2.3","0.1","1004.4","0.0","0.02","0.0","0.0"
"2026/09/01 18:09:00","26.8","68.4","267","332","192","1.1","1.9","0.2","1004.4","0.0","0.02","0.0","0.0"
"2026/09/01 18:10:00","26.8","68.4","268","053","102","0.8","1.3","0.1","1004.4","0.0","0.02","0.0","0.0"
"2026/09/01 18:11:00","26.8","68.3","269","019","119","0.6","1.4","0.2","1004.4","0.0","0.02","0.0","0.0"
"2026/09/01 18:12:00","26.8","68.4","259","310","149","0.9","1.4","0.2","1004.4","0.0","0.02","0.0","0.0"
"2026/09/01 18:13:00","26.8","68.4","257","318","153","0.7","1.9","0.1","1004.4","0.0","0.02","0.0","0.0"
"2026/09/01 18:14:00","26.8","68.5","285","321","248","1.4","2.3","0.7","1004.4","0.0","0.02","0.0","0.0"
"2026/09/01 18:15:00","26.8","68.5","263","083","143","0.5","1.0","0.1","1004.4","0.0","0.02","0.0","0.0"
"2026/09/01 18:16:00","26.8","68.5","280","354","204","0.5","1.3","0.1","1004.4","0.0","0.02","0.0","0.0"
"2026/09/01 18:17:00","26.8","68.5","267","318","202","0.5","1.2","0.1","1004.4","0.0","0.02","0.0","0.0"
"2026/09/01 18:18:00","26.8","68.5","289","337","206","0.5","1.2","0.0","1004.5","0.0","0.02","0.0","0.0"
"2026/09/01 18:19:00","26.8","68.6","307","003","251","0.3","0.7","0.1","1004.5","0.0","0.02","0.0","0.0"
"2026/09/01 18:20:00","26.8","68.6","316","082","216","0.3","0.7","0.0","1004.5","0.0","0.02","0.0","0.0"
"2026/09/01 18:21:00","26.8","68.6","310","065","193","0.4","0.8","0.0","1004.5","0.0","0.02","0.0","0.0"
"2026/09/01 18:22:00","26.8","68.6","266","032","203","0.6","1.1","0.1","1004.5","0.0","0.02","0.0","0.0"
"2026/09/01 18:23:00","26.8","68.7","285","022","181","0.9","1.7","0.1","1004.5","0.0","0.02","0.0","0.0"
"2026/09/01 18:24:00","26.8","68.8","279","333","218","1.0","1.8","0.1","1004.5","0.0","0.02","0.0","0.0"
"2026/09/01 18:25:00","26.8","68.9","284","311","202","1.2","1.8","0.3","1004.5","0.0","0.02","0.0","0.0"
"2026/09/01 18:26:00","26.7","68.9","284","326","236","0.9","2.2","0.3","1004.5","0.0","0.02","0.0","0.0"
"2026/09/01 18:27:00","26.7","69.0","273","344","189","1.0","2.0","0.3","1004.5","0.0","0.02","0.0","0.0"
"2026/09/01 18:28:00","26.7","69.1","276","339","197","0.9","1.8","0.3","1004.5","0.0","0.02","0.0","0.0"
"2026/09/01 18:29:00","26.7","69.2","278","042","198","1.0","2.4","0.1","1004.5","0.0","0.02","0.0","0.0"
"2026/09/01 18:30:00","26.7","69.3","266","310","190","1.5","2.5","0.3","1004.5","0.0","0.02","0.0","0.0"
"2026/09/01 18:31:00","26.7","69.4","271","018","200","1.0","2.2","0.2","1004.5","0.0","0.02","0.0","0.0"
"2026/09/01 18:32:00","26.7","69.4","262","305","185","1.8","2.7","0.3","1004.5","0.0","0.02","0.0","0.0"
"2026/09/01 18:33:00","26.7","69.6","287","327","240","1.4","2.3","0.6","1004.5","0.0","0.02","0.0","0.0"
"2026/09/01 18:34:00","26.6","69.6","282","338","239","1.4","2.4","0.4","1004.5","0.0","0.02","0.0","0.0"
"2026/09/01 18:35:00","26.6","69.7","283","323","242","1.4","2.2","0.4","1004.5","0.0","0.02","0.0","0.0"
"2026/09/01 18:36:00","26.6","69.8","284","320","257","1.9","2.8","0.5","1004.5","0.0","0.02","0.0","0.0"
"2026/09/01 18:37:00","26.6","69.9","272","010","201","1.4","2.8","0.3","1004.5","0.0","0.02","0.0","0.0"
"2026/09/01 18:38:00","26.6","69.8","270","305","219","2.2","3.4","0.7","1004.5","0.0","0.02","0.0","0.0"
"2026/09/01 18:39:00","26.5","70.0","284","007","157","1.4","2.9","0.3","1004.5","0.0","0.02","0.0","0.0"
"2026/09/01 18:40:00","26.5","70.0","286","325","171","2.1","3.2","0.5","1004.5","0.0","0.02","0.0","0.0"
"2026/09/01 18:41:00","26.5","70.3","263","329","148","1.6","2.6","0.7","1004.6","0.0","0.02","0.0","0.0"
"2026/09/01 18:42:00","26.4","70.4","241","318","145","1.0","1.7","0.3","1004.6","0.0","0.02","0.0","0.0"
"2026/09/01 18:43:00","26.4","70.4","289","029","237","1.3","2.4","0.6","1004.6","0.0","0.02","0.0","0.0"
"2026/09/01 18:44:00","26.4","70.5","263","341","187","0.8","1.8","0.1","1004.6","0.0","0.02","0.0","0.0"
"2026/09/01 18:45:00","26.4","70.5","243","340","124","1.0","1.7","0.3","1004.6","0.0","0.02","0.0","0.0"
"2026/09/01 18:46:00","26.4","70.5","251","332","098","1.1","2.7","0.1","1004.6","0.0","0.02","0.0","0.0"
"2026/09/01 18:47:00","26.4","70.5","230","039","096","0.7","1.6","0.2","1004.6","0.0","0.02","0.0","0.0"
"2026/09/01 18:48:00","26.4","70.5","252","299","179","1.2","2.0","0.4","1004.6","0.0","0.02","0.0","0.0"
"2026/09/01 18:49:00","26.4","70.5","229","329","141","1.0","2.1","0.3","1004.6","0.0","0.02","0.0","0.0"
"2026/09/01 18:50:00","26.4","70.6","281","052","209","0.8","1.7","0.1","1004.6","0.0","0.02","0.0","0.0"
"2026/09/01 18:51:00","26.4","70.6","257","066","139","0.5","1.1","0.1","1004.6","0.0","0.02","0.0","0.0"
"2026/09/01 18:52:00","26.4","70.7","237","024","083","0.5","1.1","0.1","1004.6","0.0","0.02","0.0","0.0"
"2026/09/01 18:53:00","26.4","70.8","301","015","224","1.1","1.6","0.3","1004.6","0.0","0.02","0.0","0.0"
"2026/09/01 18:54:00","26.4","71.0","290","322","223","1.1","1.8","0.3","1004.7","0.0","0.02","0.0","0.0"
"2026/09/01 18:55:00","26.4","71.1","255","073","133","0.8","1.6","0.1","1004.7","0.0","0.02","0.0","0.0"
"2026/09/01 18:56:00","26.3","71.0","211","272","088","1.1","2.0","0.2","1004.7","0.0","0.02","0.0","0.0"
"2026/09/01 18:57:00","26.4","71.0","261","348","156","0.9","2.0","0.1","1004.7","0.0","0.02","0.0","0.0"
"2026/09/01 18:58:00","26.3","71.1","209","264","050","0.7","1.3","0.2","1004.7","0.0","0.02","0.0","0.0"
"2026/09/01 18:59:00","26.3","71.1","247","347","116","1.2","2.0","0.2","1004.7","0.0","0.02","0.0","0.0"
"2026/09/01 19:00:00","26.3","71.2","257","052","103","1.6","2.8","0.2","1004.7","0.0","0.02","0.0","0.0"
"2026/09/01 19:01:00","26.2","71.4","275","026","188","1.0","2.1","0.3","1004.8","0.0","0.02","0.0","0.0"
"2026/09/01 19:02:00","26.2","71.4","354","137","270","0.7","1.3","0.1","1004.8","0.0","0.02","0.0","0.0"
"2026/09/01 19:03:00","26.2","71.4","294","033","162","1.0","2.2","0.0","1004.8","0.0","0.02","0.0","0.0"
"2026/09/01 19:04:00","26.2","71.5","267","020","144","0.9","1.8","0.2","1004.8","0.0","0.02","0.0","0.0"
"2026/09/01 19:05:00","26.2","71.6","270","343","138","1.5","2.7","0.3","1004.8","0.0","0.02","0.0","0.0"
"2026/09/01 19:06:00","26.2","71.6","268","033","143","1.5","3.3","0.2","1004.8","0.0","0.02","0.0","0.0"
"2026/09/01 19:07:00","26.2","71.8","266","328","204","2.4","3.8","0.8","1004.8","0.0","0.02","0.0","0.0"
"2026/09/01 19:08:00","26.2","71.9","286","316","202","2.2","3.1","0.5","1004.8","0.0","0.02","0.0","0.0"
"2026/09/01 19:09:00","26.1","71.9","290","059","209","1.4","3.0","0.3","1004.8","0.0","0.02","0.0","0.0"
"2026/09/01 19:10:00","26.1","72.0","283","078","149","1.7","3.2","0.2","1004.8","0.0","0.02","0.0","0.0"
"2026/09/01 19:11:00","26.1","72.0","294","324","250","2.5","3.3","0.8","1004.9","0.0","0.02","0.0","0.0"
"2026/09/01 19:12:00","26.1","72.1","274","038","199","1.5","2.6","0.3","1004.9","0.0","0.02","0.0","0.0"
"2026/09/01 19:13:00","26.1","72.0","280","060","201","1.9","3.3","0.3","1004.9","0.0","0.02","0.0","0.0"
"2026/09/01 19:14:00","26.1","72.1","278","008","184","1.6","3.0","0.0","1004.9","0.0","0.02","0.0","0.0"
"2026/09/01 19:15:00","26.1","72.2","260","062","096","0.9","1.9","0.2","1004.9","0.0","0.02","0.0","0.0"
"2026/09/01 19:16:00","26.1","72.2","283","088","146","1.3","2.5","0.1","1004.9","0.0","0.02","0.0","0.0"
"2026/09/01 19:17:00","26.1","72.1","293","003","260","1.6","2.8","0.4","1004.9","0.0","0.02","0.0","0.0"
"2026/09/01 19:18:00","26.1","72.2","264","015","159","1.3","2.8","0.2","1004.9","0.0","0.02","0.0","0.0"
"2026/09/01 19:19:00","26.1","72.2","264","023","183","1.3","2.7","0.1","1005.0","0.0","0.02","0.0","0.0"
"2026/09/01 19:20:00","26.1","72.1","265","030","100","1.3","3.3","0.2","1004.9","0.0","0.02","0.0","0.0"
"2026/09/01 19:21:00","26.1","72.2","277","336","200","1.8","3.6","0.4","1004.9","0.0","0.02","0.0","0.0"
"2026/09/01 19:22:00","26.1","72.3","278","312","229","2.3","3.4","1.2","1005.0","0.0","0.02","0.0","0.0"
"2026/09/01 19:23:00","26.1","72.3","273","308","179","2.3","3.3","0.7","1005.0","0.0","0.02","0.0","0.0"
"2026/09/01 19:24:00","26.1","72.2","270","311","200","2.1","3.5","0.6","1004.9","0.0","0.02","0.0","0.0"
"2026/09/01 19:25:00","26.1","72.3","279","040","216","1.9","2.9","0.6","1005.0","0.0","0.02","0.0","0.0"
"2026/09/01 19:26:00","26.1","72.3","287","336","238","1.7","3.3","0.5","1005.0","0.0","0.02","0.0","0.0"
"2026/09/01 19:27:00","26.0","72.3","278","332","198","2.1","3.4","0.4","1005.0","0.0","0.02","0.0","0.0"
"2026/09/01 19:28:00","26.0","72.5","274","313","220","2.2","3.2","0.8","1005.0","0.0","0.02","0.0","0.0"
"2026/09/01 19:29:00","26.0","72.4","279","335","200","2.0","3.0","0.4","1005.0","0.0","0.02","0.0","0.0"
"2026/09/01 19:30:00","26.0","72.6","285","329","237","2.4","3.2","1.2","1005.0","0.0","0.02","0.0","0.0"
"2026/09/01 19:31:00","26.0","72.7","288","315","263","2.3","3.1","0.6","1005.0","0.0","0.02","0.0","0.0"
"2026/09/01 19:32:00","26.0","72.7","283","335","223","1.9","3.0","0.5","1005.0","0.0","0.02","0.0","0.0"
"2026/09/01 19:33:00","26.0","72.7","284","345","235","2.3","3.4","1.0","1005.0","0.0","0.02","0.0","0.0"
"2026/09/01 19:34:00","26.0","72.6","281","003","229","1.6","2.8","0.2","1005.1","0.0","0.02","0.0","0.0"
"2026/09/01 19:35:00","26.0","72.7","275","008","152","1.3","2.3","0.2","1005.1","0.0","0.02","0.0","0.0"
"2026/09/01 19:36:00","25.9","72.8","288","015","183","1.6","3.1","0.4","1005.1","0.0","0.02","0.0","0.0"
"2026/09/01 19:37:00","25.9","73.0","265","026","152","1.1","2.2","0.1","1005.1","0.0","0.02","0.0","0.0"
"2026/09/01 19:38:00","25.9","73.0","271","359","187","1.6","3.0","0.4","1005.1","0.0","0.02","0.0","0.0"
"2026/09/01 19:39:00","25.9","72.9","290","328","237","2.8","3.8","1.2","1005.1","0.0","0.02","0.0","0.0"
"2026/09/01 19:40:00","25.9","73.1","292","329","235","2.2","3.3","0.3","1005.1","0.0","0.02","0.0","0.0"
"2026/09/01 19:41:00","25.9","73.3","283","351","201","1.3","2.7","0.2","1005.1","0.0","0.02","0.0","0.0"
"2026/09/01 19:42:00","25.9","73.3","306","325","250","1.8","2.6","0.7","1005.1","0.0","0.02","0.0","0.0"
"2026/09/01 19:43:00","25.9","73.4","309","335","274","1.4","2.1","0.7","1005.1","0.0","0.02","0.0","0.0"
"2026/09/01 19:44:00","25.9","73.5","242","052","115","0.6","1.5","0.1","1005.2","0.0","0.02","0.0","0.0"
"2026/09/01 19:45:00","25.9","73.5","220","043","084","0.5","0.9","0.0","1005.2","0.0","0.02","0.0","0.0"
"2026/09/01 19:46:00","25.9","73.5","262","357","150","0.6","1.2","0.1","1005.2","0.0","0.02","0.0","0.0"
"2026/09/01 19:47:00","25.9","73.5","275","025","179","1.2","2.0","0.4","1005.2","0.0","0.02","0.0","0.0"
"2026/09/01 19:48:00","25.9","73.6","267","046","119","1.7","2.6","0.2","1005.2","0.0","0.02","0.0","0.0"
"2026/09/01 19:49:00","25.9","73.6","286","305","260","1.8","2.4","0.9","1005.2","0.0","0.02","0.0","0.0"
"2026/09/01 19:50:00","25.9","73.6","285","317","241","1.8","2.3","1.0","1005.2","0.0","0.02","0.0","0.0"
"2026/09/01 19:51:00","25.9","73.5","298","316","268","1.6","2.0","1.2","1005.2","0.0","0.02","0.0","0.0"
"2026/09/01 19:52:00","25.9","73.8","286","010","155","1.7","2.8","0.2","1005.2","0.0","0.02","0.0","0.0"
"2026/09/01 19:53:00","25.9","73.9","278","341","207","1.1","2.2","0.2","1005.2","0.0","0.02","0.0","0.0"
"2026/09/01 19:54:00","25.9","74.0","285","326","242","1.7","2.7","0.3","1005.2","0.0","0.02","0.0","0.0"
"2026/09/01 19:55:00","25.9","74.0","263","027","108","0.7","1.5","0.1","1005.2","0.0","0.02","0.0","0.0"
"2026/09/01 19:56:00","25.9","74.0","280","070","110","0.4","0.8","0.1","1005.2","0.0","0.02","0.0","0.0"
"2026/09/01 19:57:00","25.9","74.0","227","350","090","0.5","1.1","0.0","1005.2","0.0","0.02","0.0","0.0"
"2026/09/01 19:58:00","25.9","74.0","269","324","111","0.8","1.7","0.1","1005.2","0.0","0.02","0.0","0.0"
"2026/09/01 19:59:00","25.9","74.0","280","305","261","1.4","1.7","0.8","1005.2","0.0","0.02","0.0","0.0"
"2026/09/01 20:00:00","25.9","73.9","207","300","076","0.6","1.3","0.1","1005.3","0.0","0.02","0.0","0.0"
"2026/09/01 20:01:00","25.9","73.8","205","336","068","0.4","1.2","0.0","1005.3","0.0","0.02","0.0","0.0"
"2026/09/01 20:02:00","25.9","73.8","252","338","133","0.4","1.4","0.1","1005.3","0.0","0.02","0.0","0.0"
"2026/09/01 20:03:00","25.9","73.8","274","325","198","1.0","1.6","0.2","1005.3","0.0","0.02","0.0","0.0"
"2026/09/01 20:04:00","25.9","73.8","266","314","197","1.3","2.3","0.6","1005.3","0.0","0.02","0.0","0.0"
"2026/09/01 20:05:00","25.9","73.8","252","000","134","0.8","1.7","0.2","1005.3","0.0","0.02","0.0","0.0"
"2026/09/01 20:06:00","25.9","73.8","189","281","033","0.6","1.2","0.1","1005.3","0.0","0.02","0.0","0.0"
"2026/09/01 20:07:00","25.9","73.7","219","043","135","0.6","1.8","0.1","1005.3","0.0","0.02","0.0","0.0"
"2026/09/01 20:08:00","26.0","73.8","191","350","022","0.6","1.4","0.1","1005.3","0.0","0.02","0.0","0.0"
"2026/09/01 20:09:00","26.0","73.9","301","329","197","1.7","2.4","0.3","1005.3","0.1","0.02","0.0","0.0"
"2026/09/01 20:10:00","25.9","74.1","309","324","283","1.9","2.5","1.3","1005.3","0.0","0.02","0.0","0.0"
"2026/09/01 20:11:00","25.9","74.5","282","312","241","1.4","2.3","0.6","1005.3","0.0","0.02","0.0","0.0"
"2026/09/01 20:12:00","25.9","74.9","267","059","207","0.7","1.4","0.1","1005.3","0.0","0.02","0.0","0.0"
"2026/09/01 20:13:00","25.9","75.0","294","028","177","0.8","1.7","0.1","1005.3","0.1","0.02","0.0","0.0"
"2026/09/01 20:14:00","25.9","75.3","287","346","190","1.1","1.7","0.1","1005.3","0.0","0.02","0.0","0.0"
"2026/09/01 20:15:00","25.8","75.4","270","310","217","1.1","1.7","0.5","1005.4","1.6","0.05","0.0","0.0"
"2026/09/01 20:16:00","25.8","75.8","276","350","187","1.0","1.7","0.1","1005.4","3.3","0.10","0.0","0.0"
"2026/09/01 20:17:00","25.8","76.0","256","056","113","0.4","0.8","0.1","1005.4","0.7","0.12","0.0","0.0"
"2026/09/01 20:18:00","25.8","76.6","260","043","144","0.6","1.3","0.1","1005.4","0.2","0.12","0.0","0.0"
"2026/09/01 20:19:00","25.8","76.8","284","066","095","0.4","1.3","0.0","1005.4","0.3","0.13","0.0","0.0"
"2026/09/01 20:20:00","25.8","76.9","278","033","187","0.8","1.2","0.1","1005.4","0.1","0.13","0.0","0.0"
"2026/09/01 20:21:00","25.7","76.9","278","349","138","0.9","1.2","0.2","1005.4","0.0","0.13","0.0","0.0"
"2026/09/01 20:22:00","25.7","77.5","303","090","103","0.4","0.9","0.1","1005.4","0.0","0.13","0.0","0.0"
"2026/09/01 20:23:00","25.7","77.6","271","356","189","1.0","2.0","0.3","1005.4","0.0","0.13","0.0","0.0"
"2026/09/01 20:24:00","25.7","77.6","272","333","233","1.2","1.9","0.6","1005.4","0.0","0.13","0.0","0.0"
"2026/09/01 20:25:00","25.7","77.8","253","324","130","0.6","1.4","0.1","1005.4","0.0","0.13","0.0","0.0"
"2026/09/01 20:26:00","25.6","77.7","221","319","151","0.7","1.2","0.2","1005.4","0.0","0.13","0.0","0.0"
"2026/09/01 20:27:00","25.6","78.0","245","035","119","0.6","1.0","0.1","1005.4","0.0","0.13","0.0","0.0"
"2026/09/01 20:28:00","25.6","78.3","304","050","251","0.8","1.5","0.1","1005.4","0.0","0.13","0.0","0.0"
"2026/09/01 20:29:00","25.6","78.7","253","323","164","0.7","1.5","0.1","1005.4","0.0","0.13","0.0","0.0"
"2026/09/01 20:30:00","25.6","79.2","265","342","110","0.7","1.5","0.1","1005.4","0.0","0.13","0.0","0.0"
"2026/09/01 20:31:00","25.6","79.4","275","044","128","0.7","1.4","0.1","1005.3","0.1","0.14","0.0","0.0"
"2026/09/01 20:32:00","25.6","79.6","275","308","251","1.3","1.8","0.8","1005.3","0.4","0.14","0.0","0.0"
"2026/09/01 20:33:00","25.6","79.9","257","027","109","1.0","1.9","0.1","1005.3","0.0","0.14","0.0","0.0"
"2026/09/01 20:34:00","25.6","80.1","271","350","163","1.0","1.9","0.1","1005.3","0.0","0.14","0.0","0.0"
"2026/09/01 20:35:00","25.5","80.2","282","308","238","1.4","2.0","0.5","1005.3","0.0","0.14","0.0","0.0"
"2026/09/01 20:36:00","25.5","80.4","286","317","266","1.4","2.0","0.6","1005.3","0.3","0.15","0.0","0.0"
"2026/09/01 20:37:00","25.5","80.5","281","337","217","1.3","1.9","0.4","1005.3","0.0","0.15","0.0","0.0"
"2026/09/01 20:38:00","25.5","80.7","263","308","147","1.0","1.9","0.2","1005.3","0.0","0.15","0.0","0.0"
"2026/09/01 20:39:00","25.5","80.7","269","309","218","1.2","1.8","0.5","1005.3","0.0","0.15","0.0","0.0"
"2026/09/01 20:40:00","25.4","80.8","300","331","267","1.5","2.2","0.8","1005.3","0.0","0.15","0.0","0.0"
"2026/09/01 20:41:00","25.5","81.2","273","080","159","0.6","1.5","0.0","1005.3","0.0","0.15","0.0","0.0"
"2026/09/01 20:42:00","25.4","81.5","227","340","120","0.5","0.9","0.1","1005.4","0.4","0.16","0.0","0.0"
"2026/09/01 20:43:00","25.5","81.7","252","014","084","0.7","1.6","0.1","1005.4","1.1","0.18","0.0","0.0"
"2026/09/01 20:44:00","25.4","81.6","292","009","145","0.8","1.7","0.1","1005.4","1.9","0.21","0.0","0.0"
"2026/09/01 20:45:00","25.4","81.7","296","329","272","1.4","2.1","0.8","1005.4","0.0","0.21","0.0","0.0"
"2026/09/01 20:46:00","25.4","82.1","283","089","170","0.9","1.6","0.2","1005.4","0.3","0.22","0.0","0.0"
"2026/09/01 20:47:00","25.4","82.4","281","078","118","0.5","1.3","0.1","1005.4","1.4","0.24","0.0","0.0"
"2026/09/01 20:48:00","25.4","82.7","245","014","159","0.5","1.1","0.1","1005.4","1.3","0.26","0.0","0.0"
"2026/09/01 20:49:00","25.4","82.9","287","089","122","0.7","1.9","0.0","1005.4","13.8","0.52","0.0","0.0"
"2026/09/01 20:50:00","25.4","83.1","282","030","159","0.9","1.8","0.2","1005.4","7.7","0.63","0.0","0.0"
"2026/09/01 20:51:00","25.3","83.2","281","339","212","1.4","2.5","0.2","1005.4","0.6","0.63","0.0","0.0"
"2026/09/01 20:52:00","25.3","83.4","268","033","181","0.8","1.7","0.3","1005.4","0.0","0.63","0.0","0.0"
"2026/09/01 20:53:00","25.3","83.6","262","035","119","0.9","1.8","0.2","1005.4","0.0","0.63","0.0","0.0"
"2026/09/01 20:54:00","25.2","83.8","269","016","159","1.0","2.2","0.1","1005.4","0.0","0.63","0.0","0.0"
"2026/09/01 20:55:00","25.2","84.0","277","043","205","0.9","2.0","0.3","1005.4","0.0","0.63","0.0","0.0"
"2026/09/01 20:56:00","25.2","84.2","271","320","203","1.3","2.1","0.2","1005.4","0.0","0.63","0.0","0.0"
"2026/09/01 20:57:00","25.2","84.3","284","321","227","1.2","2.1","0.4","1005.4","0.0","0.63","0.0","0.0"
"2026/09/01 20:58:00","25.2","84.5","276","346","215","0.8","1.8","0.1","1005.4","0.0","0.63","0.0","0.0"
"2026/09/01 20:59:00","25.2","84.4","289","336","245","1.6","2.4","0.5","1005.4","0.0","0.63","0.0","0.0"
"2026/09/01 21:00:00","25.1","84.6","271","329","187","1.1","2.2","0.1","1005.4","0.1","0.64","0.0","0.0"
"2026/09/01 21:01:00","25.1","84.6","278","358","149","1.1","2.4","0.1","1005.4","0.5","0.65","0.0","0.0"
"2026/09/01 21:02:00","25.1","84.6","241","318","122","1.1","2.2","0.2","1005.4","0.1","0.65","0.0","0.0"
"2026/09/01 21:03:00","25.1","84.7","250","302","117","1.4","2.6","0.2","1005.4","0.0","0.65","0.0","0.0"
"2026/09/01 21:04:00","25.1","84.5","249","301","121","1.5","3.0","0.3","1005.4","0.0","0.65","0.0","0.0"
"2026/09/01 21:05:00","25.0","84.5","267","324","184","1.5","2.8","0.4","1005.4","0.0","0.65","0.0","0.0"
"2026/09/01 21:06:00","25.0","84.6","259","353","206","1.4","2.9","0.3","1005.4","0.0","0.65","0.0","0.0"
"2026/09/01 21:07:00","24.9","84.3","274","296","175","2.1","3.1","0.5","1005.4","0.0","0.65","0.0","0.0"
"2026/09/01 21:08:00","24.9","84.3","271","328","235","1.7","2.8","0.4","1005.4","0.0","0.65","0.0","0.0"
"2026/09/01 21:09:00","24.9","84.3","272","337","220","1.9","2.9","0.4","1005.3","0.0","0.65","0.0","0.0"
"2026/09/01 21:10:00","24.8","84.3","269","315","135","1.7","3.1","0.4","1005.3","0.0","0.65","0.0","0.0"
"2026/09/01 21:11:00","24.8","84.3","276","320","228","2.1","2.9","0.6","1005.3","0.0","0.65","0.0","0.0"
"2026/09/01 21:12:00","24.8","84.4","265","030","185","1.3","2.3","0.3","1005.4","0.0","0.65","0.0","0.0"
"2026/09/01 21:13:00","24.8","84.5","267","018","160","1.3","2.3","0.4","1005.4","0.0","0.65","0.0","0.0"
"2026/09/01 21:14:00","24.8","84.6","265","318","214","1.4","2.3","0.5","1005.4","0.0","0.65","0.0","0.0"
"2026/09/01 21:15:00","24.8","84.7","280","352","191","1.9","2.6","0.5","1005.3","0.0","0.65","0.0","0.0"
"2026/09/01 21:16:00","24.8","84.6","272","295","220","2.1","2.9","0.6","1005.3","0.0","0.65","0.0","0.0"
"2026/09/01 21:17:00","24.8","84.7","277","306","237","2.1","2.9","0.6","1005.3","0.0","0.65","0.0","0.0"
"2026/09/01 21:18:00","24.7","84.6","291","310","237","1.8","2.8","0.6","1005.3","0.0","0.65","0.0","0.0"
"2026/09/01 21:19:00","24.7","84.7","271","309","170","1.3","2.6","0.4","1005.3","0.0","0.65","0.0","0.0"
"2026/09/01 21:20:00","24.7","84.7","311","041","256","1.5","2.7","0.2","1005.3","0.0","0.65","0.0","0.0"
"2026/09/01 21:21:00","24.7","84.9","296","323","238","1.7","2.3","0.8","1005.3","0.0","0.65","0.0","0.0"
"2026/09/01 21:22:00","24.7","84.9","305","357","201","1.6","2.5","0.2","1005.3","0.0","0.65","0.0","0.0"
"2026/09/01 21:23:00","24.7","85.0","299","001","264","1.7","2.4","0.6","1005.3","0.0","0.65","0.0","0.0"
"2026/09/01 21:24:00","24.8","85.2","274","054","153","0.5","1.1","0.1","1005.3","0.0","0.65","0.0","0.0"
"2026/09/01 21:25:00","24.8","85.3","309","060","189","0.6","1.6","0.2","1005.3","0.0","0.65","0.0","0.0"
"2026/09/01 21:26:00","24.7","85.3","302","061","166","0.8","1.7","0.1","1005.2","0.0","0.65","0.0","0.0"
"2026/09/01 21:27:00","24.7","85.3","316","105","215","0.5","1.3","0.1","1005.3","0.0","0.65","0.0","0.0"
"2026/09/01 21:28:00","24.7","85.4","253","319","143","0.8","1.6","0.2","1005.2","0.0","0.65","0.0","0.0"
"2026/09/01 21:29:00","24.7","85.4","268","309","169","1.3","2.3","0.3","1005.2","0.0","0.65","0.0","0.0"
"2026/09/01 21:30:00","24.7","85.4","285","031","196","0.9","2.2","0.1","1005.2","0.0","0.65","0.0","0.0"
"2026/09/01 21:31:00","24.7","85.4","301","068","175","1.0","2.1","0.1","1005.2","0.0","0.65","0.0","0.0"
"2026/09/01 21:32:00","24.7","85.3","291","352","188","1.6","2.3","0.5","1005.3","0.1","0.65","0.0","0.0"
"2026/09/01 21:33:00","24.7","85.4","294","065","193","0.9","2.2","0.2","1005.3","0.1","0.65","0.0","0.0"
"2026/09/01 21:34:00","24.7","85.6","284","357","207","1.0","1.9","0.3","1005.3","1.4","0.68","0.0","0.0"
"2026/09/01 21:35:00","24.7","85.5","318","000","213","1.3","2.4","0.2","1005.3","8.3","0.84","0.0","0.0"
"2026/09/01 21:36:00","24.6","85.3","323","347","306","2.0","2.7","1.4","1005.3","15.1","1.09","0.0","0.0"
"2026/09/01 21:37:00","24.6","85.5","321","332","303","1.9","2.6","0.9","1005.3","3.5","1.13","0.0","0.0"
"2026/09/01 21:38:00","24.6","85.6","318","342","272","1.8","2.4","1.2","1005.3","0.5","1.14","0.0","0.0"
"2026/09/01 21:39:00","24.6","85.7","326","343","300","1.8","2.4","1.2","1005.3","0.2","1.14","0.0","0.0"
"2026/09/01 21:40:00","24.6","85.6","321","336","300","1.9","2.6","1.4","1005.3","0.2","1.14","0.0","0.0"
"2026/09/01 21:41:00","24.6","85.8","312","333","288","1.7","2.4","1.1","1005.3","0.0","1.15","0.0","0.0"
"2026/09/01 21:42:00","24.6","86.2","298","354","219","1.1","2.2","0.4","1005.3","0.0","1.15","0.0","0.0"
"2026/09/01 21:43:00","24.6","86.3","292","343","164","0.9","1.4","0.2","1005.3","0.0","1.15","0.0","0.0"
"2026/09/01 21:44:00","24.6","86.5","246","077","113","0.4","0.9","0.1","1005.3","0.0","1.15","0.0","0.0"
"2026/09/01 21:45:00","24.6","86.6","242","319","099","0.5","1.0","0.1","1005.3","0.0","1.15","0.0","0.0"
"2026/09/01 21:46:00","24.6","86.7","250","070","089","0.3","0.8","0.0","1005.3","2.0","1.20","0.0","0.0"
"2026/09/01 21:47:00","24.6","86.8","290","064","168","0.5","1.1","0.1","1005.3","11.1","1.38","0.0","0.0"
"2026/09/01 21:48:00","24.6","86.8","286","073","198","0.9","1.6","0.1","1005.2","6.3","1.48","0.0","0.0"
"2026/09/01 21:49:00","24.6","86.9","269","018","211","0.7","1.4","0.2","1005.2","4.1","1.55","0.0","0.0"
"2026/09/01 21:50:00","24.6","87.0","288","027","187","0.5","1.0","0.1","1005.2","3.4","1.60","0.0","0.0"
"2026/09/01 21:51:00","24.6","87.1","294","089","155","0.4","0.9","0.0","1005.2","0.9","1.61","0.0","0.0"
"2026/09/01 21:52:00","24.6","87.2","312","092","162","0.5","1.5","0.0","1005.2","0.0","1.61","0.0","0.0"
"2026/09/01 21:53:00","24.5","87.2","269","049","127","0.7","1.4","0.2","1005.2","0.0","1.61","0.0","0.0"
"2026/09/01 21:54:00","24.5","87.2","266","012","122","0.9","1.7","0.2","1005.2","0.0","1.61","0.0","0.0"
"2026/09/01 21:55:00","24.5","86.9","290","325","253","1.3","2.1","0.6","1005.2","0.0","1.61","0.0","0.0"
"2026/09/01 21:56:00","24.4","86.9","291","319","265","1.4","2.0","0.6","1005.2","4.0","1.69","0.0","0.0"
"2026/09/01 21:57:00","24.4","86.7","286","312","231","1.9","3.0","0.8","1005.1","2.1","1.72","0.0","0.0"
"2026/09/01 21:58:00","24.3","86.7","293","354","234","1.9","2.8","0.6","1005.1","0.8","1.73","0.0","0.0"
"2026/09/01 21:59:00","24.3","86.7","296","325","240","2.0","2.6","1.0","1005.1","0.4","1.74","0.0","0.0"
"2026/09/01 22:00:00","24.3","86.7","288","317","242","2.2","3.2","1.0","1005.1","0.2","1.74","0.0","0.0"
"2026/09/01 22:01:00","24.3","86.6","306","335","267","2.1","3.1","1.2","1005.1","0.0","1.74","0.0","0.0"
"2026/09/01 22:02:00","24.3","86.7","296","347","228","1.8","2.9","0.4","1005.1","0.0","1.74","0.0","0.0"
"2026/09/01 22:03:00","24.3","86.7","302","325","274","1.9","2.7","0.9","1005.1","0.0","1.74","0.0","0.0"
"2026/09/01 22:04:00","24.3","86.7","278","345","131","1.3","2.7","0.2","1005.1","0.0","1.74","0.0","0.0"
"2026/09/01 22:05:00","24.3","86.8","236","329","120","0.9","2.2","0.2","1005.1","0.0","1.74","0.0","0.0"
"2026/09/01 22:06:00","24.3","86.9","266","045","188","1.2","2.4","0.3","1005.1","0.0","1.74","0.0","0.0"
"2026/09/01 22:07:00","24.3","87.0","248","020","105","0.8","1.9","0.1","1005.1","0.0","1.74","0.0","0.0"
"2026/09/01 22:08:00","24.3","87.1","281","006","178","1.2","2.2","0.1","1005.1","0.0","1.75","0.0","0.0"
"2026/09/01 22:09:00","24.3","87.1","287","347","249","1.8","2.7","0.7","1005.1","1.2","1.77","0.0","0.0"
"2026/09/01 22:10:00","24.2","87.2","297","325","269","1.4","2.1","0.9","1005.1","0.4","1.77","0.0","0.0"
"2026/09/01 22:11:00","24.2","87.3","293","319","245","1.6","2.4","0.7","1005.1","0.0","1.77","0.0","0.0"
"2026/09/01 22:12:00","24.3","87.5","279","050","159","0.7","1.6","0.1","1005.1","0.0","1.77","0.0","0.0"
"2026/09/01 22:13:00","24.3","87.6","276","056","144","0.6","1.1","0.1","1005.1","0.0","1.77","0.0","0.0"
"2026/09/01 22:14:00","24.3","87.6","273","327","142","1.3","2.4","0.2","1005.1","0.7","1.79","0.0","0.0"
"2026/09/01 22:15:00","24.2","87.6","310","333","283","1.7","2.3","1.1","1005.1","0.1","1.79","0.0","0.0"
"2026/09/01 22:16:00","24.2","87.7","283","046","167","1.3","2.6","0.3","1005.1","0.0","1.79","0.0","0.0"
"2026/09/01 22:17:00","24.2","87.8","253","062","121","0.8","2.0","0.1","1005.1","0.0","1.79","0.0","0.0"
"2026/09/01 22:18:00","24.2","87.9","219","331","099","0.4","1.0","0.1","1005.1","0.0","1.79","0.0","0.0"
"2026/09/01 22:19:00","24.2","87.9","234","315","095","0.9","2.3","0.1","1005.1","0.0","1.79","0.0","0.0"
"2026/09/01 22:20:00","24.2","87.9","282","010","164","1.2","2.2","0.1","1005.1","0.0","1.79","0.0","0.0"
"2026/09/01 22:21:00","24.1","87.8","284","314","173","1.6","2.6","0.4","1005.1","0.7","1.81","0.0","0.0"
"2026/09/01 22:22:00","24.1","88.0","270","328","176","1.0","2.2","0.3","1005.1","0.0","1.81","0.0","0.0"
"2026/09/01 22:23:00","24.1","88.0","257","032","188","1.3","2.7","0.3","1005.1","0.2","1.81","0.0","0.0"
"2026/09/01 22:24:00","24.1","88.0","287","033","226","1.6","2.9","0.6","1005.1","3.5","1.87","0.0","0.0"
"2026/09/01 22:25:00","24.1","88.0","268","008","184","1.5","2.6","0.2","1005.1","6.0","1.97","0.0","0.0"
"2026/09/01 22:26:00","24.1","88.1","273","331","209","1.5","2.4","0.5","1005.1","7.4","2.09","0.0","0.0"
"2026/09/01 22:27:00","24.1","88.2","287","002","181","1.6","2.5","0.3","1005.1","2.5","2.14","0.0","0.0"
"2026/09/01 22:28:00","24.1","88.2","266","069","148","0.9","1.7","0.2","1005.1","0.7","2.15","0.0","0.0"
"2026/09/01 22:29:00","24.1","88.3","299","338","257","1.3","2.0","0.2","1005.1","0.8","2.16","0.0","0.0"
"2026/09/01 22:30:00","24.1","88.4","296","020","208","1.0","1.7","0.2","1005.1","1.7","2.19","0.0","0.0"
"2026/09/01 22:31:00","24.1","88.5","291","347","217","0.9","1.7","0.3","1005.1","2.3","2.23","0.0","0.0"
"2026/09/01 22:32:00","24.1","88.6","314","056","214","0.6","1.2","0.1","1005.1","1.5","2.26","0.0","0.0"
"2026/09/01 22:33:00","24.1","88.7","001","196","219","0.4","1.1","0.0","1005.2","2.0","2.29","0.0","0.0"
"2026/09/01 22:34:00","24.1","88.7","316","125","198","0.6","1.2","0.1","1005.2","0.8","2.31","0.0","0.0"
"2026/09/01 22:35:00","24.0","88.7","262","020","176","0.9","1.8","0.2","1005.2","0.8","2.32","0.0","0.0"
"2026/09/01 22:36:00","24.0","88.7","271","320","199","1.1","2.0","0.3","1005.2","0.7","2.33","0.0","0.0"
"2026/09/01 22:37:00","24.0","88.7","269","082","111","0.3","0.8","0.0","1005.2","1.5","2.36","0.0","0.0"
"2026/09/01 22:38:00","24.0","88.8","271","032","172","0.7","1.2","0.1","1005.2","0.8","2.37","0.0","0.0"
"2026/09/01 22:39:00","24.0","88.9","293","049","161","0.5","1.4","0.1","1005.2","0.5","2.38","0.0","0.0"
"2026/09/01 22:40:00","24.0","88.9","230","266","089","0.7","1.8","0.1","1005.2","0.1","2.39","0.0","0.0"
"2026/09/01 22:41:00","24.0","88.9","244","317","195","1.0","1.8","0.4","1005.2","0.0","2.39","0.0","0.0"
"2026/09/01 22:42:00","23.9","88.9","234","279","206","0.9","1.3","0.3","1005.2","0.0","2.39","0.0","0.0"
"2026/09/01 22:43:00","23.9","88.9","229","293","174","0.5","1.1","0.0","1005.2","0.1","2.39","0.0","0.0"
"2026/09/01 22:44:00","23.9","88.9","260","338","215","0.9","1.5","0.3","1005.2","0.3","2.40","0.0","0.0"
"2026/09/01 22:45:00","23.9","88.9","269","059","194","1.0","1.9","0.2","1005.2","1.5","2.42","0.0","0.0"
"2026/09/01 22:46:00","23.9","88.9","289","343","255","1.3","2.1","0.5","1005.2","4.1","2.49","0.0","0.0"
"2026/09/01 22:47:00","23.9","89.0","294","016","199","1.2","2.2","0.2","1005.2","2.2","2.53","0.0","0.0"
"2026/09/01 22:48:00","23.8","89.0","240","331","140","1.1","2.2","0.2","1005.2","2.0","2.56","0.0","0.0"
"2026/09/01 22:49:00","23.9","89.1","229","320","092","0.7","1.9","0.1","1005.1","0.3","2.57","0.0","0.0"
"2026/09/01 22:50:00","23.9","89.1","255","331","114","0.9","1.7","0.2","1005.2","0.0","2.57","0.0","0.0"
"2026/09/01 22:51:00","23.9","89.2","234","002","112","0.7","2.3","0.1","1005.2","0.0","2.57","0.0","0.0"
"2026/09/01 22:52:00","23.9","89.1","280","311","249","1.9","2.5","1.0","1005.1","0.0","2.57","0.0","0.0"
"2026/09/01 22:53:00","23.8","89.1","242","295","171","1.1","2.5","0.2","1005.1","0.0","2.57","0.0","0.0"
"2026/09/01 22:54:00","23.8","89.2","241","335","084","0.7","1.5","0.1","1005.1","0.0","2.57","0.0","0.0"
"2026/09/01 22:55:00","23.8","89.2","258","329","166","0.9","2.0","0.1","1005.2","0.0","2.57","0.0","0.0"
"2026/09/01 22:56:00","23.8","89.2","231","262","175","1.0","1.6","0.3","1005.2","0.0","2.57","0.0","0.0"
"2026/09/01 22:57:00","23.8","89.2","244","284","169","0.9","1.8","0.1","1005.2","0.0","2.57","0.0","0.0"
"2026/09/01 22:58:00","23.8","89.1","248","285","211","1.1","1.8","0.5","1005.2","0.0","2.57","0.0","0.0"
"2026/09/01 22:59:00","23.8","89.2","258","028","156","0.6","1.2","0.1","1005.2","0.0","2.57","0.0","0.0"
"2026/09/01 23:00:00","23.8","89.2","258","012","165","0.7","1.6","0.1","1005.2","0.0","2.57","0.0","0.0"
"2026/09/01 23:01:00","23.8","89.2","216","338","083","0.5","1.2","0.1","1005.2","0.0","2.57","0.0","0.0"
"2026/09/01 23:02:00","23.8","89.3","259","327","116","0.8","1.5","0.0","1005.2","0.0","2.57","0.0","0.0"
"2026/09/01 23:03:00","23.8","89.3","257","299","149","0.7","1.2","0.2","1005.1","0.0","2.57","0.0","0.0"
"2026/09/01 23:04:00","23.8","89.3","265","350","149","0.5","1.4","0.0","1005.1","0.0","2.57","0.0","0.0"
"2026/09/01 23:05:00","23.8","89.3","255","359","184","0.9","1.5","0.2","1005.1","0.0","2.57","0.0","0.0"
"2026/09/01 23:06:00","23.8","89.3","247","310","195","0.7","1.1","0.1","1005.1","0.0","2.57","0.0","0.0"
"2026/09/01 23:07:00","23.8","89.2","253","325","206","0.7","1.2","0.1","1005.1","0.0","2.57","0.0","0.0"
"2026/09/01 23:08:00","23.8","89.2","282","003","191","0.8","2.0","0.1","1005.1","0.0","2.57","0.0","0.0"
"2026/09/01 23:09:00","23.7","89.1","289","302","275","1.5","2.0","1.1","1005.1","0.0","2.57","0.0","0.0"
"2026/09/01 23:10:00","23.7","89.1","255","066","132","1.0","2.0","0.2","1005.1","0.0","2.57","0.0","0.0"
"2026/09/01 23:11:00","23.7","89.1","279","028","227","1.0","1.5","0.3","1005.1","0.0","2.57","0.0","0.0"
"2026/09/01 23:12:00","23.7","89.2","280","326","230","0.9","1.6","0.2","1005.1","0.0","2.57","0.0","0.0"
"2026/09/01 23:13:00","23.8","89.2","282","029","208","0.7","1.2","0.1","1005.1","0.0","2.57","0.0","0.0"
"2026/09/01 23:14:00","23.8","89.2","271","314","197","0.7","1.1","0.2","1005.1","0.0","2.57","0.0","0.0"
"2026/09/01 23:15:00","23.8","89.2","283","090","223","0.7","1.3","0.1","1005.1","0.0","2.57","0.0","0.0"
"2026/09/01 23:16:00","23.8","89.2","244","339","132","0.6","1.1","0.0","1005.1","0.0","2.57","0.0","0.0"
"2026/09/01 23:17:00","23.8","89.2","235","274","154","1.0","1.5","0.4","1005.1","0.0","2.57","0.0","0.0"
"2026/09/01 23:18:00","23.8","89.2","252","295","184","1.0","1.6","0.2","1005.1","0.0","2.57","0.0","0.0"
"2026/09/01 23:19:00","23.8","89.2","278","049","171","0.5","1.1","0.1","1005.1","0.0","2.57","0.0","0.0"
"2026/09/01 23:20:00","23.8","89.2","259","013","198","1.1","2.1","0.1","1005.1","0.0","2.57","0.0","0.0"
"2026/09/01 23:21:00","23.8","89.2","266","340","179","0.9","2.0","0.3","1005.1","0.0","2.57","0.0","0.0"
"2026/09/01 23:22:00","23.8","89.1","250","298","171","1.1","1.8","0.4","1005.0","0.0","2.57","0.0","0.0"
"2026/09/01 23:23:00","23.8","89.1","261","291","220","1.3","1.9","0.6","1005.1","0.0","2.57","0.0","0.0"
"2026/09/01 23:24:00","23.8","89.1","263","336","211","1.0","2.3","0.1","1005.1","0.0","2.57","0.0","0.0"
"2026/09/01 23:25:00","23.7","89.1","257","345","167","0.8","2.0","0.2","1005.1","0.0","2.57","0.0","0.0"
"2026/09/01 23:26:00","23.7","89.1","257","021","166","0.5","1.2","0.1","1005.1","0.0","2.57","0.0","0.0"
"2026/09/01 23:27:00","23.7","89.1","255","049","111","0.6","1.5","0.1","1005.1","0.0","2.57","0.0","0.0"
"2026/09/01 23:28:00","23.7","89.1","271","321","213","0.8","1.6","0.1","1005.1","0.0","2.57","0.0","0.0"
"2026/09/01 23:29:00","23.7","89.1","278","325","223","0.7","1.5","0.2","1005.1","0.0","2.57","0.0","0.0"
"2026/09/01 23:30:00","23.7","89.1","250","339","168","0.8","1.4","0.1","1005.1","0.0","2.57","0.0","0.0"
"2026/09/01 23:31:00","23.7","89.1","239","290","157","0.7","1.4","0.3","1005.1","0.0","2.57","0.0","0.0"
"2026/09/01 23:32:00","23.8","89.1","237","304","157","0.6","1.1","0.1","1005.1","0.0","2.57","0.0","0.0"
"2026/09/01 23:33:00","23.8","89.1","265","342","159","1.0","1.6","0.1","1005.1","0.0","2.57","0.0","0.0"
"2026/09/01 23:34:00","23.8","89.0","252","300","154","0.9","1.7","0.2","1005.1","0.0","2.57","0.0","0.0"
"2026/09/01 23:35:00","23.7","89.0","244","313","144","0.8","1.3","0.2","1005.1","0.0","2.57","0.0","0.0"
"2026/09/01 23:36:00","23.8","89.0","263","008","144","0.8","1.6","0.1","1005.1","0.0","2.57","0.0","0.0"
"2026/09/01 23:37:00","23.8","89.0","246","318","178","0.9","1.5","0.1","1005.1","0.0","2.57","0.0","0.0"
"2026/09/01 23:38:00","23.8","89.0","275","002","212","0.7","1.2","0.3","1005.1","0.0","2.57","0.0","0.0"
"2026/09/01 23:39:00","23.8","89.0","252","315","178","0.6","1.0","0.1","1005.1","0.0","2.57","0.0","0.0"
"2026/09/01 23:40:00","23.8","89.0","290","312","252","1.0","1.7","0.5","1005.1","0.0","2.57","0.0","0.0"
"2026/09/01 23:41:00","23.8","89.0","308","326","295","1.3","2.1","0.8","1005.1","0.0","2.57","0.0","0.0"
"2026/09/01 23:42:00","23.8","89.0","299","350","276","1.6","2.2","0.6","1005.1","0.0","2.57","0.0","0.0"
"2026/09/01 23:43:00","23.8","88.9","305","323","281","1.7","2.2","1.1","1005.1","0.0","2.57","0.0","0.0"
"2026/09/01 23:44:00","23.8","88.9","288","344","243","1.5","2.4","0.5","1005.1","0.0","2.57","0.0","0.0"
"2026/09/01 23:45:00","23.9","88.9","302","345","271","1.5","2.2","0.7","1005.1","0.0","2.57","0.0","0.0"
"2026/09/01 23:46:00","23.9","88.9","284","014","201","1.0","1.9","0.2","1005.0","0.0","2.57","0.0","0.0"
"2026/09/01 23:47:00","23.9","88.9","304","338","215","1.3","2.0","0.2","1005.0","0.0","2.57","0.0","0.0"
"2026/09/01 23:48:00","23.9","88.8","310","327","284","1.4","1.8","0.9","1005.0","0.0","2.57","0.0","0.0"
"2026/09/01 23:49:00","23.9","88.6","329","346","313","1.4","1.9","1.0","1005.0","0.0","2.57","0.0","0.0"
"2026/09/01 23:50:00","23.9","88.5","324","345","295","1.6","2.2","1.1","1005.0","0.0","2.57","0.0","0.0"
"2026/09/01 23:51:00","23.9","88.4","323","000","265","1.5","2.2","0.8","1005.0","0.0","2.57","0.0","0.0"
"2026/09/01 23:52:00","23.9","88.3","332","356","293","1.5","2.0","0.8","1005.0","0.0","2.57","0.0","0.0"
"2026/09/01 23:53:00","23.9","88.4","285","061","190","1.1","1.9","0.2","1005.0","0.0","2.57","0.0","0.0"
"2026/09/01 23:54:00","23.9","88.1","323","333","293","1.4","1.7","0.8","1005.0","0.0","2.57","0.0","0.0"
"2026/09/01 23:55:00","23.9","87.9","342","002","318","1.2","1.7","0.7","1004.9","0.0","2.57","0.0","0.0"
"2026/09/01 23:56:00","23.9","87.9","009","031","348","0.6","1.0","0.3","1004.9","0.0","2.57","0.0","0.0"
"2026/09/01 23:57:00","23.9","88.0","316","025","256","0.7","1.0","0.2","1004.9","0.0","2.57","0.0","0.0"
"2026/09/01 23:58:00","24.0","88.0","279","315","226","0.7","1.2","0.4","1004.9","0.0","2.57","0.0","0.0"
"2026/09/01 23:59:00","24.0","88.1","299","013","271","1.1","1.5","0.3","1004.9","0.0","2.57","0.0","0.0"
"2026/09/02 00:00:00","24.0","88.0","311","336","275","1.4","2.0","0.6","1004.9","0.0","2.57","0.0","0.0"
